success,run_id,seed,best_fitness,stop_mode,budget_value,requested_n_iterations,requested_max_function_evaluations,completed_iterations,n_function_evaluations,unused_function_evaluations,termination_reason,initialization_time_s,execution_time_s,current_python_memory_mb,peak_python_memory_mb,error_type,error_message,benchmark,dim,algorithm
True,0,42,56508443381.133224,function_evaluations,1000000,,1000000,19999,1000000,0,max_function_evaluations,0.00025752800138434395,34.09034741399955,2.3709640502929688,2.679719924926758,,,F1_BentCigar,100,PSO
True,1,43,70206444122.74898,function_evaluations,1000000,,1000000,19999,1000000,0,max_function_evaluations,0.0002497119985491736,38.60832058100095,2.3802108764648438,2.688783645629883,,,F1_BentCigar,100,PSO
True,2,44,43135759798.11288,function_evaluations,1000000,,1000000,19999,1000000,0,max_function_evaluations,0.00024150299941538833,42.662235818001136,2.3426589965820312,2.6505680084228516,,,F1_BentCigar,100,PSO
True,3,45,68466381785.63069,function_evaluations,1000000,,1000000,19999,1000000,0,max_function_evaluations,0.00024313500034622848,32.087696492999385,2.38751220703125,2.6963443756103516,,,F1_BentCigar,100,PSO
True,4,46,36798679497.03911,function_evaluations,1000000,,1000000,19999,1000000,0,max_function_evaluations,0.00017087000014726073,35.04754182599936,2.3832550048828125,2.6913089752197266,,,F1_BentCigar,100,PSO
True,5,47,20611575416.533405,function_evaluations,1000000,,1000000,19999,1000000,0,max_function_evaluations,0.00015790799989190418,38.61189814300087,2.3716049194335938,2.6802539825439453,,,F1_BentCigar,100,PSO
True,6,48,43827988622.827255,function_evaluations,1000000,,1000000,19999,1000000,0,max_function_evaluations,0.00022251999871514272,36.41621039900019,2.3657455444335938,2.6742420196533203,,,F1_BentCigar,100,PSO
True,7,49,33671484687.296513,function_evaluations,1000000,,1000000,19999,1000000,0,max_function_evaluations,0.0002310010004293872,32.896502784000404,2.3901519775390625,2.6986331939697266,,,F1_BentCigar,100,PSO
True,8,50,46857905873.86396,function_evaluations,1000000,,1000000,19999,1000000,0,max_function_evaluations,0.0002732880002440652,35.833864741998696,2.378936767578125,2.6877689361572266,,,F1_BentCigar,100,PSO
True,9,51,30491453590.13775,function_evaluations,1000000,,1000000,19999,1000000,0,max_function_evaluations,0.00021485000070242677,40.000748480000766,2.3863983154296875,2.695505142211914,,,F1_BentCigar,100,PSO
True,10,52,25528909460.235565,function_evaluations,1000000,,1000000,19999,1000000,0,max_function_evaluations,0.00021204699987720232,35.149401679998846,2.3876190185546875,2.696542739868164,,,F1_BentCigar,100,PSO
True,11,53,59446241509.01083,function_evaluations,1000000,,1000000,19999,1000000,0,max_function_evaluations,0.00026659300056053326,40.493629774999135,2.3859329223632812,2.695100784301758,,,F1_BentCigar,100,PSO
True,12,54,30311801243.387398,function_evaluations,1000000,,1000000,19999,1000000,0,max_function_evaluations,0.00027286399927106686,37.91280522800116,2.3710861206054688,2.6798877716064453,,,F1_BentCigar,100,PSO
True,13,55,41629000264.903786,function_evaluations,1000000,,1000000,19999,1000000,0,max_function_evaluations,0.00026681399867811706,34.74358933000076,2.3990478515625,2.707742691040039,,,F1_BentCigar,100,PSO
True,14,56,52623059112.70136,function_evaluations,1000000,,1000000,19999,1000000,0,max_function_evaluations,0.0002904840002884157,33.40906488100154,2.4051666259765625,2.714761734008789,,,F1_BentCigar,100,PSO
True,15,57,40475761705.076,function_evaluations,1000000,,1000000,19999,1000000,0,max_function_evaluations,0.00028293400100665167,36.70690420600113,2.3723983764648438,2.680940628051758,,,F1_BentCigar,100,PSO
True,16,58,59602500804.97035,function_evaluations,1000000,,1000000,19999,1000000,0,max_function_evaluations,0.0002642620002006879,33.352638340998965,2.372406005859375,2.6809940338134766,,,F1_BentCigar,100,PSO
True,17,59,34666571265.66522,function_evaluations,1000000,,1000000,19999,1000000,0,max_function_evaluations,0.0002956709995487472,39.45948107000004,2.3562088012695312,2.664186477661133,,,F1_BentCigar,100,PSO
True,18,60,39725336019.80765,function_evaluations,1000000,,1000000,19999,1000000,0,max_function_evaluations,0.0003032200002053287,36.77360832299928,2.3567962646484375,2.6646671295166016,,,F1_BentCigar,100,PSO
True,19,61,37025862731.521385,function_evaluations,1000000,,1000000,19999,1000000,0,max_function_evaluations,0.0002958739987661829,31.764477830998658,2.3695297241210938,2.6773853302001953,,,F1_BentCigar,100,PSO
True,20,62,22904183180.91458,function_evaluations,1000000,,1000000,19999,1000000,0,max_function_evaluations,0.00029894399995100684,35.287794179999764,2.374359130859375,2.6826419830322266,,,F1_BentCigar,100,PSO
True,21,63,53403071493.2828,function_evaluations,1000000,,1000000,19999,1000000,0,max_function_evaluations,0.0002701360008359188,32.87216540600093,2.403594970703125,2.711557388305664,,,F1_BentCigar,100,PSO
True,22,64,36579632694.22444,function_evaluations,1000000,,1000000,19999,1000000,0,max_function_evaluations,0.0002803150000545429,17.546016248999877,2.3572311401367188,2.6650257110595703,,,F1_BentCigar,100,PSO
True,23,65,38761363900.72164,function_evaluations,1000000,,1000000,19999,1000000,0,max_function_evaluations,0.0002973020000354154,19.307101967999188,2.3890304565429688,2.6976490020751953,,,F1_BentCigar,100,PSO
True,24,66,26565378865.057053,function_evaluations,1000000,,1000000,19999,1000000,0,max_function_evaluations,0.00027887500073120464,17.229257284001505,2.3734970092773438,2.6818103790283203,,,F1_BentCigar,100,PSO
True,0,42,55482159618.072914,function_evaluations,1000000,,1000000,19999,1000000,0,max_function_evaluations,0.0001972739992197603,32.87149029600005,3.15142822265625,3.4661731719970703,,,F1_BentCigar,100,PSOLVIW
True,1,43,59782511778.58207,function_evaluations,1000000,,1000000,19999,1000000,0,max_function_evaluations,0.00023294099992199335,40.31973990500046,3.1832351684570312,3.491525650024414,,,F1_BentCigar,100,PSOLVIW
True,2,44,40651917509.11794,function_evaluations,1000000,,1000000,19999,1000000,0,max_function_evaluations,0.00023872100064181723,35.82510118800019,3.1445846557617188,3.4526615142822266,,,F1_BentCigar,100,PSOLVIW
True,3,45,82060588571.30214,function_evaluations,1000000,,1000000,19999,1000000,0,max_function_evaluations,0.0002293230008945102,38.65634004200001,3.248779296875,3.563997268676758,,,F1_BentCigar,100,PSOLVIW
True,4,46,27187300234.102066,function_evaluations,1000000,,1000000,19999,1000000,0,max_function_evaluations,0.00021594600002572406,38.363762580000184,3.240997314453125,3.549226760864258,,,F1_BentCigar,100,PSOLVIW
True,5,47,28071602979.156254,function_evaluations,1000000,,1000000,19999,1000000,0,max_function_evaluations,0.00024908900013542734,37.71789919999901,3.2535400390625,3.5696887969970703,,,F1_BentCigar,100,PSOLVIW
True,6,48,44683317898.95583,function_evaluations,1000000,,1000000,19999,1000000,0,max_function_evaluations,0.0002647599994816119,35.10167608899974,3.1443405151367188,3.4596805572509766,,,F1_BentCigar,100,PSOLVIW
True,7,49,50620172008.853806,function_evaluations,1000000,,1000000,19999,1000000,0,max_function_evaluations,0.0002550489989516791,35.6649625250011,3.1903762817382812,3.4988040924072266,,,F1_BentCigar,100,PSOLVIW
True,8,50,18087605757.630127,function_evaluations,1000000,,1000000,19999,1000000,0,max_function_evaluations,0.00027335799859429244,34.61567133599965,3.1935272216796875,3.509920120239258,,,F1_BentCigar,100,PSOLVIW
True,9,51,23557995008.764824,function_evaluations,1000000,,1000000,19999,1000000,0,max_function_evaluations,0.0002659149995452026,40.14960036900084,3.267333984375,3.579195022583008,,,F1_BentCigar,100,PSOLVIW
True,10,52,50869352878.33563,function_evaluations,1000000,,1000000,19999,1000000,0,max_function_evaluations,0.0002704580001591239,34.82888855599958,3.1840591430664062,3.493265151977539,,,F1_BentCigar,100,PSOLVIW
True,11,53,42245425138.56971,function_evaluations,1000000,,1000000,19999,1000000,0,max_function_evaluations,0.00027837699963129126,42.62442310699953,3.1164703369140625,3.429323196411133,,,F1_BentCigar,100,PSOLVIW
True,12,54,36904329877.90479,function_evaluations,1000000,,1000000,19999,1000000,0,max_function_evaluations,0.00026378499933343846,39.604683255000054,3.2836685180664062,3.594400405883789,,,F1_BentCigar,100,PSOLVIW
True,13,55,32701438247.318653,function_evaluations,1000000,,1000000,19999,1000000,0,max_function_evaluations,0.000286299999061157,35.04344701399896,3.2333145141601562,3.543161392211914,,,F1_BentCigar,100,PSOLVIW
True,14,56,23600351560.800472,function_evaluations,1000000,,1000000,19999,1000000,0,max_function_evaluations,0.0002691099998628488,35.6015849129999,3.246734619140625,3.5627613067626953,,,F1_BentCigar,100,PSOLVIW
True,15,57,27690259633.825394,function_evaluations,1000000,,1000000,19999,1000000,0,max_function_evaluations,0.0002829269997164374,35.52852464699936,3.2565994262695312,3.5724430084228516,,,F1_BentCigar,100,PSOLVIW
True,16,58,36980283056.90496,function_evaluations,1000000,,1000000,19999,1000000,0,max_function_evaluations,0.00026135900043300353,38.04985966999993,3.1492691040039062,3.4644718170166016,,,F1_BentCigar,100,PSOLVIW
True,17,59,37698603100.70107,function_evaluations,1000000,,1000000,19999,1000000,0,max_function_evaluations,0.00030446100026892964,36.26326471900029,3.1734848022460938,3.4836368560791016,,,F1_BentCigar,100,PSOLVIW
True,18,60,35254673387.74721,function_evaluations,1000000,,1000000,19999,1000000,0,max_function_evaluations,0.0002751439988060156,37.910671831999935,3.219940185546875,3.531923294067383,,,F1_BentCigar,100,PSOLVIW
True,19,61,61358196374.2543,function_evaluations,1000000,,1000000,19999,1000000,0,max_function_evaluations,0.0002792899995256448,34.5070388059994,3.1557998657226562,3.469888687133789,,,F1_BentCigar,100,PSOLVIW
True,20,62,48241409209.50159,function_evaluations,1000000,,1000000,19999,1000000,0,max_function_evaluations,0.0002856269984476967,32.53516938699977,3.1610107421875,3.4741687774658203,,,F1_BentCigar,100,PSOLVIW
True,21,63,36590310771.543686,function_evaluations,1000000,,1000000,19999,1000000,0,max_function_evaluations,0.00030206200062821154,34.77413294500002,3.1820831298828125,3.4908008575439453,,,F1_BentCigar,100,PSOLVIW
True,22,64,30168190092.39183,function_evaluations,1000000,,1000000,19999,1000000,0,max_function_evaluations,0.0003023959998245118,18.581573802001003,3.2330474853515625,3.542604446411133,,,F1_BentCigar,100,PSOLVIW
True,23,65,49815816315.366425,function_evaluations,1000000,,1000000,19999,1000000,0,max_function_evaluations,0.00032010900031309575,17.111058018999756,3.1798782348632812,3.4897098541259766,,,F1_BentCigar,100,PSOLVIW
True,24,66,25544795795.59387,function_evaluations,1000000,,1000000,19999,1000000,0,max_function_evaluations,0.0002728079998632893,16.938124771999355,3.2508163452148438,3.567270278930664,,,F1_BentCigar,100,PSOLVIW
True,0,42,7483249334.308168,function_evaluations,1000000,,1000000,19999,1000000,0,max_function_evaluations,0.00020771299932675902,34.68323075999979,4.270332336425781,4.581521987915039,,,F1_BentCigar,100,PSOTVAC
True,1,43,8793654873.642729,function_evaluations,1000000,,1000000,19999,1000000,0,max_function_evaluations,0.0002142550001735799,34.55046941100045,4.257965087890625,4.572999954223633,,,F1_BentCigar,100,PSOTVAC
True,2,44,5013305144.636015,function_evaluations,1000000,,1000000,19999,1000000,0,max_function_evaluations,0.00015836099919397384,37.89737711199996,4.293251037597656,4.614442825317383,,,F1_BentCigar,100,PSOTVAC
True,3,45,3012264131.4399624,function_evaluations,1000000,,1000000,19999,1000000,0,max_function_evaluations,0.00021516800006793346,34.90461473999858,4.410774230957031,4.748079299926758,,,F1_BentCigar,100,PSOTVAC
True,4,46,4710294720.228192,function_evaluations,1000000,,1000000,19999,1000000,0,max_function_evaluations,0.0002292460012540687,39.8930686470012,4.3459014892578125,4.667093276977539,,,F1_BentCigar,100,PSOTVAC
True,5,47,13580173857.185274,function_evaluations,1000000,,1000000,19999,1000000,0,max_function_evaluations,0.0002848590011126362,38.462882210000316,4.258506774902344,4.573083877563477,,,F1_BentCigar,100,PSOTVAC
True,6,48,2529180897.835771,function_evaluations,1000000,,1000000,19999,1000000,0,max_function_evaluations,0.00018880199968407396,41.88366906800002,4.780601501464844,5.205171585083008,,,F1_BentCigar,100,PSOTVAC
True,7,49,1289617384.1040301,function_evaluations,1000000,,1000000,19999,1000000,0,max_function_evaluations,0.00027914499878534116,39.99711148700044,4.455055236816406,4.810487747192383,,,F1_BentCigar,100,PSOTVAC
True,8,50,924278520.9608623,function_evaluations,1000000,,1000000,19999,1000000,0,max_function_evaluations,0.0002102430007653311,38.44028335300027,4.476112365722656,4.831544876098633,,,F1_BentCigar,100,PSOTVAC
True,9,51,4736503821.415829,function_evaluations,1000000,,1000000,19999,1000000,0,max_function_evaluations,0.0002099089997500414,32.32295433800027,4.280235290527344,4.588846206665039,,,F1_BentCigar,100,PSOTVAC
True,10,52,8362210555.471312,function_evaluations,1000000,,1000000,19999,1000000,0,max_function_evaluations,0.00021873100013181102,33.9947017909999,4.4314422607421875,4.768732070922852,,,F1_BentCigar,100,PSOTVAC
True,11,53,3639063832.332509,function_evaluations,1000000,,1000000,19999,1000000,0,max_function_evaluations,0.00027052199948229827,35.3343783119999,4.3105926513671875,4.631784439086914,,,F1_BentCigar,100,PSOTVAC
True,12,54,5138822334.042519,function_evaluations,1000000,,1000000,19999,1000000,0,max_function_evaluations,0.00027029100056097377,34.52198301399949,4.5367431640625,4.912561416625977,,,F1_BentCigar,100,PSOTVAC
True,13,55,4973533674.314847,function_evaluations,1000000,,1000000,19999,1000000,0,max_function_evaluations,0.00029930100026831497,35.38330289499936,4.3188018798828125,4.639993667602539,,,F1_BentCigar,100,PSOTVAC
True,14,56,2518529363.8007193,function_evaluations,1000000,,1000000,19999,1000000,0,max_function_evaluations,0.00027841699920827523,35.21688538200033,4.258338928222656,4.571512222290039,,,F1_BentCigar,100,PSOTVAC
True,15,57,4410503681.948896,function_evaluations,1000000,,1000000,19999,1000000,0,max_function_evaluations,0.0002906059999077115,40.2222737459997,4.3654632568359375,4.702753067016602,,,F1_BentCigar,100,PSOTVAC
True,16,58,4023123059.046854,function_evaluations,1000000,,1000000,19999,1000000,0,max_function_evaluations,0.00027869900077348575,32.33484288099862,4.326301574707031,4.647493362426758,,,F1_BentCigar,100,PSOTVAC
True,17,59,2875604376.726479,function_evaluations,1000000,,1000000,19999,1000000,0,max_function_evaluations,0.00033642300149949733,35.72313052199934,4.295387268066406,4.617258071899414,,,F1_BentCigar,100,PSOTVAC
True,18,60,1999021548.1136632,function_evaluations,1000000,,1000000,19999,1000000,0,max_function_evaluations,0.0002655989992490504,35.6781721490006,4.4642486572265625,4.819681167602539,,,F1_BentCigar,100,PSOTVAC
True,19,61,4055493363.66732,function_evaluations,1000000,,1000000,19999,1000000,0,max_function_evaluations,0.0002976079995278269,40.344917189000626,4.486381530761719,4.841814041137695,,,F1_BentCigar,100,PSOTVAC
True,20,62,11532641911.803003,function_evaluations,1000000,,1000000,19999,1000000,0,max_function_evaluations,0.0002706539999053348,35.52055099900099,4.25531005859375,4.571016311645508,,,F1_BentCigar,100,PSOTVAC
True,21,63,26688449266.20832,function_evaluations,1000000,,1000000,19999,1000000,0,max_function_evaluations,0.0002857409999705851,35.01038770699961,4.396453857421875,4.733743667602539,,,F1_BentCigar,100,PSOTVAC
True,22,64,12927439673.38869,function_evaluations,1000000,,1000000,19999,1000000,0,max_function_evaluations,0.00026541799888946116,20.695304139000655,4.355216979980469,4.676393508911133,,,F1_BentCigar,100,PSOTVAC
True,23,65,516147005.32055104,function_evaluations,1000000,,1000000,19999,1000000,0,max_function_evaluations,0.00027626799965219107,18.007643318998817,4.374168395996094,4.71147346496582,,,F1_BentCigar,100,PSOTVAC
True,24,66,13962955150.668312,function_evaluations,1000000,,1000000,19999,1000000,0,max_function_evaluations,0.00029166400054236874,19.310105094999017,5.309051513671875,5.832010269165039,,,F1_BentCigar,100,PSOTVAC
True,0,42,48461589075.33005,function_evaluations,1000000,,1000000,19999,1000000,0,max_function_evaluations,0.00025666700094006956,37.03690924199873,3.2822799682617188,3.592988967895508,,,F1_BentCigar,100,APSOVI
True,1,43,63353623503.18717,function_evaluations,1000000,,1000000,19999,1000000,0,max_function_evaluations,0.00025170299886667635,36.81896339099876,3.1197738647460938,3.4328174591064453,,,F1_BentCigar,100,APSOVI
True,2,44,42005098805.51087,function_evaluations,1000000,,1000000,19999,1000000,0,max_function_evaluations,0.0003262350001023151,34.49095806300102,2.9959640502929688,3.3064136505126953,,,F1_BentCigar,100,APSOVI
True,3,45,40182226551.30595,function_evaluations,1000000,,1000000,19999,1000000,0,max_function_evaluations,0.00016953799968177918,38.31550206599968,2.97296142578125,3.2831363677978516,,,F1_BentCigar,100,APSOVI
True,4,46,26495852325.980766,function_evaluations,1000000,,1000000,19999,1000000,0,max_function_evaluations,0.0002041000007011462,41.38628192000033,3.0351333618164062,3.3453845977783203,,,F1_BentCigar,100,APSOVI
True,5,47,42467042919.510086,function_evaluations,1000000,,1000000,19999,1000000,0,max_function_evaluations,0.00021114599985594396,38.25104632299917,2.9498825073242188,3.2610645294189453,,,F1_BentCigar,100,APSOVI
True,6,48,34831628051.7796,function_evaluations,1000000,,1000000,19999,1000000,0,max_function_evaluations,0.00037171700023463927,46.09790317199986,3.0536422729492188,3.3659839630126953,,,F1_BentCigar,100,APSOVI
True,7,49,11587227625.975067,function_evaluations,1000000,,1000000,19999,1000000,0,max_function_evaluations,0.0002881969994632527,38.143509634999646,3.3092880249023438,3.6270389556884766,,,F1_BentCigar,100,APSOVI
True,8,50,15789374413.109798,function_evaluations,1000000,,1000000,19999,1000000,0,max_function_evaluations,0.0002703459995245794,37.391317672001605,2.9995803833007812,3.310792922973633,,,F1_BentCigar,100,APSOVI
True,9,51,19213083428.356075,function_evaluations,1000000,,1000000,19999,1000000,0,max_function_evaluations,0.000215414000194869,37.11808391100021,3.2463607788085938,3.563020706176758,,,F1_BentCigar,100,APSOVI
True,10,52,89745113431.04758,function_evaluations,1000000,,1000000,19999,1000000,0,max_function_evaluations,0.0002253559996461263,40.106906696000806,3.2737655639648438,3.5864505767822266,,,F1_BentCigar,100,APSOVI
True,11,53,45648427391.34584,function_evaluations,1000000,,1000000,19999,1000000,0,max_function_evaluations,0.00029593299950647634,38.0399320230008,3.2558441162109375,3.5711307525634766,,,F1_BentCigar,100,APSOVI
True,12,54,21246306365.443348,function_evaluations,1000000,,1000000,19999,1000000,0,max_function_evaluations,0.0003066949993808521,38.54211843499979,3.018890380859375,3.3271732330322266,,,F1_BentCigar,100,APSOVI
True,13,55,40189857565.68443,function_evaluations,1000000,,1000000,19999,1000000,0,max_function_evaluations,0.00027234899971517734,36.56477370600078,3.2431793212890625,3.560029983520508,,,F1_BentCigar,100,APSOVI
True,14,56,38834670674.32837,function_evaluations,1000000,,1000000,19999,1000000,0,max_function_evaluations,0.0002991399996972177,36.49795666099999,3.0369491577148438,3.3481616973876953,,,F1_BentCigar,100,APSOVI
True,15,57,34612866446.86157,function_evaluations,1000000,,1000000,19999,1000000,0,max_function_evaluations,0.00027906200011784676,38.41364911399978,2.9874038696289062,3.2960376739501953,,,F1_BentCigar,100,APSOVI
True,16,58,56794383453.483055,function_evaluations,1000000,,1000000,19999,1000000,0,max_function_evaluations,0.0002743800014286535,38.96022403200004,2.9638214111328125,3.2724857330322266,,,F1_BentCigar,100,APSOVI
True,17,59,56222476282.81183,function_evaluations,1000000,,1000000,19999,1000000,0,max_function_evaluations,0.00027155499992659315,42.91467453000041,3.2570648193359375,3.5727787017822266,,,F1_BentCigar,100,APSOVI
True,18,60,69903020850.16347,function_evaluations,1000000,,1000000,19999,1000000,0,max_function_evaluations,0.0002736330006882781,38.59977470500053,2.9862747192382812,3.2954883575439453,,,F1_BentCigar,100,APSOVI
True,19,61,57094394623.827,function_evaluations,1000000,,1000000,19999,1000000,0,max_function_evaluations,0.00019671200061566196,38.53780507999909,2.985137939453125,3.293619155883789,,,F1_BentCigar,100,APSOVI
True,20,62,30498367287.02478,function_evaluations,1000000,,1000000,19999,1000000,0,max_function_evaluations,0.000273050998657709,38.63842489699891,2.9840469360351562,3.292360305786133,,,F1_BentCigar,100,APSOVI
True,21,63,15238816423.618769,function_evaluations,1000000,,1000000,19999,1000000,0,max_function_evaluations,0.0003095419997407589,35.69415967999885,3.300201416015625,3.618623733520508,,,F1_BentCigar,100,APSOVI
True,22,64,25255576442.251743,function_evaluations,1000000,,1000000,19999,1000000,0,max_function_evaluations,0.00026751499899546616,18.975712478000787,3.040313720703125,3.349710464477539,,,F1_BentCigar,100,APSOVI
True,23,65,24233734083.803104,function_evaluations,1000000,,1000000,19999,1000000,0,max_function_evaluations,0.00028173799910291564,18.3680958749992,3.0621795654296875,3.3729801177978516,,,F1_BentCigar,100,APSOVI
True,24,66,51127764494.89706,function_evaluations,1000000,,1000000,19999,1000000,0,max_function_evaluations,0.0002712499990593642,18.079215224001018,3.23175048828125,3.5399112701416016,,,F1_BentCigar,100,APSOVI
True,0,42,5115.981146851789,function_evaluations,1000000,,1000000,19607,1000000,0,max_function_evaluations,0.00016497899923706427,108.07508113399854,5.681694984436035,9.732239723205566,,,F1_BentCigar,100,APSO
True,1,43,5759.9900997413515,function_evaluations,1000000,,1000000,19607,1000000,0,max_function_evaluations,0.00017385099999955855,107.99714056899938,5.2574357986450195,9.313870429992676,,,F1_BentCigar,100,APSO
True,2,44,2850.613619980498,function_evaluations,1000000,,1000000,19607,1000000,0,max_function_evaluations,0.00021981600002618507,106.6696817840002,5.502845764160156,9.557052612304688,,,F1_BentCigar,100,APSO
True,3,45,994728.842236741,function_evaluations,1000000,,1000000,19607,1000000,0,max_function_evaluations,0.0003223570001864573,105.77465023700097,5.495809555053711,9.557188034057617,,,F1_BentCigar,100,APSO
True,4,46,228.85768467087087,function_evaluations,1000000,,1000000,19607,1000000,0,max_function_evaluations,0.00033608900048420765,110.16321458899984,5.634857177734375,9.690040588378906,,,F1_BentCigar,100,APSO
True,5,47,28464.402113520464,function_evaluations,1000000,,1000000,19607,1000000,0,max_function_evaluations,0.0002735010002652416,106.89299710799969,5.572185516357422,9.635761260986328,,,F1_BentCigar,100,APSO
True,6,48,1484.551060181713,function_evaluations,1000000,,1000000,19607,1000000,0,max_function_evaluations,0.00036120699951425195,108.48295510400021,5.347257614135742,9.408208847045898,,,F1_BentCigar,100,APSO
True,7,49,11730.213665720943,function_evaluations,1000000,,1000000,19607,1000000,0,max_function_evaluations,0.0004216819997964194,107.70931351199943,5.6858978271484375,9.733776092529297,,,F1_BentCigar,100,APSO
True,8,50,2611.978716061672,function_evaluations,1000000,,1000000,19607,1000000,0,max_function_evaluations,0.00027932299963140395,105.94835489300021,5.7608489990234375,9.822463989257812,,,F1_BentCigar,100,APSO
True,9,51,31483.45134004719,function_evaluations,1000000,,1000000,19607,1000000,0,max_function_evaluations,0.0002833680009644013,109.03197458799877,5.730683326721191,9.80263614654541,,,F1_BentCigar,100,APSO
True,10,52,3446521.738948817,function_evaluations,1000000,,1000000,19607,1000000,0,max_function_evaluations,0.0003440649998083245,108.95956697899965,6.004823684692383,10.064912796020508,,,F1_BentCigar,100,APSO
True,11,53,10697.96282202194,function_evaluations,1000000,,1000000,19607,1000000,0,max_function_evaluations,0.0004410940000525443,123.1783961330002,5.742175102233887,9.80823802947998,,,F1_BentCigar,100,APSO
True,12,54,35054.416039030075,function_evaluations,1000000,,1000000,19607,1000000,0,max_function_evaluations,0.0017626429998927051,121.40835428399987,5.531661033630371,9.581931114196777,,,F1_BentCigar,100,APSO
True,13,55,2822.9291652790043,function_evaluations,1000000,,1000000,19607,1000000,0,max_function_evaluations,0.0004072230003657751,117.89176640899859,5.490715980529785,9.547669410705566,,,F1_BentCigar,100,APSO
True,14,56,5937.637915578931,function_evaluations,1000000,,1000000,19607,1000000,0,max_function_evaluations,0.0003156080001645023,121.4391545469989,5.280625343322754,9.33364200592041,,,F1_BentCigar,100,APSO
True,15,57,546.267089183617,function_evaluations,1000000,,1000000,19607,1000000,0,max_function_evaluations,0.00032689900035620667,119.91236992699851,5.321520805358887,9.383112907409668,,,F1_BentCigar,100,APSO
True,16,58,903.078534530281,function_evaluations,1000000,,1000000,19607,1000000,0,max_function_evaluations,0.00045857900113333017,117.97957261800002,5.588088035583496,9.647147178649902,,,F1_BentCigar,100,APSO
True,17,59,943.2229186827867,function_evaluations,1000000,,1000000,19607,1000000,0,max_function_evaluations,0.0003231110003980575,117.51355335599874,5.350712776184082,9.410534858703613,,,F1_BentCigar,100,APSO
True,18,60,10939.934844611382,function_evaluations,1000000,,1000000,19607,1000000,0,max_function_evaluations,0.00038992300142126624,119.90614944499976,5.666991233825684,9.722716331481934,,,F1_BentCigar,100,APSO
True,19,61,19.419867979298132,function_evaluations,1000000,,1000000,19607,1000000,0,max_function_evaluations,0.0004951209994032979,119.10403876900091,5.5817060470581055,9.648333549499512,,,F1_BentCigar,100,APSO
True,20,62,61367.68389598751,function_evaluations,1000000,,1000000,19607,1000000,0,max_function_evaluations,0.00039507600013166666,119.44286227699922,4.756269454956055,8.804037094116211,,,F1_BentCigar,100,APSO
True,21,63,4743.093770962579,function_evaluations,1000000,,1000000,19607,1000000,0,max_function_evaluations,0.004159074000199325,118.78658729299968,5.402212142944336,9.450895309448242,,,F1_BentCigar,100,APSO
True,22,64,2071.7842024600386,function_evaluations,1000000,,1000000,19607,1000000,0,max_function_evaluations,0.0004936830009683035,37.68063169400011,5.446030616760254,9.510018348693848,,,F1_BentCigar,100,APSO
True,23,65,61367.683895987895,function_evaluations,1000000,,1000000,19607,1000000,0,max_function_evaluations,0.0003417629995965399,36.90096163099952,4.7923479080200195,8.84142780303955,,,F1_BentCigar,100,APSO
True,24,66,28.31452539249682,function_evaluations,1000000,,1000000,19607,1000000,0,max_function_evaluations,0.0005869280012120726,36.469776029998684,5.626105308532715,9.687102317810059,,,F1_BentCigar,100,APSO
True,0,42,43051023309.92282,function_evaluations,1000000,,1000000,19999,1000000,0,max_function_evaluations,0.00041963900002883747,45.91329234600016,3.908513069152832,4.216872215270996,,,F1_BentCigar,100,UAPSO
True,1,43,133106396821.27084,function_evaluations,1000000,,1000000,19999,1000000,0,max_function_evaluations,0.00041407299977436196,46.19111081600022,3.7815113067626953,4.090572357177734,,,F1_BentCigar,100,UAPSO
True,2,44,147246356586.11472,function_evaluations,1000000,,1000000,19999,1000000,0,max_function_evaluations,0.00040855999941413756,39.72809047999908,3.7771530151367188,4.087221145629883,,,F1_BentCigar,100,UAPSO
True,3,45,151568334576.40057,function_evaluations,1000000,,1000000,19999,1000000,0,max_function_evaluations,0.00029070799973851535,42.042707512999186,3.814281463623047,4.125344276428223,,,F1_BentCigar,100,UAPSO
True,4,46,130846250652.89304,function_evaluations,1000000,,1000000,19999,1000000,0,max_function_evaluations,0.0004157580005994532,44.9522749179996,3.8070240020751953,4.116176605224609,,,F1_BentCigar,100,UAPSO
True,5,47,177913417944.6759,function_evaluations,1000000,,1000000,19999,1000000,0,max_function_evaluations,0.0002516410004318459,43.949695667000924,3.7846555709838867,4.093319892883301,,,F1_BentCigar,100,UAPSO
True,6,48,134805435688.27402,function_evaluations,1000000,,1000000,19999,1000000,0,max_function_evaluations,0.00033195000105479266,41.56322327899943,3.8224830627441406,4.13166618347168,,,F1_BentCigar,100,UAPSO
True,7,49,207210443133.82483,function_evaluations,1000000,,1000000,19999,1000000,0,max_function_evaluations,0.00037188499845797196,43.16016549499909,3.775214195251465,4.083481788635254,,,F1_BentCigar,100,UAPSO
True,8,50,101413940786.39699,function_evaluations,1000000,,1000000,19999,1000000,0,max_function_evaluations,0.000343510000675451,44.35987405200103,3.9042272567749023,4.213672637939453,,,F1_BentCigar,100,UAPSO
True,9,51,106426162757.99683,function_evaluations,1000000,,1000000,19999,1000000,0,max_function_evaluations,0.00034392799898341764,45.88722307399985,3.869046211242676,4.18070125579834,,,F1_BentCigar,100,UAPSO
True,10,52,157143535615.3666,function_evaluations,1000000,,1000000,19999,1000000,0,max_function_evaluations,0.00030284199965535663,45.35514287800106,3.841947555541992,4.150703430175781,,,F1_BentCigar,100,UAPSO
True,11,53,79382879715.44806,function_evaluations,1000000,,1000000,19999,1000000,0,max_function_evaluations,0.000437403001342318,41.06909066499975,3.9350290298461914,4.2438154220581055,,,F1_BentCigar,100,UAPSO
True,12,54,117307962200.63522,function_evaluations,1000000,,1000000,19999,1000000,0,max_function_evaluations,0.00040616099977341946,41.34494101099881,3.7982606887817383,4.109244346618652,,,F1_BentCigar,100,UAPSO
True,13,55,147491851762.19632,function_evaluations,1000000,,1000000,19999,1000000,0,max_function_evaluations,0.00029637099942192435,44.13736357699963,3.781031608581543,4.090123176574707,,,F1_BentCigar,100,UAPSO
True,14,56,119265024791.65982,function_evaluations,1000000,,1000000,19999,1000000,0,max_function_evaluations,0.0004215099997963989,46.57048380299966,3.779463768005371,4.089043617248535,,,F1_BentCigar,100,UAPSO
True,15,57,132535570486.22778,function_evaluations,1000000,,1000000,19999,1000000,0,max_function_evaluations,0.000460876999568427,44.87160922300063,3.885622978210449,4.193921089172363,,,F1_BentCigar,100,UAPSO
True,16,58,76049992610.60677,function_evaluations,1000000,,1000000,19999,1000000,0,max_function_evaluations,0.0035449860006337985,44.72960797000087,3.8599472045898438,4.169191360473633,,,F1_BentCigar,100,UAPSO
True,17,59,106959145508.89235,function_evaluations,1000000,,1000000,19999,1000000,0,max_function_evaluations,0.000449551000201609,44.3200928389997,3.8033227920532227,4.113299369812012,,,F1_BentCigar,100,UAPSO
True,18,60,128332627521.18619,function_evaluations,1000000,,1000000,19999,1000000,0,max_function_evaluations,0.0004222739989927504,43.44747941099922,4.1064453125,4.422311782836914,,,F1_BentCigar,100,UAPSO
True,19,61,214688175341.64093,function_evaluations,1000000,,1000000,19999,1000000,0,max_function_evaluations,0.0004154839989496395,42.76313210199987,3.786240577697754,4.096766471862793,,,F1_BentCigar,100,UAPSO
True,20,62,84438309127.38266,function_evaluations,1000000,,1000000,19999,1000000,0,max_function_evaluations,0.0004626949994417373,41.60535004199846,3.824268341064453,4.132963180541992,,,F1_BentCigar,100,UAPSO
True,21,63,183775342967.6814,function_evaluations,1000000,,1000000,19999,1000000,0,max_function_evaluations,0.0006100329992477782,43.91972126700057,3.8284244537353516,4.139774322509766,,,F1_BentCigar,100,UAPSO
True,22,64,212815923298.19797,function_evaluations,1000000,,1000000,19999,1000000,0,max_function_evaluations,0.0004664389998652041,23.48330099300074,3.764815330505371,4.07320499420166,,,F1_BentCigar,100,UAPSO
True,23,65,41036856946.0546,function_evaluations,1000000,,1000000,19999,1000000,0,max_function_evaluations,0.0004995839990442619,22.99746664899976,3.891634941101074,4.203564643859863,,,F1_BentCigar,100,UAPSO
True,24,66,100690662037.79048,function_evaluations,1000000,,1000000,19999,1000000,0,max_function_evaluations,0.0004796349985554116,19.909471576000215,3.795347213745117,4.104255676269531,,,F1_BentCigar,100,UAPSO
True,0,42,4222.106051429941,function_evaluations,1000000,,1000000,19999,1000000,0,max_function_evaluations,0.00028772299992851913,69.47462051800176,2.3616485595703125,2.669656753540039,,,F3_Zakharov,100,PSO
True,1,43,2928.1977179246205,function_evaluations,1000000,,1000000,19999,1000000,0,max_function_evaluations,0.00025019500026246533,67.98648733600203,2.3694000244140625,2.6772098541259766,,,F3_Zakharov,100,PSO
True,2,44,6132.031898973765,function_evaluations,1000000,,1000000,19999,1000000,0,max_function_evaluations,0.0001698989999567857,74.16588908099766,2.3618087768554688,2.6697559356689453,,,F3_Zakharov,100,PSO
True,3,45,4559.66239253634,function_evaluations,1000000,,1000000,19999,1000000,0,max_function_evaluations,0.00016372900063288398,67.99202046600112,2.3993682861328125,2.708047866821289,,,F3_Zakharov,100,PSO
True,4,46,5053.009109253033,function_evaluations,1000000,,1000000,19999,1000000,0,max_function_evaluations,0.00015542700020887423,61.50407775399981,2.3831939697265625,2.691324234008789,,,F3_Zakharov,100,PSO
True,5,47,6936.948554913899,function_evaluations,1000000,,1000000,19999,1000000,0,max_function_evaluations,0.00025704400104586966,73.60961766900073,2.3688201904296875,2.6767826080322266,,,F3_Zakharov,100,PSO
True,6,48,8840.772638196227,function_evaluations,1000000,,1000000,19999,1000000,0,max_function_evaluations,0.000163156000780873,72.72823216399956,2.36700439453125,2.6752567291259766,,,F3_Zakharov,100,PSO
True,7,49,4031.39314400731,function_evaluations,1000000,,1000000,19999,1000000,0,max_function_evaluations,0.00021770599960291293,67.0339348710022,2.3705825805664062,2.679445266723633,,,F3_Zakharov,100,PSO
True,8,50,10014.4301681272,function_evaluations,1000000,,1000000,19999,1000000,0,max_function_evaluations,0.0002506609998818021,65.99011288600013,2.3820037841796875,2.690378189086914,,,F3_Zakharov,100,PSO
True,9,51,4589.812866194697,function_evaluations,1000000,,1000000,19999,1000000,0,max_function_evaluations,0.00022075999913795386,66.60431879899988,2.3746871948242188,2.6828784942626953,,,F3_Zakharov,100,PSO
True,10,52,9283.467294361875,function_evaluations,1000000,,1000000,19999,1000000,0,max_function_evaluations,0.00024793999909888953,62.43242420600109,2.3544921875,2.662729263305664,,,F3_Zakharov,100,PSO
True,11,53,9800.703504420413,function_evaluations,1000000,,1000000,19999,1000000,0,max_function_evaluations,0.0002907499983848538,64.87841156599825,2.4082565307617188,2.7173633575439453,,,F3_Zakharov,100,PSO
True,12,54,4545.994074139918,function_evaluations,1000000,,1000000,19999,1000000,0,max_function_evaluations,0.0002560239990998525,72.03349421799794,2.3828582763671875,2.691049575805664,,,F3_Zakharov,100,PSO
True,13,55,13490.495265287715,function_evaluations,1000000,,1000000,19999,1000000,0,max_function_evaluations,0.0002639189988258295,69.46338941900103,2.3885116577148438,2.697267532348633,,,F3_Zakharov,100,PSO
True,14,56,3872.295807591783,function_evaluations,1000000,,1000000,19999,1000000,0,max_function_evaluations,0.0002695680013857782,67.35587733799912,2.3703689575195312,2.6792774200439453,,,F3_Zakharov,100,PSO
True,15,57,5966.559348127707,function_evaluations,1000000,,1000000,19999,1000000,0,max_function_evaluations,0.00026494800113141537,72.65021794700078,2.3647842407226562,2.673433303833008,,,F3_Zakharov,100,PSO
True,16,58,4235.099023505414,function_evaluations,1000000,,1000000,19999,1000000,0,max_function_evaluations,0.0002834549995895941,68.75440900600006,2.3703765869140625,2.6792545318603516,,,F3_Zakharov,100,PSO
True,17,59,9000.469230836887,function_evaluations,1000000,,1000000,19999,1000000,0,max_function_evaluations,0.0002540179993957281,62.43118621300164,2.39300537109375,2.7017459869384766,,,F3_Zakharov,100,PSO
True,18,60,3476.896824680936,function_evaluations,1000000,,1000000,19999,1000000,0,max_function_evaluations,0.000257105002674507,65.89391319100105,2.3657684326171875,2.6741886138916016,,,F3_Zakharov,100,PSO
True,19,61,5294.355864529533,function_evaluations,1000000,,1000000,19999,1000000,0,max_function_evaluations,0.00025706399901537225,66.1335043700019,2.368896484375,2.676828384399414,,,F3_Zakharov,100,PSO
True,20,62,4756.901201797827,function_evaluations,1000000,,1000000,19999,1000000,0,max_function_evaluations,0.0002658869998413138,67.58061172499947,2.3796234130859375,2.6874942779541016,,,F3_Zakharov,100,PSO
True,21,63,4966.343834930354,function_evaluations,1000000,,1000000,19999,1000000,0,max_function_evaluations,0.00026552099734544754,65.19411316800324,2.3764724731445312,2.684297561645508,,,F3_Zakharov,100,PSO
True,22,64,8388.722988828518,function_evaluations,1000000,,1000000,19999,1000000,0,max_function_evaluations,0.00026015999901574105,34.52476242099874,2.3735733032226562,2.6819629669189453,,,F3_Zakharov,100,PSO
True,23,65,8656.874288185663,function_evaluations,1000000,,1000000,19999,1000000,0,max_function_evaluations,0.0002601369997137226,32.004900844000076,2.3831405639648438,2.691225051879883,,,F3_Zakharov,100,PSO
True,24,66,5180.72737534422,function_evaluations,1000000,,1000000,19999,1000000,0,max_function_evaluations,0.0002933310024673119,31.722100361999765,2.3654251098632812,2.673952102661133,,,F3_Zakharov,100,PSO
True,0,42,3108.6527700281044,function_evaluations,1000000,,1000000,19999,1000000,0,max_function_evaluations,0.00027414800206315704,72.1542799380004,3.425048828125,3.7350940704345703,,,F3_Zakharov,100,PSOLVIW
True,1,43,2028.1860141663992,function_evaluations,1000000,,1000000,19999,1000000,0,max_function_evaluations,0.0002577179984655231,69.72985811599938,3.4905853271484375,3.8117618560791016,,,F3_Zakharov,100,PSOLVIW
True,2,44,3898.8994964585763,function_evaluations,1000000,,1000000,19999,1000000,0,max_function_evaluations,0.00026553499992587604,71.68592454499958,3.4513931274414062,3.7725696563720703,,,F3_Zakharov,100,PSOLVIW
True,3,45,5604.946397185474,function_evaluations,1000000,,1000000,19999,1000000,0,max_function_evaluations,0.00015836300008231774,63.07989210500091,3.34259033203125,3.6516284942626953,,,F3_Zakharov,100,PSOLVIW
True,4,46,8036.172163329895,function_evaluations,1000000,,1000000,19999,1000000,0,max_function_evaluations,0.00021491299776243977,63.673469759,3.3464279174804688,3.6577701568603516,,,F3_Zakharov,100,PSOLVIW
True,5,47,7007.0178296023605,function_evaluations,1000000,,1000000,19999,1000000,0,max_function_evaluations,0.0002560840002843179,66.99405523400128,3.4078826904296875,3.721254348754883,,,F3_Zakharov,100,PSOLVIW
True,6,48,10137.109144707367,function_evaluations,1000000,,1000000,19999,1000000,0,max_function_evaluations,0.00021909299903200008,70.02996560799875,3.4058837890625,3.7181949615478516,,,F3_Zakharov,100,PSOLVIW
True,7,49,1437.176438318363,function_evaluations,1000000,,1000000,19999,1000000,0,max_function_evaluations,0.00021579399981419556,70.2122263889978,3.4655990600585938,3.7867908477783203,,,F3_Zakharov,100,PSOLVIW
True,8,50,2219.031950771593,function_evaluations,1000000,,1000000,19999,1000000,0,max_function_evaluations,0.00021659899721271358,65.56900949400006,3.5173721313476562,3.8546619415283203,,,F3_Zakharov,100,PSOLVIW
True,9,51,2346.351512272966,function_evaluations,1000000,,1000000,19999,1000000,0,max_function_evaluations,0.00022530400019604713,68.91196726399721,3.4498519897460938,3.771028518676758,,,F3_Zakharov,100,PSOLVIW
True,10,52,9563.775397676152,function_evaluations,1000000,,1000000,19999,1000000,0,max_function_evaluations,0.00021409799956018105,70.81005821800136,3.2875442504882812,3.598154067993164,,,F3_Zakharov,100,PSOLVIW
True,11,53,1445.5217809030628,function_evaluations,1000000,,1000000,19999,1000000,0,max_function_evaluations,0.0002860550011973828,66.91322372000286,3.4561614990234375,3.777353286743164,,,F3_Zakharov,100,PSOLVIW
True,12,54,7266.1517053996595,function_evaluations,1000000,,1000000,19999,1000000,0,max_function_evaluations,0.00025482099954388104,63.04182710999885,3.385589599609375,3.7009754180908203,,,F3_Zakharov,100,PSOLVIW
True,13,55,5721.946737929311,function_evaluations,1000000,,1000000,19999,1000000,0,max_function_evaluations,0.0002678540004126262,70.751451068998,3.324951171875,3.639833450317383,,,F3_Zakharov,100,PSOLVIW
True,14,56,4396.856149401676,function_evaluations,1000000,,1000000,19999,1000000,0,max_function_evaluations,0.00027192799825570546,69.60114206900107,3.3748931884765625,3.6935672760009766,,,F3_Zakharov,100,PSOLVIW
True,15,57,2258.489203187299,function_evaluations,1000000,,1000000,19999,1000000,0,max_function_evaluations,0.0002746659993135836,68.71458239599815,3.4549713134765625,3.7761478424072266,,,F3_Zakharov,100,PSOLVIW
True,16,58,5143.766658778817,function_evaluations,1000000,,1000000,19999,1000000,0,max_function_evaluations,0.00029566600278485566,68.99912393100021,3.3727951049804688,3.6923465728759766,,,F3_Zakharov,100,PSOLVIW
True,17,59,10290.185603832695,function_evaluations,1000000,,1000000,19999,1000000,0,max_function_evaluations,0.00026846699984162115,70.60210349999761,3.205352783203125,3.519868850708008,,,F3_Zakharov,100,PSOLVIW
True,18,60,1196.3219700970424,function_evaluations,1000000,,1000000,19999,1000000,0,max_function_evaluations,0.00026663300013751723,67.48880249800277,3.4916229248046875,3.812814712524414,,,F3_Zakharov,100,PSOLVIW
True,19,61,3301.3948860508867,function_evaluations,1000000,,1000000,19999,1000000,0,max_function_evaluations,0.000284906000160845,69.65092349399856,3.4224014282226562,3.7327213287353516,,,F3_Zakharov,100,PSOLVIW
True,20,62,5126.176842199526,function_evaluations,1000000,,1000000,19999,1000000,0,max_function_evaluations,0.0003099429995927494,68.96313008400102,3.4491119384765625,3.7702884674072266,,,F3_Zakharov,100,PSOLVIW
True,21,63,4536.200697272872,function_evaluations,1000000,,1000000,19999,1000000,0,max_function_evaluations,0.00027717300326912664,66.65891143200133,3.8297882080078125,4.228555679321289,,,F3_Zakharov,100,PSOLVIW
True,22,64,10633.93807263621,function_evaluations,1000000,,1000000,19999,1000000,0,max_function_evaluations,0.00027589899764279835,34.85943933700037,3.4571380615234375,3.7783145904541016,,,F3_Zakharov,100,PSOLVIW
True,23,65,7855.318038401669,function_evaluations,1000000,,1000000,19999,1000000,0,max_function_evaluations,0.000265113001660211,33.11056882499906,3.5076751708984375,3.828866958618164,,,F3_Zakharov,100,PSOLVIW
True,24,66,3025.2604695011,function_evaluations,1000000,,1000000,19999,1000000,0,max_function_evaluations,0.0002917620004154742,29.905872298997565,3.3982620239257812,3.712007522583008,,,F3_Zakharov,100,PSOLVIW
True,0,42,1292.980305034856,function_evaluations,1000000,,1000000,19999,1000000,0,max_function_evaluations,0.00017365000167046674,74.09930664999774,5.575477600097656,6.18626594543457,,,F3_Zakharov,100,PSOTVAC
True,1,43,404.06642333075774,function_evaluations,1000000,,1000000,19999,1000000,0,max_function_evaluations,0.0002140949982276652,62.65380580999772,6.702125549316406,7.56468391418457,,,F3_Zakharov,100,PSOTVAC
True,2,44,572.0360578554036,function_evaluations,1000000,,1000000,19999,1000000,0,max_function_evaluations,0.0002261160007037688,73.57368821199998,6.188529968261719,6.910478591918945,,,F3_Zakharov,100,PSOTVAC
True,3,45,1219.1931137606389,function_evaluations,1000000,,1000000,19999,1000000,0,max_function_evaluations,0.00026576600066618994,68.21108224999989,5.667938232421875,6.278726577758789,,,F3_Zakharov,100,PSOTVAC
True,4,46,988.2839659187512,function_evaluations,1000000,,1000000,19999,1000000,0,max_function_evaluations,0.00021131999892531894,73.78408148900053,7.073066711425781,8.019380569458008,,,F3_Zakharov,100,PSOTVAC
True,5,47,525.8736903699927,function_evaluations,1000000,,1000000,19999,1000000,0,max_function_evaluations,0.00017915799980983138,66.73406555400288,6.4437408447265625,7.231836318969727,,,F3_Zakharov,100,PSOTVAC
True,6,48,453.3991284700612,function_evaluations,1000000,,1000000,19999,1000000,0,max_function_evaluations,0.0004946279987052549,68.8537410200006,6.151420593261719,6.873369216918945,,,F3_Zakharov,100,PSOTVAC
True,7,49,572.1713161750793,function_evaluations,1000000,,1000000,19999,1000000,0,max_function_evaluations,0.0005104279989609495,68.47058389599988,6.6595611572265625,7.522134780883789,,,F3_Zakharov,100,PSOTVAC
True,8,50,724.7005949832942,function_evaluations,1000000,,1000000,19999,1000000,0,max_function_evaluations,0.00037341800270951353,67.80581212499965,6.102394104003906,6.824342727661133,,,F3_Zakharov,100,PSOTVAC
True,9,51,427.4414961184518,function_evaluations,1000000,,1000000,19999,1000000,0,max_function_evaluations,0.00036291499782237224,58.07932124900253,6.601112365722656,7.389223098754883,,,F3_Zakharov,100,PSOTVAC
True,10,52,430.4439605720661,function_evaluations,1000000,,1000000,19999,1000000,0,max_function_evaluations,0.0004266989999450743,65.48406970900032,5.910911560058594,6.57402229309082,,,F3_Zakharov,100,PSOTVAC
True,11,53,981.0333893712818,function_evaluations,1000000,,1000000,19999,1000000,0,max_function_evaluations,0.00029386900132521987,64.21114483600104,5.778434753417969,6.389238357543945,,,F3_Zakharov,100,PSOTVAC
True,12,54,750.0005172470283,function_evaluations,1000000,,1000000,19999,1000000,0,max_function_evaluations,0.0002586760019767098,72.73915516600027,5.49383544921875,6.058130264282227,,,F3_Zakharov,100,PSOTVAC
True,13,55,778.3529563732773,function_evaluations,1000000,,1000000,19999,1000000,0,max_function_evaluations,0.00018903900127043016,72.31447872400167,6.544944763183594,7.33305549621582,,,F3_Zakharov,100,PSOTVAC
True,14,56,507.29422289599825,function_evaluations,1000000,,1000000,19999,1000000,0,max_function_evaluations,0.00029485100094461814,66.05863363199751,6.334678649902344,7.05662727355957,,,F3_Zakharov,100,PSOTVAC
True,15,57,579.2525028829712,function_evaluations,1000000,,1000000,19999,1000000,0,max_function_evaluations,0.0002698480020626448,65.40298241500204,6.196929931640625,6.918878555297852,,,F3_Zakharov,100,PSOTVAC
True,16,58,1017.2533287857223,function_evaluations,1000000,,1000000,19999,1000000,0,max_function_evaluations,0.00027449300250736997,74.43906487799904,5.742332458496094,6.35313606262207,,,F3_Zakharov,100,PSOTVAC
True,17,59,387.4128473130311,function_evaluations,1000000,,1000000,19999,1000000,0,max_function_evaluations,0.00027504999889060855,66.67197663600018,6.570137023925781,7.358247756958008,,,F3_Zakharov,100,PSOTVAC
True,18,60,487.6061408803878,function_evaluations,1000000,,1000000,19999,1000000,0,max_function_evaluations,0.0002652139992278535,67.06236352199994,6.014366149902344,6.677461624145508,,,F3_Zakharov,100,PSOTVAC
True,19,61,493.0911151326877,function_evaluations,1000000,,1000000,19999,1000000,0,max_function_evaluations,0.0002765399985946715,69.5084623670009,6.309516906738281,7.031450271606445,,,F3_Zakharov,100,PSOTVAC
True,20,62,1326.2895059224122,function_evaluations,1000000,,1000000,19999,1000000,0,max_function_evaluations,0.00028006499996990897,66.73972644199966,6.9963836669921875,7.858942031860352,,,F3_Zakharov,100,PSOTVAC
True,21,63,338.08089388195833,function_evaluations,1000000,,1000000,19999,1000000,0,max_function_evaluations,0.0002600979969429318,61.92022223700042,5.8514556884765625,6.514566421508789,,,F3_Zakharov,100,PSOTVAC
True,22,64,609.0904242168232,function_evaluations,1000000,,1000000,19999,1000000,0,max_function_evaluations,0.0002749560007941909,38.620617910000874,6.217399597167969,6.939348220825195,,,F3_Zakharov,100,PSOTVAC
True,23,65,369.3858218091924,function_evaluations,1000000,,1000000,19999,1000000,0,max_function_evaluations,0.0002684720020624809,31.030081149998296,5.65887451171875,6.269662857055664,,,F3_Zakharov,100,PSOTVAC
True,24,66,614.3769912014118,function_evaluations,1000000,,1000000,19999,1000000,0,max_function_evaluations,0.0003098519991908688,30.825312545999623,6.32208251953125,7.044031143188477,,,F3_Zakharov,100,PSOTVAC
True,0,42,4510.2088916512885,function_evaluations,1000000,,1000000,19999,1000000,0,max_function_evaluations,0.00017477100118412636,66.90195035399665,3.1884765625,3.5053348541259766,,,F3_Zakharov,100,APSOVI
True,1,43,2135.4076275893467,function_evaluations,1000000,,1000000,19999,1000000,0,max_function_evaluations,0.00017396000112057664,78.2180107719978,3.3208999633789062,3.637216567993164,,,F3_Zakharov,100,APSOVI
True,2,44,2921.698273552039,function_evaluations,1000000,,1000000,19999,1000000,0,max_function_evaluations,0.00021363400082918815,75.21705583899893,3.2955780029296875,3.603578567504883,,,F3_Zakharov,100,APSOVI
True,3,45,4416.077242453831,function_evaluations,1000000,,1000000,19999,1000000,0,max_function_evaluations,0.00039970999932847917,76.23970806099896,3.02496337890625,3.335367202758789,,,F3_Zakharov,100,APSOVI
True,4,46,14230.916277242135,function_evaluations,1000000,,1000000,19999,1000000,0,max_function_evaluations,0.00047658499897806905,67.77379678700163,3.0178298950195312,3.329500198364258,,,F3_Zakharov,100,APSOVI
True,5,47,7131.042815744462,function_evaluations,1000000,,1000000,19999,1000000,0,max_function_evaluations,0.00040837099732016213,68.37259328100117,3.1287002563476562,3.440828323364258,,,F3_Zakharov,100,APSOVI
True,6,48,7228.292162296185,function_evaluations,1000000,,1000000,19999,1000000,0,max_function_evaluations,0.004542528000456514,69.78051415200025,3.07452392578125,3.383096694946289,,,F3_Zakharov,100,APSOVI
True,7,49,3997.644464165057,function_evaluations,1000000,,1000000,19999,1000000,0,max_function_evaluations,0.0004600159991241526,62.94592595400172,3.2653656005859375,3.5784244537353516,,,F3_Zakharov,100,APSOVI
True,8,50,4850.43417508122,function_evaluations,1000000,,1000000,19999,1000000,0,max_function_evaluations,0.00037336800232878886,72.91685732999758,3.0264739990234375,3.3384342193603516,,,F3_Zakharov,100,APSOVI
True,9,51,5716.479868167727,function_evaluations,1000000,,1000000,19999,1000000,0,max_function_evaluations,0.0003565199986041989,70.224732243998,3.0694351196289062,3.3772754669189453,,,F3_Zakharov,100,APSOVI
True,10,52,3061.3101882871842,function_evaluations,1000000,,1000000,19999,1000000,0,max_function_evaluations,0.0004460160016606096,66.78354241600027,3.2696914672851562,3.5822086334228516,,,F3_Zakharov,100,APSOVI
True,11,53,1964.8838805068845,function_evaluations,1000000,,1000000,19999,1000000,0,max_function_evaluations,0.0002909120012191124,72.78297940799894,3.3819198608398438,3.7031192779541016,,,F3_Zakharov,100,APSOVI
True,12,54,1886.2210951047628,function_evaluations,1000000,,1000000,19999,1000000,0,max_function_evaluations,0.00026333700225222856,73.07611765200272,3.2847824096679688,3.5942935943603516,,,F3_Zakharov,100,APSOVI
True,13,55,4860.928512571665,function_evaluations,1000000,,1000000,19999,1000000,0,max_function_evaluations,0.0002682720005395822,66.09218612900077,3.2980422973632812,3.6054248809814453,,,F3_Zakharov,100,APSOVI
True,14,56,2135.383139022674,function_evaluations,1000000,,1000000,19999,1000000,0,max_function_evaluations,0.0002671629990800284,70.04115541200008,3.2752532958984375,3.586709976196289,,,F3_Zakharov,100,APSOVI
True,15,57,5564.2246946003925,function_evaluations,1000000,,1000000,19999,1000000,0,max_function_evaluations,0.0002780460017675068,69.96561957999802,3.238433837890625,3.5559329986572266,,,F3_Zakharov,100,APSOVI
True,16,58,4422.211909554232,function_evaluations,1000000,,1000000,19999,1000000,0,max_function_evaluations,0.0002822189999278635,71.7717984990013,3.251007080078125,3.566537857055664,,,F3_Zakharov,100,APSOVI
True,17,59,6793.869431923471,function_evaluations,1000000,,1000000,19999,1000000,0,max_function_evaluations,0.00029299499874468893,69.70564903299964,3.0327911376953125,3.342782974243164,,,F3_Zakharov,100,APSOVI
True,18,60,2464.3217829130585,function_evaluations,1000000,,1000000,19999,1000000,0,max_function_evaluations,0.0002710879998630844,70.01213312999971,3.2634353637695312,3.5780200958251953,,,F3_Zakharov,100,APSOVI
True,19,61,2239.8826716381795,function_evaluations,1000000,,1000000,19999,1000000,0,max_function_evaluations,0.0002686380030354485,67.13915809299942,3.0382614135742188,3.3478565216064453,,,F3_Zakharov,100,APSOVI
True,20,62,4317.44170112978,function_evaluations,1000000,,1000000,19999,1000000,0,max_function_evaluations,0.00027713699819287285,68.69886496300023,3.2942962646484375,3.6141605377197266,,,F3_Zakharov,100,APSOVI
True,21,63,3951.4653005248,function_evaluations,1000000,,1000000,19999,1000000,0,max_function_evaluations,0.00027241399948252365,65.44105643000148,3.29339599609375,3.6112613677978516,,,F3_Zakharov,100,APSOVI
True,22,64,12196.313961670086,function_evaluations,1000000,,1000000,19999,1000000,0,max_function_evaluations,0.00028908900276292115,34.05901318299948,3.040283203125,3.3501529693603516,,,F3_Zakharov,100,APSOVI
True,23,65,5534.676504769996,function_evaluations,1000000,,1000000,19999,1000000,0,max_function_evaluations,0.00019602099928306416,33.2661209450016,3.1236190795898438,3.4391651153564453,,,F3_Zakharov,100,APSOVI
True,24,66,9171.062550243927,function_evaluations,1000000,,1000000,19999,1000000,0,max_function_evaluations,0.0002641379978740588,30.366266493001604,2.9955673217773438,3.3066272735595703,,,F3_Zakharov,100,APSOVI
True,0,42,194.77480328766683,function_evaluations,1000000,,1000000,19607,1000000,0,max_function_evaluations,0.0002673459966899827,117.5683622539982,5.622369766235352,9.684633255004883,,,F3_Zakharov,100,APSO
True,1,43,213.93341968338927,function_evaluations,1000000,,1000000,19607,1000000,0,max_function_evaluations,0.0002506969976820983,121.98724578599649,5.6162261962890625,9.680992126464844,,,F3_Zakharov,100,APSO
True,2,44,289.9674994586727,function_evaluations,1000000,,1000000,19607,1000000,0,max_function_evaluations,0.0002587449998827651,123.04157868999755,5.639320373535156,9.698837280273438,,,F3_Zakharov,100,APSO
True,3,45,235.5254426067445,function_evaluations,1000000,,1000000,19607,1000000,0,max_function_evaluations,0.00018130099851987325,118.17852011500145,5.605841636657715,9.671919822692871,,,F3_Zakharov,100,APSO
True,4,46,300.12147258812934,function_evaluations,1000000,,1000000,19607,1000000,0,max_function_evaluations,0.00015945300037856214,123.29942940199908,5.626069068908691,9.687981605529785,,,F3_Zakharov,100,APSO
True,5,47,294.28082632704127,function_evaluations,1000000,,1000000,19607,1000000,0,max_function_evaluations,0.0001564819976920262,118.32715379799993,5.624966621398926,9.687451362609863,,,F3_Zakharov,100,APSO
True,6,48,297.59701278683804,function_evaluations,1000000,,1000000,19607,1000000,0,max_function_evaluations,0.00024282899903482758,119.9020350369974,5.624762535095215,9.687727928161621,,,F3_Zakharov,100,APSO
True,7,49,183.4547220673942,function_evaluations,1000000,,1000000,19607,1000000,0,max_function_evaluations,0.0009532309995847754,122.52573915799803,5.640688896179199,9.699641227722168,,,F3_Zakharov,100,APSO
True,8,50,213.695677464778,function_evaluations,1000000,,1000000,19607,1000000,0,max_function_evaluations,0.00032359599936171435,118.60451389300215,5.610723495483398,9.675687789916992,,,F3_Zakharov,100,APSO
True,9,51,244.64288949051706,function_evaluations,1000000,,1000000,19607,1000000,0,max_function_evaluations,0.0003123070018773433,117.47375626199937,5.60417366027832,9.670251846313477,,,F3_Zakharov,100,APSO
True,10,52,233.1449486763771,function_evaluations,1000000,,1000000,19607,1000000,0,max_function_evaluations,0.0007233060023281723,116.65907330100163,5.59890079498291,9.666169166564941,,,F3_Zakharov,100,APSO
True,11,53,258.845987290166,function_evaluations,1000000,,1000000,19607,1000000,0,max_function_evaluations,0.00036310399809735827,129.2523878630018,5.609861373901367,9.675634384155273,,,F3_Zakharov,100,APSO
True,12,54,211.55481236194703,function_evaluations,1000000,,1000000,19607,1000000,0,max_function_evaluations,0.0002829530021699611,131.745976446,5.611349105834961,9.67536735534668,,,F3_Zakharov,100,APSO
True,13,55,221.01227441842707,function_evaluations,1000000,,1000000,19607,1000000,0,max_function_evaluations,0.0003144410002278164,129.85568871200303,5.636213302612305,9.696111679077148,,,F3_Zakharov,100,APSO
True,14,56,111.17969200092654,function_evaluations,1000000,,1000000,19607,1000000,0,max_function_evaluations,0.0003834160015685484,128.25703442400118,5.60489559173584,9.671111106872559,,,F3_Zakharov,100,APSO
True,15,57,314.6711573740811,function_evaluations,1000000,,1000000,19607,1000000,0,max_function_evaluations,0.0003251769994676579,126.9665447059997,5.614241600036621,9.678610801696777,,,F3_Zakharov,100,APSO
True,16,58,199.5734421935781,function_evaluations,1000000,,1000000,19607,1000000,0,max_function_evaluations,0.00032594600270385854,127.20103820000077,5.631731986999512,9.693217277526855,,,F3_Zakharov,100,APSO
True,17,59,184.54510681278805,function_evaluations,1000000,,1000000,19607,1000000,0,max_function_evaluations,0.00027689000125974417,132.706199414999,5.629046440124512,9.690272331237793,,,F3_Zakharov,100,APSO
True,18,60,307.1408981471093,function_evaluations,1000000,,1000000,19607,1000000,0,max_function_evaluations,0.0002762600015557837,128.5742753400009,5.587427139282227,9.657022476196289,,,F3_Zakharov,100,APSO
True,19,61,227.02253012301662,function_evaluations,1000000,,1000000,19607,1000000,0,max_function_evaluations,0.0006454229987866711,127.53465638600028,5.603738784790039,9.669954299926758,,,F3_Zakharov,100,APSO
True,20,62,307.591158446868,function_evaluations,1000000,,1000000,19607,1000000,0,max_function_evaluations,0.00038522699833265506,128.7345073840006,5.616188049316406,9.680587768554688,,,F3_Zakharov,100,APSO
True,21,63,111.48459440393367,function_evaluations,1000000,,1000000,19607,1000000,0,max_function_evaluations,0.0003925010023522191,127.64960464800242,5.614740371704102,9.67909049987793,,,F3_Zakharov,100,APSO
True,22,64,269.016163271104,function_evaluations,1000000,,1000000,19607,1000000,0,max_function_evaluations,0.00032100699900183827,49.97326777099806,5.615398406982422,9.67990493774414,,,F3_Zakharov,100,APSO
True,23,65,301.535013115344,function_evaluations,1000000,,1000000,19607,1000000,0,max_function_evaluations,0.00028372599990689196,49.4090359490001,5.631339073181152,9.692717552185059,,,F3_Zakharov,100,APSO
True,24,66,246.28309920297443,function_evaluations,1000000,,1000000,19607,1000000,0,max_function_evaluations,0.0004692660004366189,50.021368155001255,5.614964485168457,9.679043769836426,,,F3_Zakharov,100,APSO
True,0,42,8348.239557873922,function_evaluations,1000000,,1000000,19999,1000000,0,max_function_evaluations,0.00038571700133616105,75.91010131900111,3.915005683898926,4.22769832611084,,,F3_Zakharov,100,UAPSO
True,1,43,19762.171291193314,function_evaluations,1000000,,1000000,19999,1000000,0,max_function_evaluations,0.0002650280002853833,73.28936891299963,3.769763946533203,4.079221725463867,,,F3_Zakharov,100,UAPSO
True,2,44,13522.57603955053,function_evaluations,1000000,,1000000,19999,1000000,0,max_function_evaluations,0.0004280460016161669,76.6939957029972,3.840010643005371,4.149242401123047,,,F3_Zakharov,100,UAPSO
True,3,45,28179.30684847851,function_evaluations,1000000,,1000000,19999,1000000,0,max_function_evaluations,0.00043762200220953673,78.01611578699885,3.7781143188476562,4.088090896606445,,,F3_Zakharov,100,UAPSO
True,4,46,21997.02416484913,function_evaluations,1000000,,1000000,19999,1000000,0,max_function_evaluations,0.00044763600089936517,75.4634967239981,3.788614273071289,4.098804473876953,,,F3_Zakharov,100,UAPSO
True,5,47,37249.72054969963,function_evaluations,1000000,,1000000,19999,1000000,0,max_function_evaluations,0.00035909399957745336,71.58724352500212,3.8364200592041016,4.146366119384766,,,F3_Zakharov,100,UAPSO
True,6,48,19067.136210918652,function_evaluations,1000000,,1000000,19999,1000000,0,max_function_evaluations,0.00035174699951312505,81.78055404299812,3.8466930389404297,4.158409118652344,,,F3_Zakharov,100,UAPSO
True,7,49,97111.63774455797,function_evaluations,1000000,,1000000,19999,1000000,0,max_function_evaluations,0.00039197400110424496,74.07647738899686,3.769287109375,4.078744888305664,,,F3_Zakharov,100,UAPSO
True,8,50,19582.83569737305,function_evaluations,1000000,,1000000,19999,1000000,0,max_function_evaluations,0.00035339199894224294,75.71108430499953,3.783970832824707,4.092726707458496,,,F3_Zakharov,100,UAPSO
True,9,51,20841.32429523222,function_evaluations,1000000,,1000000,19999,1000000,0,max_function_evaluations,0.0003614000015659258,72.21182352500182,3.8600168228149414,4.1689863204956055,,,F3_Zakharov,100,UAPSO
True,10,52,54055.315561914365,function_evaluations,1000000,,1000000,19999,1000000,0,max_function_evaluations,0.001265039998543216,74.01329980800074,3.8033103942871094,4.113164901733398,,,F3_Zakharov,100,UAPSO
True,11,53,9825.485315107859,function_evaluations,1000000,,1000000,19999,1000000,0,max_function_evaluations,0.0004639200014935341,71.69909566599745,3.851522445678711,4.162200927734375,,,F3_Zakharov,100,UAPSO
True,12,54,25830.048637667107,function_evaluations,1000000,,1000000,19999,1000000,0,max_function_evaluations,0.000418514999182662,79.47768952999832,4.217645645141602,4.534854888916016,,,F3_Zakharov,100,UAPSO
True,13,55,20360.746586973677,function_evaluations,1000000,,1000000,19999,1000000,0,max_function_evaluations,0.0004813639970961958,81.14087560200278,3.778151512145996,4.087963104248047,,,F3_Zakharov,100,UAPSO
True,14,56,21585.94823975409,function_evaluations,1000000,,1000000,19999,1000000,0,max_function_evaluations,0.0004236589993524831,76.46779463400162,3.821469306945801,4.130866050720215,,,F3_Zakharov,100,UAPSO
True,15,57,23627.214733167195,function_evaluations,1000000,,1000000,19999,1000000,0,max_function_evaluations,0.0004339700026321225,73.03980250799941,3.829814910888672,4.141073226928711,,,F3_Zakharov,100,UAPSO
True,16,58,17652.85826199552,function_evaluations,1000000,,1000000,19999,1000000,0,max_function_evaluations,0.0004689640009019058,74.27569988400137,3.8452320098876953,4.157222747802734,,,F3_Zakharov,100,UAPSO
True,17,59,23089.873824201306,function_evaluations,1000000,,1000000,19999,1000000,0,max_function_evaluations,0.00046661200030939654,74.52816870100287,3.819469451904297,4.129232406616211,,,F3_Zakharov,100,UAPSO
True,18,60,16920.078051140983,function_evaluations,1000000,,1000000,19999,1000000,0,max_function_evaluations,0.00041784599670791067,76.58252719300071,3.8017578125,4.112161636352539,,,F3_Zakharov,100,UAPSO
True,19,61,36492.9504479592,function_evaluations,1000000,,1000000,19999,1000000,0,max_function_evaluations,0.0004134339978918433,74.93121100899953,3.788607597351074,4.098706245422363,,,F3_Zakharov,100,UAPSO
True,20,62,12342.333509771828,function_evaluations,1000000,,1000000,19999,1000000,0,max_function_evaluations,0.0005004849990655202,70.83837551800025,3.88018798828125,4.189401626586914,,,F3_Zakharov,100,UAPSO
True,21,63,24392.044556629786,function_evaluations,1000000,,1000000,19999,1000000,0,max_function_evaluations,0.00047918899872456677,70.62547717000052,3.8273677825927734,4.1390533447265625,,,F3_Zakharov,100,UAPSO
True,22,64,71593.3305281753,function_evaluations,1000000,,1000000,19999,1000000,0,max_function_evaluations,0.0003626420002547093,35.695662623002136,4.089648246765137,4.407589912414551,,,F3_Zakharov,100,UAPSO
True,23,65,7479.260910940293,function_evaluations,1000000,,1000000,19999,1000000,0,max_function_evaluations,0.0004195140027150046,33.12606139000127,3.968014717102051,4.276373863220215,,,F3_Zakharov,100,UAPSO
True,24,66,11338.325099722637,function_evaluations,1000000,,1000000,19999,1000000,0,max_function_evaluations,0.0004315799997129943,32.030041769998206,3.8789596557617188,4.188600540161133,,,F3_Zakharov,100,UAPSO
True,0,42,0.040697846347711675,function_evaluations,1000000,,1000000,19999,1000000,0,max_function_evaluations,0.00016349300130968913,1046.939316183998,2.3319244384765625,2.639657974243164,,,F5_Rastrigin_SR,100,PSO
True,1,43,0.026802538955791988,function_evaluations,1000000,,1000000,19999,1000000,0,max_function_evaluations,0.0001610040017112624,1055.368566737001,2.3314971923828125,2.639261245727539,,,F5_Rastrigin_SR,100,PSO
True,2,44,0.03649797342444572,function_evaluations,1000000,,1000000,19999,1000000,0,max_function_evaluations,0.00020924799900967628,1060.3764278449999,2.3319168090820312,2.640047073364258,,,F5_Rastrigin_SR,100,PSO
True,3,45,0.027818284119405234,function_evaluations,1000000,,1000000,19999,1000000,0,max_function_evaluations,0.0002514529987820424,1040.9079749609991,2.344696044921875,2.6523990631103516,,,F5_Rastrigin_SR,100,PSO
True,4,46,0.04206114987249521,function_evaluations,1000000,,1000000,19999,1000000,0,max_function_evaluations,0.00023389100169879384,1034.7306719199987,2.3344573974609375,2.642160415649414,,,F5_Rastrigin_SR,100,PSO
True,5,47,0.02734754977166176,function_evaluations,1000000,,1000000,19999,1000000,0,max_function_evaluations,0.00023594799858983606,1049.3613832340016,2.3303985595703125,2.638376235961914,,,F5_Rastrigin_SR,100,PSO
True,6,48,0.02847469557968907,function_evaluations,1000000,,1000000,19999,1000000,0,max_function_evaluations,0.0002353390009375289,1055.6638566319998,2.3305206298828125,2.638498306274414,,,F5_Rastrigin_SR,100,PSO
True,7,49,0.03506329537907504,function_evaluations,1000000,,1000000,19999,1000000,0,max_function_evaluations,0.00020490500173764303,1058.6131592569982,2.3302993774414062,2.638277053833008,,,F5_Rastrigin_SR,100,PSO
True,8,50,0.04512554686272097,function_evaluations,1000000,,1000000,19999,1000000,0,max_function_evaluations,0.0002060109982267022,1049.179614138,2.3328933715820312,2.640871047973633,,,F5_Rastrigin_SR,100,PSO
True,9,51,0.019870282213105384,function_evaluations,1000000,,1000000,19999,1000000,0,max_function_evaluations,0.0002496740016795229,1049.4353624449977,2.3296432495117188,2.6373767852783203,,,F5_Rastrigin_SR,100,PSO
True,10,52,0.03463277013537436,function_evaluations,1000000,,1000000,19999,1000000,0,max_function_evaluations,0.00019771900042542256,1031.0470047309973,2.3315811157226562,2.639345169067383,,,F5_Rastrigin_SR,100,PSO
True,11,53,0.023438883307051128,function_evaluations,1000000,,1000000,19999,1000000,0,max_function_evaluations,0.0002570229989942163,1051.0612686519999,2.3316650390625,2.6394596099853516,,,F5_Rastrigin_SR,100,PSO
True,12,54,0.025408497405010166,function_evaluations,1000000,,1000000,19999,1000000,0,max_function_evaluations,0.00024336299975402653,1049.9380910439977,2.3305587768554688,2.6384754180908203,,,F5_Rastrigin_SR,100,PSO
True,13,55,0.044972081906905714,function_evaluations,1000000,,1000000,19999,1000000,0,max_function_evaluations,0.0002581059998192359,1044.304618405,2.330902099609375,2.6387882232666016,,,F5_Rastrigin_SR,100,PSO
True,14,56,0.03940177479023532,function_evaluations,1000000,,1000000,19999,1000000,0,max_function_evaluations,0.0002538580010877922,1052.582763606999,2.34100341796875,2.6493167877197266,,,F5_Rastrigin_SR,100,PSO
True,15,57,0.037424674112060075,function_evaluations,1000000,,1000000,19999,1000000,0,max_function_evaluations,0.0002474370012350846,1047.9420144709984,2.33172607421875,2.6395206451416016,,,F5_Rastrigin_SR,100,PSO
True,16,58,0.012830056441771376,function_evaluations,1000000,,1000000,19999,1000000,0,max_function_evaluations,0.0002686580010049511,1048.713384900002,2.3317184448242188,2.6394824981689453,,,F5_Rastrigin_SR,100,PSO
True,17,59,0.03726784065298716,function_evaluations,1000000,,1000000,19999,1000000,0,max_function_evaluations,0.00024698200286366045,1041.9395419290013,2.3308029174804688,2.6386890411376953,,,F5_Rastrigin_SR,100,PSO
True,18,60,0.04395594517615109,function_evaluations,1000000,,1000000,19999,1000000,0,max_function_evaluations,0.00026948199956677854,1041.3819754160031,2.33111572265625,2.6389713287353516,,,F5_Rastrigin_SR,100,PSO
True,19,61,0.029906329484219896,function_evaluations,1000000,,1000000,19999,1000000,0,max_function_evaluations,0.00025314999948022887,1043.7831238629988,2.3340911865234375,2.641855239868164,,,F5_Rastrigin_SR,100,PSO
True,20,62,0.040584215634396514,function_evaluations,1000000,,1000000,19999,1000000,0,max_function_evaluations,0.0002902609994634986,1044.3311959740022,2.3316421508789062,2.639467239379883,,,F5_Rastrigin_SR,100,PSO
True,21,63,0.017357235697659235,function_evaluations,1000000,,1000000,19999,1000000,0,max_function_evaluations,0.0002565060021879617,1042.5138317759993,2.3477325439453125,2.655588150024414,,,F5_Rastrigin_SR,100,PSO
True,22,64,0.03998169431980614,function_evaluations,1000000,,1000000,19999,1000000,0,max_function_evaluations,0.0002579770007287152,466.1518836369978,2.3315353393554688,2.6393299102783203,,,F5_Rastrigin_SR,100,PSO
True,23,65,0.032165028067538515,function_evaluations,1000000,,1000000,19999,1000000,0,max_function_evaluations,0.0002744390003499575,466.4392715169997,2.3299407958984375,2.637674331665039,,,F5_Rastrigin_SR,100,PSO
True,24,66,0.03067569384086255,function_evaluations,1000000,,1000000,19999,1000000,0,max_function_evaluations,0.00030072899971855804,466.81716776399844,2.3320388793945312,2.639772415161133,,,F5_Rastrigin_SR,100,PSO
True,0,42,0.0011427676854509627,function_evaluations,1000000,,1000000,19999,1000000,0,max_function_evaluations,0.00017559299885760993,1044.5652543889992,3.3507232666015625,3.6598987579345703,,,F5_Rastrigin_SR,100,PSOLVIW
True,1,43,0.0017113689536358834,function_evaluations,1000000,,1000000,19999,1000000,0,max_function_evaluations,0.00030545200206688605,1041.5053240499983,3.3138580322265625,3.6298084259033203,,,F5_Rastrigin_SR,100,PSOLVIW
True,2,44,0.0007938238018141419,function_evaluations,1000000,,1000000,19999,1000000,0,max_function_evaluations,0.00024445500093861483,1049.1620962859997,3.3228073120117188,3.6369495391845703,,,F5_Rastrigin_SR,100,PSOLVIW
True,3,45,0.0008880568306040004,function_evaluations,1000000,,1000000,19999,1000000,0,max_function_evaluations,0.022728657997504342,1044.5887423319982,4.026313781738281,4.335021018981934,,,F5_Rastrigin_SR,100,PSOLVIW
True,4,46,0.0006950552565285761,function_evaluations,1000000,,1000000,19999,1000000,0,max_function_evaluations,0.014307105000625597,1034.1953385239976,3.995673179626465,4.309067726135254,,,F5_Rastrigin_SR,100,PSOLVIW
True,5,47,0.0017842204867406508,function_evaluations,1000000,,1000000,19999,1000000,0,max_function_evaluations,0.018916566998086637,1048.9419830189981,4.029606819152832,4.349844932556152,,,F5_Rastrigin_SR,100,PSOLVIW
True,6,48,0.00021983356521104724,function_evaluations,1000000,,1000000,19999,1000000,0,max_function_evaluations,0.014152724001178285,1035.46615801,4.071310997009277,4.383553504943848,,,F5_Rastrigin_SR,100,PSOLVIW
True,7,49,0.00012598373172068023,function_evaluations,1000000,,1000000,19999,1000000,0,max_function_evaluations,0.01404266200188431,1059.3995106199982,3.9949493408203125,4.308941841125488,,,F5_Rastrigin_SR,100,PSOLVIW
True,8,50,0.00019712965740836808,function_evaluations,1000000,,1000000,19999,1000000,0,max_function_evaluations,0.030049357999814674,1060.142351636001,4.008237838745117,4.3180694580078125,,,F5_Rastrigin_SR,100,PSOLVIW
True,9,51,0.00056451538159763,function_evaluations,1000000,,1000000,19999,1000000,0,max_function_evaluations,0.02802327799872728,1034.0763555039994,4.060416221618652,4.374573707580566,,,F5_Rastrigin_SR,100,PSOLVIW
True,10,52,0.000422570947478107,function_evaluations,1000000,,1000000,19999,1000000,0,max_function_evaluations,0.017678706000879174,1038.8304985370014,3.9854421615600586,4.300713539123535,,,F5_Rastrigin_SR,100,PSOLVIW
True,11,53,0.0007366074777905851,function_evaluations,1000000,,1000000,19999,1000000,0,max_function_evaluations,0.0002638200021465309,1062.8188827920021,3.386444091796875,3.7056217193603516,,,F5_Rastrigin_SR,100,PSOLVIW
True,12,54,0.00024159288301461856,function_evaluations,1000000,,1000000,19999,1000000,0,max_function_evaluations,0.00025268100216635503,1054.2781502079997,3.3266372680664062,3.643014907836914,,,F5_Rastrigin_SR,100,PSOLVIW
True,13,55,0.000309756212686807,function_evaluations,1000000,,1000000,19999,1000000,0,max_function_evaluations,0.0002531749996705912,1041.3564737320012,3.4259262084960938,3.735506057739258,,,F5_Rastrigin_SR,100,PSOLVIW
True,14,56,0.0004829921564351025,function_evaluations,1000000,,1000000,19999,1000000,0,max_function_evaluations,0.0002603169996291399,1059.6867653930021,3.36322021484375,3.6730289459228516,,,F5_Rastrigin_SR,100,PSOLVIW
True,15,57,7.411392380163306e-05,function_evaluations,1000000,,1000000,19999,1000000,0,max_function_evaluations,0.000265650000073947,1028.5535691350015,3.3411712646484375,3.6516895294189453,,,F5_Rastrigin_SR,100,PSOLVIW
True,16,58,0.0007728130859163684,function_evaluations,1000000,,1000000,19999,1000000,0,max_function_evaluations,0.00026365899975644425,1052.5710702330034,3.3275146484375,3.640962600708008,,,F5_Rastrigin_SR,100,PSOLVIW
True,17,59,0.0006674794782384197,function_evaluations,1000000,,1000000,19999,1000000,0,max_function_evaluations,0.00025240800096071325,1059.6526738790017,3.3396148681640625,3.653329849243164,,,F5_Rastrigin_SR,100,PSOLVIW
True,18,60,0.0002755446114974802,function_evaluations,1000000,,1000000,19999,1000000,0,max_function_evaluations,0.0003474260010989383,1029.529324291001,3.352203369140625,3.661294937133789,,,F5_Rastrigin_SR,100,PSOLVIW
True,19,61,7.221080733188501e-05,function_evaluations,1000000,,1000000,19999,1000000,0,max_function_evaluations,0.00019293100194772705,1052.2082602099981,3.3598556518554688,3.6701526641845703,,,F5_Rastrigin_SR,100,PSOLVIW
True,20,62,7.293887472314964e-05,function_evaluations,1000000,,1000000,19999,1000000,0,max_function_evaluations,0.00028715599910356104,1044.3112731869987,3.3884658813476562,3.705301284790039,,,F5_Rastrigin_SR,100,PSOLVIW
True,21,63,0.0003827612025588678,function_evaluations,1000000,,1000000,19999,1000000,0,max_function_evaluations,0.00025882900081342086,1041.571438810999,3.4034957885742188,3.7193470001220703,,,F5_Rastrigin_SR,100,PSOLVIW
True,22,64,0.0009573817214345581,function_evaluations,1000000,,1000000,19999,1000000,0,max_function_evaluations,0.00026523700216785073,473.8415029019998,3.4016876220703125,3.7149295806884766,,,F5_Rastrigin_SR,100,PSOLVIW
True,23,65,0.0001064688955807469,function_evaluations,1000000,,1000000,19999,1000000,0,max_function_evaluations,0.0002642130020831246,467.587573017001,3.3237838745117188,3.638315200805664,,,F5_Rastrigin_SR,100,PSOLVIW
True,24,66,0.0009365106497511988,function_evaluations,1000000,,1000000,19999,1000000,0,max_function_evaluations,0.0002706140003283508,469.6913291339988,3.3892364501953125,3.703920364379883,,,F5_Rastrigin_SR,100,PSOLVIW
True,0,42,0.00013027194268033782,function_evaluations,1000000,,1000000,19999,1000000,0,max_function_evaluations,0.00016667399904690683,1039.6312692949978,5.61328125,6.224054336547852,,,F5_Rastrigin_SR,100,PSOTVAC
True,1,43,0.0009199600023066523,function_evaluations,1000000,,1000000,19999,1000000,0,max_function_evaluations,0.00026364500081399456,1048.1883519859985,6.524055480957031,7.312494277954102,,,F5_Rastrigin_SR,100,PSOTVAC
True,2,44,0.0002607382898531796,function_evaluations,1000000,,1000000,19999,1000000,0,max_function_evaluations,0.0002633519980008714,1058.9033751170027,5.24737548828125,5.770318984985352,,,F5_Rastrigin_SR,100,PSOTVAC
True,3,45,0.0006808259578860998,function_evaluations,1000000,,1000000,19999,1000000,0,max_function_evaluations,0.01502804900155752,1034.2714952129973,5.76573371887207,6.252386093139648,,,F5_Rastrigin_SR,100,PSOTVAC
True,4,46,0.00018010941653301415,function_evaluations,1000000,,1000000,19999,1000000,0,max_function_evaluations,0.014507469997624867,1029.1618350999997,6.317680358886719,6.928857803344727,,,F5_Rastrigin_SR,100,PSOTVAC
True,5,47,0.0003961735918096565,function_evaluations,1000000,,1000000,19999,1000000,0,max_function_evaluations,0.014230015000066487,1028.7455744869985,6.215505599975586,6.826683044433594,,,F5_Rastrigin_SR,100,PSOTVAC
True,6,48,0.0008043631070222546,function_evaluations,1000000,,1000000,19999,1000000,0,max_function_evaluations,0.010699397997086635,1027.5610843769973,7.111441612243652,7.89992618560791,,,F5_Rastrigin_SR,100,PSOTVAC
True,7,49,0.0005969433336758811,function_evaluations,1000000,,1000000,19999,1000000,0,max_function_evaluations,0.027656225000100676,1041.1422193370017,6.2630720138549805,6.874249458312988,,,F5_Rastrigin_SR,100,PSOTVAC
True,8,50,0.0001330369807419629,function_evaluations,1000000,,1000000,19999,1000000,0,max_function_evaluations,0.015048810000735102,1059.6221057949988,6.790938377380371,7.513260841369629,,,F5_Rastrigin_SR,100,PSOTVAC
True,9,51,3.188728504710525e-05,function_evaluations,1000000,,1000000,19999,1000000,0,max_function_evaluations,0.03342145900023752,1051.7721393020001,6.2824602127075195,6.893686294555664,,,F5_Rastrigin_SR,100,PSOTVAC
True,10,52,0.00018265065574496475,function_evaluations,1000000,,1000000,19999,1000000,0,max_function_evaluations,0.01580980599828763,1036.7564104259982,6.271482467651367,6.882659912109375,,,F5_Rastrigin_SR,100,PSOTVAC
True,11,53,0.00022823247280712167,function_evaluations,1000000,,1000000,19999,1000000,0,max_function_evaluations,0.0002551420002419036,1056.0647302270008,5.446868896484375,6.01152229309082,,,F5_Rastrigin_SR,100,PSOTVAC
True,12,54,0.00037687505033545676,function_evaluations,1000000,,1000000,19999,1000000,0,max_function_evaluations,0.0002620839986775536,1042.179784236003,6.6389007568359375,7.427370071411133,,,F5_Rastrigin_SR,100,PSOTVAC
True,13,55,0.00021880321691014615,function_evaluations,1000000,,1000000,19999,1000000,0,max_function_evaluations,0.00018376699881628156,1039.2134403399978,5.6610870361328125,6.272249221801758,,,F5_Rastrigin_SR,100,PSOTVAC
True,14,56,0.00011301232495952718,function_evaluations,1000000,,1000000,19999,1000000,0,max_function_evaluations,0.00029534400164266117,1054.2285333220025,5.441261291503906,6.005914688110352,,,F5_Rastrigin_SR,100,PSOTVAC
True,15,57,0.0001881911976511219,function_evaluations,1000000,,1000000,19999,1000000,0,max_function_evaluations,0.0002617190002638381,1041.318470156999,5.999908447265625,6.66337776184082,,,F5_Rastrigin_SR,100,PSOTVAC
True,16,58,2.443572208221667e-05,function_evaluations,1000000,,1000000,19999,1000000,0,max_function_evaluations,0.0002854919985111337,1037.2874311880005,5.4321746826171875,5.996438980102539,,,F5_Rastrigin_SR,100,PSOTVAC
True,17,59,0.00040038092237182354,function_evaluations,1000000,,1000000,19999,1000000,0,max_function_evaluations,0.00018524199913372286,1053.6636366390012,5.64495849609375,6.256120681762695,,,F5_Rastrigin_SR,100,PSOTVAC
True,18,60,0.0018250714350642738,function_evaluations,1000000,,1000000,19999,1000000,0,max_function_evaluations,0.0002731140011746902,1018.3719840449994,5.570671081542969,6.181787490844727,,,F5_Rastrigin_SR,100,PSOTVAC
True,19,61,0.0004428640593232558,function_evaluations,1000000,,1000000,19999,1000000,0,max_function_evaluations,0.00018953099788632244,1039.2098012280003,6.284126281738281,7.006433486938477,,,F5_Rastrigin_SR,100,PSOTVAC
True,20,62,0.0001481280195889667,function_evaluations,1000000,,1000000,19999,1000000,0,max_function_evaluations,0.00027717299963114783,1022.6788304600013,5.7819366455078125,6.445016860961914,,,F5_Rastrigin_SR,100,PSOTVAC
True,21,63,0.0003644205609703022,function_evaluations,1000000,,1000000,19999,1000000,0,max_function_evaluations,0.00026173600053880364,1041.3949896599988,5.394264221191406,5.958917617797852,,,F5_Rastrigin_SR,100,PSOTVAC
True,22,64,0.00018468913384594998,function_evaluations,1000000,,1000000,19999,1000000,0,max_function_evaluations,0.0002835970008163713,471.78518508800335,6.556648254394531,7.345056533813477,,,F5_Rastrigin_SR,100,PSOTVAC
True,23,65,0.00010510177952482991,function_evaluations,1000000,,1000000,19999,1000000,0,max_function_evaluations,0.0002723219986364711,468.28618415099845,5.850517272949219,6.513971328735352,,,F5_Rastrigin_SR,100,PSOTVAC
True,24,66,0.00014695520735585887,function_evaluations,1000000,,1000000,19999,1000000,0,max_function_evaluations,0.0002614379991427995,461.736923774999,5.590003967285156,6.201150894165039,,,F5_Rastrigin_SR,100,PSOTVAC
True,0,42,0.0006134793234764402,function_evaluations,1000000,,1000000,19999,1000000,0,max_function_evaluations,0.00024005500017665327,1028.3536744979974,3.037506103515625,3.3463916778564453,,,F5_Rastrigin_SR,100,APSOVI
True,1,43,0.0015488669271235267,function_evaluations,1000000,,1000000,19999,1000000,0,max_function_evaluations,0.00030373199842870235,1056.8751221759994,3.1174850463867188,3.430643081665039,,,F5_Rastrigin_SR,100,APSOVI
True,2,44,0.0010238858072852963,function_evaluations,1000000,,1000000,19999,1000000,0,max_function_evaluations,0.0002495299995644018,1045.7420961129974,3.3283920288085938,3.642129898071289,,,F5_Rastrigin_SR,100,APSOVI
True,3,45,0.0005661091702791055,function_evaluations,1000000,,1000000,19999,1000000,0,max_function_evaluations,0.015707638001913438,1045.75849398,3.930643081665039,4.245067596435547,,,F5_Rastrigin_SR,100,APSOVI
True,4,46,0.0011253540192797118,function_evaluations,1000000,,1000000,19999,1000000,0,max_function_evaluations,0.01596384799995576,1055.0579383910008,3.8827924728393555,4.1947526931762695,,,F5_Rastrigin_SR,100,APSOVI
True,5,47,0.0013273928760213494,function_evaluations,1000000,,1000000,19999,1000000,0,max_function_evaluations,0.01438100900122663,1060.8594124499978,4.193484306335449,4.549361228942871,,,F5_Rastrigin_SR,100,APSOVI
True,6,48,0.0007333174429504652,function_evaluations,1000000,,1000000,19999,1000000,0,max_function_evaluations,0.015250746000674553,1039.568890393999,3.9727163314819336,4.291314125061035,,,F5_Rastrigin_SR,100,APSOVI
True,7,49,0.0009582593927461858,function_evaluations,1000000,,1000000,19999,1000000,0,max_function_evaluations,0.014290505001554266,1039.8869145699973,4.238009452819824,4.593838691711426,,,F5_Rastrigin_SR,100,APSOVI
True,8,50,0.00015407442316472952,function_evaluations,1000000,,1000000,19999,1000000,0,max_function_evaluations,0.013730241000303067,1056.0135658229992,3.8653602600097656,4.181876182556152,,,F5_Rastrigin_SR,100,APSOVI
True,9,51,0.0003673789913136716,function_evaluations,1000000,,1000000,19999,1000000,0,max_function_evaluations,0.013867338999261847,1040.779269742001,4.179182052612305,4.535011291503906,,,F5_Rastrigin_SR,100,APSOVI
True,10,52,0.000634517572450477,function_evaluations,1000000,,1000000,19999,1000000,0,max_function_evaluations,0.013412320000497857,1036.0461006270016,3.933694839477539,4.243724822998047,,,F5_Rastrigin_SR,100,APSOVI
True,11,53,0.0002712126105279822,function_evaluations,1000000,,1000000,19999,1000000,0,max_function_evaluations,0.0002698009993764572,1056.3778975949972,3.0199432373046875,3.3325977325439453,,,F5_Rastrigin_SR,100,APSOVI
True,12,54,0.0006443873587045346,function_evaluations,1000000,,1000000,19999,1000000,0,max_function_evaluations,0.00029750100293313153,1065.2276982750009,3.3237380981445312,3.6401004791259766,,,F5_Rastrigin_SR,100,APSOVI
True,13,55,0.0015168229791129306,function_evaluations,1000000,,1000000,19999,1000000,0,max_function_evaluations,0.00017702399782137945,1034.4055129070002,3.1596603393554688,3.468149185180664,,,F5_Rastrigin_SR,100,APSOVI
True,14,56,0.0004305779403921406,function_evaluations,1000000,,1000000,19999,1000000,0,max_function_evaluations,0.00018824399739969522,1050.6478414699995,3.3766021728515625,3.698762893676758,,,F5_Rastrigin_SR,100,APSOVI
True,15,57,0.0015660244902164777,function_evaluations,1000000,,1000000,19999,1000000,0,max_function_evaluations,0.0002605260015116073,1051.833945514998,3.2825851440429688,3.594758987426758,,,F5_Rastrigin_SR,100,APSOVI
True,16,58,0.001687388188543082,function_evaluations,1000000,,1000000,19999,1000000,0,max_function_evaluations,0.0002729439984250348,1048.914796492998,3.2858428955078125,3.5946216583251953,,,F5_Rastrigin_SR,100,APSOVI
True,17,59,0.0032240968657220037,function_evaluations,1000000,,1000000,19999,1000000,0,max_function_evaluations,0.0002578369967523031,1048.2256219869996,3.2505569458007812,3.5594120025634766,,,F5_Rastrigin_SR,100,APSOVI
True,18,60,0.0014948728945682888,function_evaluations,1000000,,1000000,19999,1000000,0,max_function_evaluations,0.00026108000020030886,1039.2214423289988,3.2545242309570312,3.5728702545166016,,,F5_Rastrigin_SR,100,APSOVI
True,19,61,0.00044482298642378737,function_evaluations,1000000,,1000000,19999,1000000,0,max_function_evaluations,0.00026616299874149263,1047.2043944569996,3.0521240234375,3.3611316680908203,,,F5_Rastrigin_SR,100,APSOVI
True,20,62,0.0013779857372924198,function_evaluations,1000000,,1000000,19999,1000000,0,max_function_evaluations,0.0002671920010470785,1048.4112566170006,3.5166091918945312,3.872377395629883,,,F5_Rastrigin_SR,100,APSOVI
True,21,63,0.000868449274150862,function_evaluations,1000000,,1000000,19999,1000000,0,max_function_evaluations,0.0002887109985749703,1044.8446254679984,3.26544189453125,3.5789356231689453,,,F5_Rastrigin_SR,100,APSOVI
True,22,64,0.0006588266726907932,function_evaluations,1000000,,1000000,19999,1000000,0,max_function_evaluations,0.0002991719993588049,474.80507926599967,3.2142715454101562,3.5259876251220703,,,F5_Rastrigin_SR,100,APSOVI
True,23,65,0.00035458146857081374,function_evaluations,1000000,,1000000,19999,1000000,0,max_function_evaluations,0.00027963899992755614,465.5641585099984,3.3443984985351562,3.6550235748291016,,,F5_Rastrigin_SR,100,APSOVI
True,24,66,0.00037810026128681784,function_evaluations,1000000,,1000000,19999,1000000,0,max_function_evaluations,0.00025789700157474726,465.742740245998,3.0954132080078125,3.4050769805908203,,,F5_Rastrigin_SR,100,APSOVI
True,0,42,0.0008425489439218836,function_evaluations,1000000,,1000000,19606,1000000,0,max_function_evaluations,0.00017482200200902298,1078.219385903998,5.608258247375488,9.67455005645752,,,F5_Rastrigin_SR,100,APSO
True,1,43,0.000273168901912868,function_evaluations,1000000,,1000000,19606,1000000,0,max_function_evaluations,0.0004376399992906954,1067.2933100209993,5.631891250610352,9.694025039672852,,,F5_Rastrigin_SR,100,APSO
True,2,44,6.128377685854502e-05,function_evaluations,1000000,,1000000,19606,1000000,0,max_function_evaluations,0.0004378989979159087,1070.8051511880003,5.6411590576171875,9.701801300048828,,,F5_Rastrigin_SR,100,APSO
True,3,45,3.901593612454235e-05,function_evaluations,1000000,,1000000,19606,1000000,0,max_function_evaluations,0.009336521001387155,1098.4146533709973,6.300566673278809,10.362318992614746,,,F5_Rastrigin_SR,100,APSO
True,4,46,0.00044685845568892546,function_evaluations,1000000,,1000000,19606,1000000,0,max_function_evaluations,0.0092938919988228,1119.701550662001,6.291571617126465,10.354300498962402,,,F5_Rastrigin_SR,100,APSO
True,5,47,0.00010868653458828703,function_evaluations,1000000,,1000000,19606,1000000,0,max_function_evaluations,0.014843913999357028,1125.4542604380003,6.305109024047852,10.365935325622559,,,F5_Rastrigin_SR,100,APSO
True,6,48,0.0008610184348754046,function_evaluations,1000000,,1000000,19606,1000000,0,max_function_evaluations,0.014260840998758795,1101.5052053149993,6.318733215332031,10.376640319824219,,,F5_Rastrigin_SR,100,APSO
True,7,49,0.0002785613348237348,function_evaluations,1000000,,1000000,19607,1000000,0,max_function_evaluations,0.030320879002829315,1119.019792813997,6.333759307861328,10.389348030090332,,,F5_Rastrigin_SR,100,APSO
True,8,50,0.00020427257209121308,function_evaluations,1000000,,1000000,19606,1000000,0,max_function_evaluations,0.014997638001659652,1097.7047882659972,6.293215751647949,10.356616020202637,,,F5_Rastrigin_SR,100,APSO
True,9,51,0.0001686058521954692,function_evaluations,1000000,,1000000,19606,1000000,0,max_function_evaluations,0.014868287998979213,1111.262551787997,6.323177337646484,10.381258010864258,,,F5_Rastrigin_SR,100,APSO
True,10,52,0.00016321448845246778,function_evaluations,1000000,,1000000,19607,1000000,0,max_function_evaluations,0.016713166998670204,1121.3196706449999,6.287762641906738,10.352063179016113,,,F5_Rastrigin_SR,100,APSO
True,11,53,0.000319328781074546,function_evaluations,1000000,,1000000,19606,1000000,0,max_function_evaluations,0.0003060309973079711,1092.0874666380005,5.660282135009766,9.717212677001953,,,F5_Rastrigin_SR,100,APSO
True,12,54,0.00023133848105771904,function_evaluations,1000000,,1000000,19607,1000000,0,max_function_evaluations,0.0002679619974514935,1086.0082513390007,5.6534423828125,9.711615562438965,,,F5_Rastrigin_SR,100,APSO
True,13,55,0.0006253339532236168,function_evaluations,1000000,,1000000,19606,1000000,0,max_function_evaluations,0.0002709619984671008,1090.1802929530022,5.628662109375,9.6904296875,,,F5_Rastrigin_SR,100,APSO
True,14,56,0.0004116919693615273,function_evaluations,1000000,,1000000,19606,1000000,0,max_function_evaluations,0.0002750570019998122,1080.3781389940013,5.644698143005371,9.706923484802246,,,F5_Rastrigin_SR,100,APSO
True,15,57,0.0016814549919104138,function_evaluations,1000000,,1000000,19620,1000000,0,max_function_evaluations,0.0003140959997836035,1073.6626385439995,5.6057538986206055,9.675562858581543,,,F5_Rastrigin_SR,100,APSO
True,16,58,0.00041259072190769075,function_evaluations,1000000,,1000000,19606,1000000,0,max_function_evaluations,0.0002702049969229847,1059.2719084500022,5.648828506469727,9.710412979125977,,,F5_Rastrigin_SR,100,APSO
True,17,59,0.0010655459569193226,function_evaluations,1000000,,1000000,19607,1000000,0,max_function_evaluations,0.00026714800333138555,1077.3846125300006,5.678182601928711,9.734487533569336,,,F5_Rastrigin_SR,100,APSO
True,18,60,8.69204428681769e-05,function_evaluations,1000000,,1000000,19607,1000000,0,max_function_evaluations,0.0002573469973867759,1082.1256821089992,5.640866279602051,9.703808784484863,,,F5_Rastrigin_SR,100,APSO
True,19,61,0.0010203770707448712,function_evaluations,1000000,,1000000,19606,1000000,0,max_function_evaluations,0.00028246199872228317,1074.4959077860003,5.637425422668457,9.701478004455566,,,F5_Rastrigin_SR,100,APSO
True,20,62,0.0004783598477615669,function_evaluations,1000000,,1000000,19606,1000000,0,max_function_evaluations,0.0002601769992907066,1068.1879900929998,5.6508073806762695,9.71220874786377,,,F5_Rastrigin_SR,100,APSO
True,21,63,0.001456809889532451,function_evaluations,1000000,,1000000,19606,1000000,0,max_function_evaluations,0.0002624750013637822,1064.8032268290008,5.653674125671387,9.713854789733887,,,F5_Rastrigin_SR,100,APSO
True,22,64,0.00029357836729104747,function_evaluations,1000000,,1000000,19607,1000000,0,max_function_evaluations,0.00027520200092112646,496.829917785999,5.624358177185059,9.688464164733887,,,F5_Rastrigin_SR,100,APSO
True,23,65,0.0003627998131037202,function_evaluations,1000000,,1000000,19606,1000000,0,max_function_evaluations,0.0002829080003721174,493.3555755510024,5.656109809875488,9.714016914367676,,,F5_Rastrigin_SR,100,APSO
True,24,66,0.00017626131500492193,function_evaluations,1000000,,1000000,19611,1000000,0,max_function_evaluations,0.0003894419969583396,486.10992332800015,5.6169633865356445,9.68260669708252,,,F5_Rastrigin_SR,100,APSO
True,0,42,0.008747923143744174,function_evaluations,1000000,,1000000,19999,1000000,0,max_function_evaluations,0.0005186169983062427,1057.897140764002,3.8068809509277344,4.117338180541992,,,F5_Rastrigin_SR,100,UAPSO
True,1,43,0.019963268067044737,function_evaluations,1000000,,1000000,19999,1000000,0,max_function_evaluations,0.00044935000187251717,1046.3810351140019,3.768505096435547,4.078965187072754,,,F5_Rastrigin_SR,100,UAPSO
True,2,44,0.011466870959907283,function_evaluations,1000000,,1000000,19999,1000000,0,max_function_evaluations,0.0015007369984232355,1050.6489613039994,3.8118038177490234,4.121101379394531,,,F5_Rastrigin_SR,100,UAPSO
True,3,45,0.018644180847502412,function_evaluations,1000000,,1000000,19999,1000000,0,max_function_evaluations,0.014495226998405997,1037.5662151620018,4.479055404663086,4.788276672363281,,,F5_Rastrigin_SR,100,UAPSO
True,4,46,0.01211418041845036,function_evaluations,1000000,,1000000,19999,1000000,0,max_function_evaluations,0.01472477600327693,1039.2607154840007,4.461153030395508,4.771005630493164,,,F5_Rastrigin_SR,100,UAPSO
True,5,47,0.009186641809492357,function_evaluations,1000000,,1000000,19999,1000000,0,max_function_evaluations,0.01455281400194508,1049.180107398999,4.479865074157715,4.788933753967285,,,F5_Rastrigin_SR,100,UAPSO
True,6,48,0.00790061422941335,function_evaluations,1000000,,1000000,19999,1000000,0,max_function_evaluations,0.014148262001981493,1066.1030981490003,4.493215560913086,4.803101539611816,,,F5_Rastrigin_SR,100,UAPSO
True,7,49,0.018589892322665946,function_evaluations,1000000,,1000000,19999,1000000,0,max_function_evaluations,0.01393002099939622,1056.7530346120002,4.421933174133301,4.731642723083496,,,F5_Rastrigin_SR,100,UAPSO
True,8,50,0.012930180227158417,function_evaluations,1000000,,1000000,19999,1000000,0,max_function_evaluations,0.015350747999036685,1052.4492979440001,4.470972061157227,4.781932830810547,,,F5_Rastrigin_SR,100,UAPSO
True,9,51,0.00772202118344012,function_evaluations,1000000,,1000000,19999,1000000,0,max_function_evaluations,0.014191292000759859,1048.4094306370025,4.4608612060546875,4.771028518676758,,,F5_Rastrigin_SR,100,UAPSO
True,10,52,0.014450488793272598,function_evaluations,1000000,,1000000,19999,1000000,0,max_function_evaluations,0.01537760400242405,1063.057276009,4.456414222717285,4.767332077026367,,,F5_Rastrigin_SR,100,UAPSO
True,11,53,0.01041266432446264,function_evaluations,1000000,,1000000,19999,1000000,0,max_function_evaluations,0.0004040179992443882,1049.0861571170026,3.8346614837646484,4.144844055175781,,,F5_Rastrigin_SR,100,UAPSO
True,12,54,0.015872955685551915,function_evaluations,1000000,,1000000,19999,1000000,0,max_function_evaluations,0.00048454599891556427,1071.7147160049972,3.792222023010254,4.102801322937012,,,F5_Rastrigin_SR,100,UAPSO
True,13,55,0.015486542112228108,function_evaluations,1000000,,1000000,19999,1000000,0,max_function_evaluations,0.0004420830009621568,1062.0763240250017,3.763031005859375,4.071803092956543,,,F5_Rastrigin_SR,100,UAPSO
True,14,56,0.005173591667812616,function_evaluations,1000000,,1000000,19999,1000000,0,max_function_evaluations,0.0004104870022274554,1045.5078525040008,3.809910774230957,4.119513511657715,,,F5_Rastrigin_SR,100,UAPSO
True,15,57,0.015934809098610003,function_evaluations,1000000,,1000000,19999,1000000,0,max_function_evaluations,0.0004121269994357135,1061.5922425530007,3.834949493408203,4.145193099975586,,,F5_Rastrigin_SR,100,UAPSO
True,16,58,0.01019748195773218,function_evaluations,1000000,,1000000,19999,1000000,0,max_function_evaluations,0.00040797000110615045,1065.3858027259994,3.777010917663574,4.0875139236450195,,,F5_Rastrigin_SR,100,UAPSO
True,17,59,0.008541467013571946,function_evaluations,1000000,,1000000,19999,1000000,0,max_function_evaluations,0.00048179400255321525,1040.3929587489984,3.7895431518554688,4.098535537719727,,,F5_Rastrigin_SR,100,UAPSO
True,18,60,0.013946895941501225,function_evaluations,1000000,,1000000,19999,1000000,0,max_function_evaluations,0.00039502500294474885,1045.8717188759983,3.8075246810913086,4.117585182189941,,,F5_Rastrigin_SR,100,UAPSO
True,19,61,0.008541122596795958,function_evaluations,1000000,,1000000,19999,1000000,0,max_function_evaluations,0.00042346800182713196,1058.6324587519994,3.764115333557129,4.073092460632324,,,F5_Rastrigin_SR,100,UAPSO
True,20,62,0.005468588147948594,function_evaluations,1000000,,1000000,19999,1000000,0,max_function_evaluations,0.0004087960005563218,1043.0079563010004,3.825258255004883,4.134464263916016,,,F5_Rastrigin_SR,100,UAPSO
True,21,63,0.008868098309790184,function_evaluations,1000000,,1000000,19999,1000000,0,max_function_evaluations,0.00041363300260854885,1049.0135614850005,3.7964792251586914,4.106344223022461,,,F5_Rastrigin_SR,100,UAPSO
True,22,64,0.005854172001363622,function_evaluations,1000000,,1000000,19999,1000000,0,max_function_evaluations,0.0004335899975558277,474.88738337899485,3.86893367767334,4.181206703186035,,,F5_Rastrigin_SR,100,UAPSO
True,23,65,0.0029823490323224178,function_evaluations,1000000,,1000000,19999,1000000,0,max_function_evaluations,0.00039079499765648507,470.31211506600084,3.8342227935791016,4.145153045654297,,,F5_Rastrigin_SR,100,UAPSO
True,24,66,0.009767814964959598,function_evaluations,1000000,,1000000,19999,1000000,0,max_function_evaluations,0.00040842799717211165,468.4716649719994,3.7617034912109375,4.071382522583008,,,F5_Rastrigin_SR,100,UAPSO
True,0,42,1392985.0207838065,function_evaluations,1000000,,1000000,19999,1000000,0,max_function_evaluations,0.00019361200247658417,105.11944953700004,2.3656387329101562,2.6745243072509766,,,F6_Scaffer,100,PSO
True,1,43,1378759.622135274,function_evaluations,1000000,,1000000,19999,1000000,0,max_function_evaluations,0.000313776996335946,109.82143215700489,2.3535308837890625,2.6623401641845703,,,F6_Scaffer,100,PSO
True,2,44,1325614.9295968271,function_evaluations,1000000,,1000000,19999,1000000,0,max_function_evaluations,0.00027131399838253856,107.05598198499501,2.3870697021484375,2.696382522583008,,,F6_Scaffer,100,PSO
True,3,45,853697.2625105082,function_evaluations,1000000,,1000000,19999,1000000,0,max_function_evaluations,0.01477146300021559,106.63546766700165,3.0340137481689453,3.3427772521972656,,,F6_Scaffer,100,PSO
True,4,46,1699381.506824971,function_evaluations,1000000,,1000000,19999,1000000,0,max_function_evaluations,0.014121492000413127,113.86239521300013,3.0355138778686523,3.34389591217041,,,F6_Scaffer,100,PSO
True,5,47,1388813.6877688703,function_evaluations,1000000,,1000000,19999,1000000,0,max_function_evaluations,0.015058065997436643,109.6221628140047,3.0341405868530273,3.3427228927612305,,,F6_Scaffer,100,PSO
True,6,48,3599495.4300032738,function_evaluations,1000000,,1000000,19999,1000000,0,max_function_evaluations,0.014392151999345515,115.2907555960046,3.0220956802368164,3.330463409423828,,,F6_Scaffer,100,PSO
True,7,49,1187881.0769880672,function_evaluations,1000000,,1000000,19999,1000000,0,max_function_evaluations,0.015212557998893317,105.86343338900042,3.056028366088867,3.365081787109375,,,F6_Scaffer,100,PSO
True,8,50,920960.725125129,function_evaluations,1000000,,1000000,19999,1000000,0,max_function_evaluations,0.015527570998528972,107.48653574499622,3.010305404663086,3.3185958862304688,,,F6_Scaffer,100,PSO
True,9,51,1491598.8837917873,function_evaluations,1000000,,1000000,19999,1000000,0,max_function_evaluations,0.015982415003236383,105.92248384800041,3.0708932876586914,3.379488945007324,,,F6_Scaffer,100,PSO
True,10,52,1679256.1373016986,function_evaluations,1000000,,1000000,19999,1000000,0,max_function_evaluations,0.015298878999601584,110.77802547000465,3.023127555847168,3.3316211700439453,,,F6_Scaffer,100,PSO
True,11,53,2836370.7184675634,function_evaluations,1000000,,1000000,19999,1000000,0,max_function_evaluations,0.00031052999838721007,107.97857080800168,2.3690872192382812,2.677347183227539,,,F6_Scaffer,100,PSO
True,12,54,1378687.4412391095,function_evaluations,1000000,,1000000,19999,1000000,0,max_function_evaluations,0.0002584850008133799,101.9461194950054,2.37213134765625,2.6812000274658203,,,F6_Scaffer,100,PSO
True,13,55,1384696.863362231,function_evaluations,1000000,,1000000,19999,1000000,0,max_function_evaluations,0.00030375400092452765,114.80341675900127,2.3932647705078125,2.702516555786133,,,F6_Scaffer,100,PSO
True,14,56,1965651.0412158235,function_evaluations,1000000,,1000000,19999,1000000,0,max_function_evaluations,0.0002648640002007596,115.64599760999408,2.3750534057617188,2.683664321899414,,,F6_Scaffer,100,PSO
True,15,57,1994588.9117698064,function_evaluations,1000000,,1000000,19999,1000000,0,max_function_evaluations,0.00029355299921007827,98.427238838005,2.3674697875976562,2.676248550415039,,,F6_Scaffer,100,PSO
True,16,58,1697669.999169631,function_evaluations,1000000,,1000000,19999,1000000,0,max_function_evaluations,0.0002898279999499209,112.94041835400276,2.4015426635742188,2.710977554321289,,,F6_Scaffer,100,PSO
True,17,59,947129.7698107925,function_evaluations,1000000,,1000000,19999,1000000,0,max_function_evaluations,0.00026836200413526967,108.66948912700173,2.3565902709960938,2.6657047271728516,,,F6_Scaffer,100,PSO
True,18,60,2721326.5479699774,function_evaluations,1000000,,1000000,19999,1000000,0,max_function_evaluations,0.00030465400050161406,111.59742415499932,2.3804855346679688,2.689798355102539,,,F6_Scaffer,100,PSO
True,19,61,1051038.409100259,function_evaluations,1000000,,1000000,19999,1000000,0,max_function_evaluations,0.0002716349990805611,104.15965785599838,2.369293212890625,2.677919387817383,,,F6_Scaffer,100,PSO
True,20,62,1998232.3266096122,function_evaluations,1000000,,1000000,19999,1000000,0,max_function_evaluations,0.00025909800024237484,105.07968857100059,2.3839340209960938,2.6922245025634766,,,F6_Scaffer,100,PSO
True,21,63,1258582.874574858,function_evaluations,1000000,,1000000,19999,1000000,0,max_function_evaluations,0.00030580299790017307,105.98661782699492,2.3813323974609375,2.6900196075439453,,,F6_Scaffer,100,PSO
True,22,64,1082486.2989223658,function_evaluations,1000000,,1000000,19999,1000000,0,max_function_evaluations,0.0002977289987029508,52.960960165997676,2.351593017578125,2.6598377227783203,,,F6_Scaffer,100,PSO
True,23,65,1317480.518148081,function_evaluations,1000000,,1000000,19999,1000000,0,max_function_evaluations,0.0002613559991004877,51.47998898799415,2.3676071166992188,2.6760807037353516,,,F6_Scaffer,100,PSO
True,24,66,2766779.9076321363,function_evaluations,1000000,,1000000,19999,1000000,0,max_function_evaluations,0.00019595000048866495,49.95277910200093,2.36639404296875,2.6752796173095703,,,F6_Scaffer,100,PSO
True,0,42,1595211.097213634,function_evaluations,1000000,,1000000,19999,1000000,0,max_function_evaluations,0.0002185080011258833,106.08716727599676,3.1260910034179688,3.435731887817383,,,F6_Scaffer,100,PSOLVIW
True,1,43,1068907.0792091526,function_evaluations,1000000,,1000000,19999,1000000,0,max_function_evaluations,0.0002171340020140633,105.56482497300021,3.145172119140625,3.4535770416259766,,,F6_Scaffer,100,PSOLVIW
True,2,44,1710283.9852983328,function_evaluations,1000000,,1000000,19999,1000000,0,max_function_evaluations,0.0002135399990947917,110.83323763899534,3.2047195434570312,3.518831253051758,,,F6_Scaffer,100,PSOLVIW
True,3,45,740174.1282073822,function_evaluations,1000000,,1000000,19999,1000000,0,max_function_evaluations,0.00026177299878327176,109.03352479200112,3.280975341796875,3.592386245727539,,,F6_Scaffer,100,PSOLVIW
True,4,46,1334947.4425489493,function_evaluations,1000000,,1000000,19999,1000000,0,max_function_evaluations,0.00028058099996997043,101.78645076700195,3.1996612548828125,3.5141544342041016,,,F6_Scaffer,100,PSOLVIW
True,5,47,1201492.603278994,function_evaluations,1000000,,1000000,19999,1000000,0,max_function_evaluations,0.00026110200269613415,108.73855468400143,3.1936798095703125,3.510080337524414,,,F6_Scaffer,100,PSOLVIW
True,6,48,2147253.4755929476,function_evaluations,1000000,,1000000,19999,1000000,0,max_function_evaluations,0.0002662840051925741,109.91526714199426,3.1640701293945312,3.4765186309814453,,,F6_Scaffer,100,PSOLVIW
True,7,49,1412405.060899427,function_evaluations,1000000,,1000000,19999,1000000,0,max_function_evaluations,0.00021757899958174676,97.2966022469991,3.1975021362304688,3.513673782348633,,,F6_Scaffer,100,PSOLVIW
True,8,50,2078311.3248753066,function_evaluations,1000000,,1000000,19999,1000000,0,max_function_evaluations,0.00022282399731921032,113.3769819529989,3.1502761840820312,3.465608596801758,,,F6_Scaffer,100,PSOLVIW
True,9,51,879623.7266065378,function_evaluations,1000000,,1000000,19999,1000000,0,max_function_evaluations,0.0002052710042335093,101.43175131500175,3.29437255859375,3.603342056274414,,,F6_Scaffer,100,PSOLVIW
True,10,52,1322855.9600464243,function_evaluations,1000000,,1000000,19999,1000000,0,max_function_evaluations,0.00023887999850558117,111.65451699800178,3.1449966430664062,3.453157424926758,,,F6_Scaffer,100,PSOLVIW
True,11,53,2371722.6586641157,function_evaluations,1000000,,1000000,19999,1000000,0,max_function_evaluations,0.00029048700525891036,106.01092315200367,3.145233154296875,3.453287124633789,,,F6_Scaffer,100,PSOLVIW
True,12,54,1830577.8022731307,function_evaluations,1000000,,1000000,19999,1000000,0,max_function_evaluations,0.0002641669998411089,97.95323646900215,3.1722869873046875,3.483957290649414,,,F6_Scaffer,100,PSOLVIW
True,13,55,1444073.6327046799,function_evaluations,1000000,,1000000,19999,1000000,0,max_function_evaluations,0.0002767370024230331,109.31208405199868,3.1690139770507812,3.480897903442383,,,F6_Scaffer,100,PSOLVIW
True,14,56,1854216.5209292416,function_evaluations,1000000,,1000000,19999,1000000,0,max_function_evaluations,0.00027245099772699177,107.59777698800463,3.2851181030273438,3.5958728790283203,,,F6_Scaffer,100,PSOLVIW
True,15,57,1523495.8298705635,function_evaluations,1000000,,1000000,19999,1000000,0,max_function_evaluations,0.00027135600248584524,110.60685709600511,3.2258224487304688,3.5367603302001953,,,F6_Scaffer,100,PSOLVIW
True,16,58,755450.1216533581,function_evaluations,1000000,,1000000,19999,1000000,0,max_function_evaluations,0.00029993500356795266,110.04423381900415,3.1873245239257812,3.5041370391845703,,,F6_Scaffer,100,PSOLVIW
True,17,59,1416446.003687444,function_evaluations,1000000,,1000000,19999,1000000,0,max_function_evaluations,0.0003354500004206784,106.47707543100114,3.1358489990234375,3.4456119537353516,,,F6_Scaffer,100,PSOLVIW
True,18,60,912948.7163979392,function_evaluations,1000000,,1000000,19999,1000000,0,max_function_evaluations,0.0002666389991645701,104.74970703599683,3.152618408203125,3.466806411743164,,,F6_Scaffer,100,PSOLVIW
True,19,61,835724.5122627922,function_evaluations,1000000,,1000000,19999,1000000,0,max_function_evaluations,0.00028602300153579563,107.07810124599928,3.23150634765625,3.541086196899414,,,F6_Scaffer,100,PSOLVIW
True,20,62,1483828.772185498,function_evaluations,1000000,,1000000,19999,1000000,0,max_function_evaluations,0.0003056410059798509,103.23707495000417,3.1554412841796875,3.4699344635009766,,,F6_Scaffer,100,PSOLVIW
True,21,63,744000.1897442738,function_evaluations,1000000,,1000000,19999,1000000,0,max_function_evaluations,0.0003098480010521598,108.02298554400477,3.2562942504882812,3.572023391723633,,,F6_Scaffer,100,PSOLVIW
True,22,64,955098.1331978326,function_evaluations,1000000,,1000000,19999,1000000,0,max_function_evaluations,0.0002838690052158199,55.926098898999044,3.2358551025390625,3.5452213287353516,,,F6_Scaffer,100,PSOLVIW
True,23,65,959736.8761576304,function_evaluations,1000000,,1000000,19999,1000000,0,max_function_evaluations,0.0002702920028241351,51.286171398998704,3.3007736206054688,3.619508743286133,,,F6_Scaffer,100,PSOLVIW
True,24,66,2247529.343704379,function_evaluations,1000000,,1000000,19999,1000000,0,max_function_evaluations,0.00025342099979752675,46.89871261799999,3.1932754516601562,3.5093860626220703,,,F6_Scaffer,100,PSOLVIW
True,0,42,150382.5625587896,function_evaluations,1000000,,1000000,19999,1000000,0,max_function_evaluations,0.000174395005160477,114.43955623000511,4.5223236083984375,4.89842414855957,,,F6_Scaffer,100,PSOTVAC
True,1,43,168694.22124054472,function_evaluations,1000000,,1000000,19999,1000000,0,max_function_evaluations,0.00015499800065299496,106.88497185199958,4.5623321533203125,4.938493728637695,,,F6_Scaffer,100,PSOTVAC
True,2,44,393625.179462931,function_evaluations,1000000,,1000000,19999,1000000,0,max_function_evaluations,0.0002555559985921718,100.6830931700024,4.399070739746094,4.736627578735352,,,F6_Scaffer,100,PSOTVAC
True,3,45,519566.02585125825,function_evaluations,1000000,,1000000,19999,1000000,0,max_function_evaluations,0.0003175589954480529,106.43563908799842,4.345817565917969,4.667337417602539,,,F6_Scaffer,100,PSOTVAC
True,4,46,235986.3045147052,function_evaluations,1000000,,1000000,19999,1000000,0,max_function_evaluations,0.0002698659955058247,109.65402747999906,4.7551116943359375,5.18004035949707,,,F6_Scaffer,100,PSOTVAC
True,5,47,233895.91806781,function_evaluations,1000000,,1000000,19999,1000000,0,max_function_evaluations,0.00027057000261265785,99.63101005699718,4.3202972412109375,4.641817092895508,,,F6_Scaffer,100,PSOTVAC
True,6,48,276089.17320225213,function_evaluations,1000000,,1000000,19999,1000000,0,max_function_evaluations,0.00023162599973147735,100.77482894900459,4.4561004638671875,4.811861038208008,,,F6_Scaffer,100,PSOTVAC
True,7,49,1049195.43882054,function_evaluations,1000000,,1000000,19999,1000000,0,max_function_evaluations,0.00023305799550144002,103.72579795300408,4.4691009521484375,4.824785232543945,,,F6_Scaffer,100,PSOTVAC
True,8,50,180075.38524916605,function_evaluations,1000000,,1000000,19999,1000000,0,max_function_evaluations,0.0002282350033055991,110.85805261800124,4.720924377441406,5.120019912719727,,,F6_Scaffer,100,PSOTVAC
True,9,51,229078.90457825986,function_evaluations,1000000,,1000000,19999,1000000,0,max_function_evaluations,0.0002579469946795143,111.3916313479931,4.4476165771484375,4.803346633911133,,,F6_Scaffer,100,PSOTVAC
True,10,52,117714.29901217164,function_evaluations,1000000,,1000000,19999,1000000,0,max_function_evaluations,0.0002623289983603172,109.27585909499612,4.448860168457031,4.804620742797852,,,F6_Scaffer,100,PSOTVAC
True,11,53,167529.2217535903,function_evaluations,1000000,,1000000,19999,1000000,0,max_function_evaluations,0.00027961900195805356,105.72927958500077,4.5548553466796875,4.930986404418945,,,F6_Scaffer,100,PSOTVAC
True,12,54,155695.0707587305,function_evaluations,1000000,,1000000,19999,1000000,0,max_function_evaluations,0.00026974600041285157,106.9653746920012,4.342964172363281,4.664392471313477,,,F6_Scaffer,100,PSOTVAC
True,13,55,122188.1576589714,function_evaluations,1000000,,1000000,19999,1000000,0,max_function_evaluations,0.0002993320013047196,104.22976429399569,4.361732482910156,4.699350357055664,,,F6_Scaffer,100,PSOTVAC
True,14,56,125270.73568535491,function_evaluations,1000000,,1000000,19999,1000000,0,max_function_evaluations,0.00027179999597137794,111.23134045500046,4.448387145996094,4.804071426391602,,,F6_Scaffer,100,PSOTVAC
True,15,57,420364.7627875102,function_evaluations,1000000,,1000000,19999,1000000,0,max_function_evaluations,0.0002995629984070547,107.86296973499702,4.5037994384765625,4.859560012817383,,,F6_Scaffer,100,PSOTVAC
True,16,58,190641.72844490153,function_evaluations,1000000,,1000000,19999,1000000,0,max_function_evaluations,0.0002619799997773953,107.02476402199682,4.2684478759765625,4.57908821105957,,,F6_Scaffer,100,PSOTVAC
True,17,59,104981.47598369066,function_evaluations,1000000,,1000000,19999,1000000,0,max_function_evaluations,0.0002727230021264404,103.25647271799971,4.553703308105469,4.929819107055664,,,F6_Scaffer,100,PSOTVAC
True,18,60,111473.4542806812,function_evaluations,1000000,,1000000,19999,1000000,0,max_function_evaluations,0.00026446700212545693,105.7410212399991,4.360038757324219,4.697656631469727,,,F6_Scaffer,100,PSOTVAC
True,19,61,86634.39525946317,function_evaluations,1000000,,1000000,19999,1000000,0,max_function_evaluations,0.0002957600008812733,104.05124222400627,5.189064025878906,5.712335586547852,,,F6_Scaffer,100,PSOTVAC
True,20,62,212178.2092679177,function_evaluations,1000000,,1000000,19999,1000000,0,max_function_evaluations,0.00031361899891635403,108.26704763100133,4.5412750244140625,4.917360305786133,,,F6_Scaffer,100,PSOTVAC
True,21,63,134885.6572306416,function_evaluations,1000000,,1000000,19999,1000000,0,max_function_evaluations,0.0002843830006895587,102.48694990300282,4.2796478271484375,4.587770462036133,,,F6_Scaffer,100,PSOTVAC
True,22,64,29357.294447143315,function_evaluations,1000000,,1000000,19999,1000000,0,max_function_evaluations,0.00029081299726385623,52.14772432800237,4.811454772949219,5.236337661743164,,,F6_Scaffer,100,PSOTVAC
True,23,65,144945.4984562097,function_evaluations,1000000,,1000000,19999,1000000,0,max_function_evaluations,0.00026753300335258245,50.22235290300159,4.595756530761719,4.971857070922852,,,F6_Scaffer,100,PSOTVAC
True,24,66,296698.3364933216,function_evaluations,1000000,,1000000,19999,1000000,0,max_function_evaluations,0.0002666389991645701,47.56697847099713,4.3465576171875,4.667985916137695,,,F6_Scaffer,100,PSOTVAC
True,0,42,1348163.205731138,function_evaluations,1000000,,1000000,19999,1000000,0,max_function_evaluations,0.00017299799947068095,108.23017176600115,3.1970977783203125,3.509706497192383,,,F6_Scaffer,100,APSOVI
True,1,43,1643404.1085189257,function_evaluations,1000000,,1000000,19999,1000000,0,max_function_evaluations,0.0001554300033603795,110.24750988100277,3.2205963134765625,3.5326099395751953,,,F6_Scaffer,100,APSOVI
True,2,44,1431897.619402701,function_evaluations,1000000,,1000000,19999,1000000,0,max_function_evaluations,0.00015562999760732055,100.35431211099785,2.988006591796875,3.2975635528564453,,,F6_Scaffer,100,APSOVI
True,3,45,1283434.9044911051,function_evaluations,1000000,,1000000,19999,1000000,0,max_function_evaluations,0.00015025099855847657,111.74809294599982,3.2081832885742188,3.521188735961914,,,F6_Scaffer,100,APSOVI
True,4,46,1483789.3565430192,function_evaluations,1000000,,1000000,19999,1000000,0,max_function_evaluations,0.00030571100069209933,108.78323768499831,3.169158935546875,3.4813709259033203,,,F6_Scaffer,100,APSOVI
True,5,47,1553122.1908186798,function_evaluations,1000000,,1000000,19999,1000000,0,max_function_evaluations,0.00027829600003315136,112.5067583659984,3.2477035522460938,3.565126419067383,,,F6_Scaffer,100,APSOVI
True,6,48,917264.8565992247,function_evaluations,1000000,,1000000,19999,1000000,0,max_function_evaluations,0.00030782700196141377,116.64614427200286,2.9504470825195312,3.261911392211914,,,F6_Scaffer,100,APSOVI
True,7,49,1537741.825867065,function_evaluations,1000000,,1000000,19999,1000000,0,max_function_evaluations,0.000247686002694536,105.701843543,3.1746063232421875,3.485048294067383,,,F6_Scaffer,100,APSOVI
True,8,50,1350864.9670334484,function_evaluations,1000000,,1000000,19999,1000000,0,max_function_evaluations,0.00025724200531840324,110.38163802099734,3.1996078491210938,3.5157413482666016,,,F6_Scaffer,100,APSOVI
True,9,51,1786399.8352967377,function_evaluations,1000000,,1000000,19999,1000000,0,max_function_evaluations,0.00023637199774384499,118.18425933799881,2.9030075073242188,3.2122745513916016,,,F6_Scaffer,100,APSOVI
True,10,52,658427.7230639055,function_evaluations,1000000,,1000000,19999,1000000,0,max_function_evaluations,0.0002713699941523373,105.44636508999974,3.2227554321289062,3.5334033966064453,,,F6_Scaffer,100,APSOVI
True,11,53,2087014.7274289217,function_evaluations,1000000,,1000000,19999,1000000,0,max_function_evaluations,0.00027261499781161547,103.11354507500073,3.1849822998046875,3.502145767211914,,,F6_Scaffer,100,APSOVI
True,12,54,1870180.2695338547,function_evaluations,1000000,,1000000,19999,1000000,0,max_function_evaluations,0.00032770899997558445,111.68581585799984,3.0667800903320312,3.376626968383789,,,F6_Scaffer,100,APSOVI
True,13,55,1333010.1443185227,function_evaluations,1000000,,1000000,19999,1000000,0,max_function_evaluations,0.00027745099941967055,110.92035049599508,3.0227813720703125,3.3345813751220703,,,F6_Scaffer,100,APSOVI
True,14,56,2039979.1069442658,function_evaluations,1000000,,1000000,19999,1000000,0,max_function_evaluations,0.0003170389973092824,109.21454711399565,2.9276580810546875,3.239137649536133,,,F6_Scaffer,100,APSOVI
True,15,57,1397787.9104009103,function_evaluations,1000000,,1000000,19999,1000000,0,max_function_evaluations,0.0002712089990382083,103.60368410700175,3.2050247192382812,3.518434524536133,,,F6_Scaffer,100,APSOVI
True,16,58,1637855.1293818231,function_evaluations,1000000,,1000000,19999,1000000,0,max_function_evaluations,0.0002823009999701753,110.13180501700117,2.97711181640625,3.288057327270508,,,F6_Scaffer,100,APSOVI
True,17,59,1164215.9493847527,function_evaluations,1000000,,1000000,19999,1000000,0,max_function_evaluations,0.003601896998588927,109.78220330900513,3.0024871826171875,3.3134326934814453,,,F6_Scaffer,100,APSOVI
True,18,60,713687.9855640463,function_evaluations,1000000,,1000000,19999,1000000,0,max_function_evaluations,0.00027250900166109204,108.7452986490025,2.9527664184570312,3.2631168365478516,,,F6_Scaffer,100,APSOVI
True,19,61,1522310.162910988,function_evaluations,1000000,,1000000,19999,1000000,0,max_function_evaluations,0.000304162000247743,108.88936339400243,3.2903823852539062,3.6011829376220703,,,F6_Scaffer,100,APSOVI
True,20,62,1618831.0759277225,function_evaluations,1000000,,1000000,19999,1000000,0,max_function_evaluations,0.00030833699565846473,106.90399463799986,3.1854019165039062,3.5019474029541016,,,F6_Scaffer,100,APSOVI
True,21,63,1244819.8970767206,function_evaluations,1000000,,1000000,19999,1000000,0,max_function_evaluations,0.0002948100009234622,105.88557867400232,3.1892166137695312,3.5052661895751953,,,F6_Scaffer,100,APSOVI
True,22,64,1166753.3135136017,function_evaluations,1000000,,1000000,19999,1000000,0,max_function_evaluations,0.00029476799682015553,56.64485698899807,2.9892349243164062,3.297861099243164,,,F6_Scaffer,100,APSOVI
True,23,65,1102037.2409396684,function_evaluations,1000000,,1000000,19999,1000000,0,max_function_evaluations,0.0002801570008159615,49.23682478999399,3.029296875,3.3386707305908203,,,F6_Scaffer,100,APSOVI
True,24,66,1805895.155206077,function_evaluations,1000000,,1000000,19999,1000000,0,max_function_evaluations,0.0002906299996539019,49.71562724799878,2.9319992065429688,3.2428226470947266,,,F6_Scaffer,100,APSOVI
True,0,42,1062.1682681652817,function_evaluations,1000000,,1000000,19607,1000000,0,max_function_evaluations,0.00027922000299440697,151.61286237699824,5.000408172607422,9.04995346069336,,,F6_Scaffer,100,APSO
True,1,43,1222.6501113136233,function_evaluations,1000000,,1000000,19607,1000000,0,max_function_evaluations,0.0002645170025061816,144.09105027299665,4.715303421020508,8.76335334777832,,,F6_Scaffer,100,APSO
True,2,44,1301.4074016922696,function_evaluations,1000000,,1000000,19607,1000000,0,max_function_evaluations,0.0004699180062743835,150.84773577300075,4.941871643066406,8.990562438964844,,,F6_Scaffer,100,APSO
True,3,45,1721.347170398636,function_evaluations,1000000,,1000000,19607,1000000,0,max_function_evaluations,0.00021334999473765492,151.09984275400348,5.390114784240723,9.452340126037598,,,F6_Scaffer,100,APSO
True,4,46,1079.4504549758428,function_evaluations,1000000,,1000000,19607,1000000,0,max_function_evaluations,0.00027503800083650276,151.83049969100102,4.823034286499023,8.875295639038086,,,F6_Scaffer,100,APSO
True,5,47,1447.602514377701,function_evaluations,1000000,,1000000,19607,1000000,0,max_function_evaluations,0.0003797450044658035,149.38412752099975,4.782459259033203,8.833290100097656,,,F6_Scaffer,100,APSO
True,6,48,1247.0163184553116,function_evaluations,1000000,,1000000,19607,1000000,0,max_function_evaluations,0.0005101419956190512,148.0208231219949,5.447347640991211,9.500738143920898,,,F6_Scaffer,100,APSO
True,7,49,1546.9118871931319,function_evaluations,1000000,,1000000,19607,1000000,0,max_function_evaluations,0.00039782999374438077,146.73739745399507,4.710260391235352,8.759469985961914,,,F6_Scaffer,100,APSO
True,8,50,1545.5027552942793,function_evaluations,1000000,,1000000,19607,1000000,0,max_function_evaluations,0.0004707340049208142,152.4740167359996,5.095888137817383,9.15489387512207,,,F6_Scaffer,100,APSO
True,9,51,2119.500195052746,function_evaluations,1000000,,1000000,19607,1000000,0,max_function_evaluations,0.00037193500611465424,148.36345202899975,4.929304122924805,8.982969284057617,,,F6_Scaffer,100,APSO
True,10,52,1455.178335109108,function_evaluations,1000000,,1000000,19607,1000000,0,max_function_evaluations,0.00036215500585967675,151.93835381800454,4.696415901184082,8.741658210754395,,,F6_Scaffer,100,APSO
True,11,53,910.6928815835704,function_evaluations,1000000,,1000000,19607,1000000,0,max_function_evaluations,0.00032425000244984403,148.88527853300184,5.156072616577148,9.205877304077148,,,F6_Scaffer,100,APSO
True,12,54,768.5375775139598,function_evaluations,1000000,,1000000,19607,1000000,0,max_function_evaluations,0.0002796970002236776,149.8590631929983,4.727130889892578,8.772876739501953,,,F6_Scaffer,100,APSO
True,13,55,1584.1065803277525,function_evaluations,1000000,,1000000,19607,1000000,0,max_function_evaluations,0.0004354030024842359,153.25820544599992,5.060365676879883,9.108980178833008,,,F6_Scaffer,100,APSO
True,14,56,1317.0275380205708,function_evaluations,1000000,,1000000,19607,1000000,0,max_function_evaluations,0.000840346998302266,152.68264274800458,5.348491668701172,9.394893646240234,,,F6_Scaffer,100,APSO
True,15,57,1823.518277406134,function_evaluations,1000000,,1000000,19607,1000000,0,max_function_evaluations,0.0034011559982900508,146.74907442500262,4.706533432006836,8.755975723266602,,,F6_Scaffer,100,APSO
True,16,58,748.3327271300532,function_evaluations,1000000,,1000000,19607,1000000,0,max_function_evaluations,0.00035564300196710974,150.46754025200062,4.777194976806641,8.828968048095703,,,F6_Scaffer,100,APSO
True,17,59,1579.3922240406655,function_evaluations,1000000,,1000000,19607,1000000,0,max_function_evaluations,0.0004068650014232844,147.72552534299757,4.886308670043945,8.937440872192383,,,F6_Scaffer,100,APSO
True,18,60,2102.9751918390743,function_evaluations,1000000,,1000000,19607,1000000,0,max_function_evaluations,0.0003454690013313666,150.19666268099536,4.9483842849731445,8.997776985168457,,,F6_Scaffer,100,APSO
True,19,61,1645.239131255832,function_evaluations,1000000,,1000000,19607,1000000,0,max_function_evaluations,0.000314495999191422,149.78944519499782,5.17691707611084,9.238959312438965,,,F6_Scaffer,100,APSO
True,20,62,1710.7221992670206,function_evaluations,1000000,,1000000,19607,1000000,0,max_function_evaluations,0.00019939299818361178,145.95396946500114,5.342949867248535,9.39534854888916,,,F6_Scaffer,100,APSO
True,21,63,2200.1824479534503,function_evaluations,1000000,,1000000,19607,1000000,0,max_function_evaluations,0.00033819599775597453,150.62925040999835,5.084299087524414,9.129373550415039,,,F6_Scaffer,100,APSO
True,22,64,1681.323754078469,function_evaluations,1000000,,1000000,19607,1000000,0,max_function_evaluations,0.0002650110036483966,66.38569519099838,4.720088958740234,8.767192840576172,,,F6_Scaffer,100,APSO
True,23,65,1038.1455498585294,function_evaluations,1000000,,1000000,19607,1000000,0,max_function_evaluations,0.00033995500416494906,64.29569822399935,5.173038482666016,9.234001159667969,,,F6_Scaffer,100,APSO
True,24,66,1477.6321545472238,function_evaluations,1000000,,1000000,19607,1000000,0,max_function_evaluations,0.00035415999445831403,64.28056737899897,5.070681571960449,9.117724418640137,,,F6_Scaffer,100,APSO
True,0,42,2679933.040260571,function_evaluations,1000000,,1000000,19999,1000000,0,max_function_evaluations,0.00048135199904209003,115.57730072100094,3.834681510925293,4.145642280578613,,,F6_Scaffer,100,UAPSO
True,1,43,3632080.7104302323,function_evaluations,1000000,,1000000,19999,1000000,0,max_function_evaluations,0.00030213499849196523,115.98841331600124,3.793935775756836,4.1045942306518555,,,F6_Scaffer,100,UAPSO
True,2,44,3609463.342931151,function_evaluations,1000000,,1000000,19999,1000000,0,max_function_evaluations,0.0004099790021427907,105.47332031599944,3.8320016860961914,4.143038749694824,,,F6_Scaffer,100,UAPSO
True,3,45,5654140.099437201,function_evaluations,1000000,,1000000,19999,1000000,0,max_function_evaluations,0.0004130469969823025,111.60580903799564,3.8226613998413086,4.132065773010254,,,F6_Scaffer,100,UAPSO
True,4,46,4541587.377702987,function_evaluations,1000000,,1000000,19999,1000000,0,max_function_evaluations,0.00041792699630605057,107.298469622001,3.8279829025268555,4.136639595031738,,,F6_Scaffer,100,UAPSO
True,5,47,6622334.872675597,function_evaluations,1000000,,1000000,19999,1000000,0,max_function_evaluations,0.00028621600358746946,111.19014651799807,3.770352363586426,4.0805559158325195,,,F6_Scaffer,100,UAPSO
True,6,48,5067188.4015380405,function_evaluations,1000000,,1000000,19999,1000000,0,max_function_evaluations,0.0003833659939118661,116.29728862399497,3.8332481384277344,4.144575119018555,,,F6_Scaffer,100,UAPSO
True,7,49,8101410.737170931,function_evaluations,1000000,,1000000,19999,1000000,0,max_function_evaluations,0.00036090499634156004,111.60681380499591,3.785890579223633,4.09512996673584,,,F6_Scaffer,100,UAPSO
True,8,50,3959044.8099023704,function_evaluations,1000000,,1000000,19999,1000000,0,max_function_evaluations,0.0003890130028594285,110.81360637099715,3.817145347595215,4.128334999084473,,,F6_Scaffer,100,UAPSO
True,9,51,4486269.990098741,function_evaluations,1000000,,1000000,19999,1000000,0,max_function_evaluations,0.004438702999323141,118.3000238579989,3.884397506713867,4.194033622741699,,,F6_Scaffer,100,UAPSO
True,10,52,7736748.554176047,function_evaluations,1000000,,1000000,19999,1000000,0,max_function_evaluations,0.0025310769997304305,115.69790225000179,3.8159894943237305,4.124585151672363,,,F6_Scaffer,100,UAPSO
True,11,53,3838133.7605418484,function_evaluations,1000000,,1000000,19999,1000000,0,max_function_evaluations,0.0004615969955921173,115.45299669900123,3.818852424621582,4.129141807556152,,,F6_Scaffer,100,UAPSO
True,12,54,4319455.137880138,function_evaluations,1000000,,1000000,19999,1000000,0,max_function_evaluations,0.00044393799907993525,115.5246899479971,3.7750329971313477,4.083582878112793,,,F6_Scaffer,100,UAPSO
True,13,55,5386288.508380732,function_evaluations,1000000,,1000000,19999,1000000,0,max_function_evaluations,0.00047733699466334656,113.79918500699569,3.8371667861938477,4.147212028503418,,,F6_Scaffer,100,UAPSO
True,14,56,5030845.985698395,function_evaluations,1000000,,1000000,19999,1000000,0,max_function_evaluations,0.0004300579967093654,106.59764825700404,3.7844934463500977,4.0933942794799805,,,F6_Scaffer,100,UAPSO
True,15,57,4538168.922850411,function_evaluations,1000000,,1000000,19999,1000000,0,max_function_evaluations,0.000459957002021838,113.23171962799825,3.8083925247192383,4.117461204528809,,,F6_Scaffer,100,UAPSO
True,16,58,3669241.684314317,function_evaluations,1000000,,1000000,19999,1000000,0,max_function_evaluations,0.00047691899817436934,114.53338459799852,3.78460693359375,4.093629837036133,,,F6_Scaffer,100,UAPSO
True,17,59,3303306.116361444,function_evaluations,1000000,,1000000,19999,1000000,0,max_function_evaluations,0.00032521699904464185,110.7301715059948,3.8361568450927734,4.146354675292969,,,F6_Scaffer,100,UAPSO
True,18,60,4570270.298753941,function_evaluations,1000000,,1000000,19999,1000000,0,max_function_evaluations,0.0004380019963718951,111.25458762500057,3.8606796264648438,4.170419692993164,,,F6_Scaffer,100,UAPSO
True,19,61,6897747.464041225,function_evaluations,1000000,,1000000,19999,1000000,0,max_function_evaluations,0.0004164969941484742,114.90642940100224,3.7730865478515625,4.082124710083008,,,F6_Scaffer,100,UAPSO
True,20,62,2784639.581416057,function_evaluations,1000000,,1000000,19999,1000000,0,max_function_evaluations,0.0004683130027842708,109.77837138799805,3.8632431030273438,4.172174453735352,,,F6_Scaffer,100,UAPSO
True,21,63,3771123.266957839,function_evaluations,1000000,,1000000,19999,1000000,0,max_function_evaluations,0.0004830550024053082,109.85709142999985,3.851639747619629,4.162554740905762,,,F6_Scaffer,100,UAPSO
True,22,64,6899406.797791618,function_evaluations,1000000,,1000000,19999,1000000,0,max_function_evaluations,0.0004317800048738718,51.632870996996644,4.178435325622559,4.490342140197754,,,F6_Scaffer,100,UAPSO
True,23,65,2745201.817130919,function_evaluations,1000000,,1000000,19999,1000000,0,max_function_evaluations,0.00041894199966918677,49.67082107600436,3.850569725036621,4.162064552307129,,,F6_Scaffer,100,UAPSO
True,24,66,3209877.943950371,function_evaluations,1000000,,1000000,19999,1000000,0,max_function_evaluations,0.0004282299996702932,49.57482610899751,3.7851009368896484,4.094032287597656,,,F6_Scaffer,100,UAPSO
True,0,42,2219.5591484547795,function_evaluations,1000000,,1000000,19999,1000000,0,max_function_evaluations,0.00027348200092092156,242.7272951940031,2.3365135192871094,2.644804000854492,,,F7_LunacekBiRastr,100,PSO
True,1,43,2273.269812507222,function_evaluations,1000000,,1000000,19999,1000000,0,max_function_evaluations,0.00026484399859327823,235.5739984230022,2.3369102478027344,2.6449718475341797,,,F7_LunacekBiRastr,100,PSO
True,2,44,2551.0370702869236,function_evaluations,1000000,,1000000,19999,1000000,0,max_function_evaluations,0.0003101960028288886,249.31983904100343,2.3341140747070312,2.642038345336914,,,F7_LunacekBiRastr,100,PSO
True,3,45,2365.457085064433,function_evaluations,1000000,,1000000,19999,1000000,0,max_function_evaluations,0.0002801349983201362,242.4022311939989,2.3504905700683594,2.658811569213867,,,F7_LunacekBiRastr,100,PSO
True,4,46,2200.6548401904042,function_evaluations,1000000,,1000000,19999,1000000,0,max_function_evaluations,0.0001998329971684143,237.57701095099765,2.3368492126464844,2.6449413299560547,,,F7_LunacekBiRastr,100,PSO
True,5,47,2399.4615090517036,function_evaluations,1000000,,1000000,19999,1000000,0,max_function_evaluations,0.0002518030014471151,239.56974761800666,2.335460662841797,2.6434459686279297,,,F7_LunacekBiRastr,100,PSO
True,6,48,2349.9764763763123,function_evaluations,1000000,,1000000,19999,1000000,0,max_function_evaluations,0.00022924900258658454,240.4074017419989,2.334430694580078,2.642568588256836,,,F7_LunacekBiRastr,100,PSO
True,7,49,2287.8002204308277,function_evaluations,1000000,,1000000,19999,1000000,0,max_function_evaluations,0.00026113000058103353,253.19004467999912,2.354705810546875,2.6631031036376953,,,F7_LunacekBiRastr,100,PSO
True,8,50,1991.5055221103307,function_evaluations,1000000,,1000000,19999,1000000,0,max_function_evaluations,0.00022481799533125013,231.6993035330015,2.3366775512695312,2.644906997680664,,,F7_LunacekBiRastr,100,PSO
True,9,51,2227.707667725954,function_evaluations,1000000,,1000000,19999,1000000,0,max_function_evaluations,0.00021302800450939685,241.29566137000074,2.3356857299804688,2.6437320709228516,,,F7_LunacekBiRastr,100,PSO
True,10,52,2035.9110495817185,function_evaluations,1000000,,1000000,19999,1000000,0,max_function_evaluations,0.0002117670010193251,238.65701373300544,2.3439865112304688,2.6523075103759766,,,F7_LunacekBiRastr,100,PSO
True,11,53,2015.480951766608,function_evaluations,1000000,,1000000,19999,1000000,0,max_function_evaluations,0.0002551969955675304,242.32422632200178,2.3363914489746094,2.6446666717529297,,,F7_LunacekBiRastr,100,PSO
True,12,54,2277.9064351878887,function_evaluations,1000000,,1000000,19999,1000000,0,max_function_evaluations,0.00027160999889019877,227.54949962300452,2.3367652893066406,2.6449337005615234,,,F7_LunacekBiRastr,100,PSO
True,13,55,1826.391293059296,function_evaluations,1000000,,1000000,19999,1000000,0,max_function_evaluations,0.0002594109973870218,233.25834499800112,2.3290939331054688,2.6369876861572266,,,F7_LunacekBiRastr,100,PSO
True,14,56,1959.7792224800087,function_evaluations,1000000,,1000000,19999,1000000,0,max_function_evaluations,0.0002530549973016605,233.97632989299746,2.334331512451172,2.642362594604492,,,F7_LunacekBiRastr,100,PSO
True,15,57,2365.1585996101994,function_evaluations,1000000,,1000000,19999,1000000,0,max_function_evaluations,0.0002821669986587949,237.19121350700152,2.3324966430664062,2.6404972076416016,,,F7_LunacekBiRastr,100,PSO
True,16,58,2324.457427658045,function_evaluations,1000000,,1000000,19999,1000000,0,max_function_evaluations,0.00028966699755983427,232.45139985100104,2.332061767578125,2.640108108520508,,,F7_LunacekBiRastr,100,PSO
True,17,59,2217.7224743100287,function_evaluations,1000000,,1000000,19999,1000000,0,max_function_evaluations,0.00028609199944185093,228.68208148399572,2.336223602294922,2.644376754760742,,,F7_LunacekBiRastr,100,PSO
True,18,60,1970.7724989931617,function_evaluations,1000000,,1000000,19999,1000000,0,max_function_evaluations,0.0002562560039223172,242.343805409997,2.335906982421875,2.643831253051758,,,F7_LunacekBiRastr,100,PSO
True,19,61,2116.733604531096,function_evaluations,1000000,,1000000,19999,1000000,0,max_function_evaluations,0.00028638399817282334,239.45106519899855,2.3365478515625,2.6448535919189453,,,F7_LunacekBiRastr,100,PSO
True,20,62,2269.886632576308,function_evaluations,1000000,,1000000,19999,1000000,0,max_function_evaluations,0.00028558399935718626,225.69175224200444,2.33294677734375,2.640932083129883,,,F7_LunacekBiRastr,100,PSO
True,21,63,1825.622798543548,function_evaluations,1000000,,1000000,19999,1000000,0,max_function_evaluations,0.00026263199833920226,228.58308556699922,2.3336753845214844,2.641996383666992,,,F7_LunacekBiRastr,100,PSO
True,22,64,2086.5334011915074,function_evaluations,1000000,,1000000,19999,1000000,0,max_function_evaluations,0.0003117020023637451,107.90968304799753,2.3325042724609375,2.640474319458008,,,F7_LunacekBiRastr,100,PSO
True,23,65,2183.498025584622,function_evaluations,1000000,,1000000,19999,1000000,0,max_function_evaluations,0.00025984199601225555,100.55363168699841,2.333026885986328,2.640859603881836,,,F7_LunacekBiRastr,100,PSO
True,24,66,2107.0456275307297,function_evaluations,1000000,,1000000,19999,1000000,0,max_function_evaluations,0.00026090500614373013,101.49872880600014,2.333404541015625,2.6416492462158203,,,F7_LunacekBiRastr,100,PSO
True,0,42,1265.0,function_evaluations,1000000,,1000000,19999,1000000,0,max_function_evaluations,0.0003439799984334968,239.01412677400367,3.142322540283203,3.457365036010742,,,F7_LunacekBiRastr,100,PSOLVIW
True,1,43,1133.5,function_evaluations,1000000,,1000000,19999,1000000,0,max_function_evaluations,0.0002613519973237999,242.85980475499673,3.2575645446777344,3.571737289428711,,,F7_LunacekBiRastr,100,PSOLVIW
True,2,44,1046.0,function_evaluations,1000000,,1000000,19999,1000000,0,max_function_evaluations,0.0002736140013439581,239.45686760600074,3.0670928955078125,3.3800907135009766,,,F7_LunacekBiRastr,100,PSOLVIW
True,3,45,1202.5,function_evaluations,1000000,,1000000,19999,1000000,0,max_function_evaluations,0.00026777799939736724,238.98882033900009,3.1726608276367188,3.4825305938720703,,,F7_LunacekBiRastr,100,PSOLVIW
True,4,46,1285.6228406612624,function_evaluations,1000000,,1000000,19999,1000000,0,max_function_evaluations,0.0003627599944593385,242.02373067000008,3.000194549560547,3.3116817474365234,,,F7_LunacekBiRastr,100,PSOLVIW
True,5,47,1290.5,function_evaluations,1000000,,1000000,19999,1000000,0,max_function_evaluations,0.0002693679998628795,243.55407764499978,3.1138534545898438,3.425996780395508,,,F7_LunacekBiRastr,100,PSOLVIW
True,6,48,958.5000332329446,function_evaluations,1000000,,1000000,19999,1000000,0,max_function_evaluations,0.00029630600329255685,241.51741074000165,3.2604141235351562,3.5734424591064453,,,F7_LunacekBiRastr,100,PSOLVIW
True,7,49,940.0,function_evaluations,1000000,,1000000,19999,1000000,0,max_function_evaluations,0.0003741550026461482,247.95655961099692,3.0390396118164062,3.350954055786133,,,F7_LunacekBiRastr,100,PSOLVIW
True,8,50,985.5,function_evaluations,1000000,,1000000,19999,1000000,0,max_function_evaluations,0.00026203600282315165,244.09841009400407,3.1337013244628906,3.442075729370117,,,F7_LunacekBiRastr,100,PSOLVIW
True,9,51,948.0355710321651,function_evaluations,1000000,,1000000,19999,1000000,0,max_function_evaluations,0.0002549390046624467,240.29274775699741,3.3223228454589844,3.6343135833740234,,,F7_LunacekBiRastr,100,PSOLVIW
True,10,52,1329.0000000000005,function_evaluations,1000000,,1000000,19999,1000000,0,max_function_evaluations,0.0002312340002390556,238.0781068360011,3.145854949951172,3.460592269897461,,,F7_LunacekBiRastr,100,PSOLVIW
True,11,53,1201.5,function_evaluations,1000000,,1000000,19999,1000000,0,max_function_evaluations,0.0002654979980434291,236.80876799899852,3.0190811157226562,3.329072952270508,,,F7_LunacekBiRastr,100,PSOLVIW
True,12,54,1025.0,function_evaluations,1000000,,1000000,19999,1000000,0,max_function_evaluations,0.00026935499772662297,241.36308017600095,3.1561546325683594,3.4656124114990234,,,F7_LunacekBiRastr,100,PSOLVIW
True,13,55,1081.0,function_evaluations,1000000,,1000000,19999,1000000,0,max_function_evaluations,0.0003005899998242967,239.73877300399909,3.162151336669922,3.4738521575927734,,,F7_LunacekBiRastr,100,PSOLVIW
True,14,56,991.0,function_evaluations,1000000,,1000000,19999,1000000,0,max_function_evaluations,0.0002708709944272414,238.850881725004,3.1300315856933594,3.439107894897461,,,F7_LunacekBiRastr,100,PSOLVIW
True,15,57,1310.5,function_evaluations,1000000,,1000000,19999,1000000,0,max_function_evaluations,0.00020609700004570186,244.90288921899628,3.043689727783203,3.3548526763916016,,,F7_LunacekBiRastr,100,PSOLVIW
True,16,58,1134.0,function_evaluations,1000000,,1000000,19999,1000000,0,max_function_evaluations,0.0002767370024230331,237.40131243799988,3.1417007446289062,3.456178665161133,,,F7_LunacekBiRastr,100,PSOLVIW
True,17,59,1156.5,function_evaluations,1000000,,1000000,19999,1000000,0,max_function_evaluations,0.0002585139955044724,242.8177376629974,3.118061065673828,3.4275646209716797,,,F7_LunacekBiRastr,100,PSOLVIW
True,18,60,882.5,function_evaluations,1000000,,1000000,19999,1000000,0,max_function_evaluations,0.00026234400138491765,240.6279145860026,3.202556610107422,3.515920639038086,,,F7_LunacekBiRastr,100,PSOLVIW
True,19,61,904.5000000000109,function_evaluations,1000000,,1000000,19999,1000000,0,max_function_evaluations,0.0002599259969429113,241.04157444099837,3.20391845703125,3.5169315338134766,,,F7_LunacekBiRastr,100,PSOLVIW
True,20,62,1120.0,function_evaluations,1000000,,1000000,19999,1000000,0,max_function_evaluations,0.00027565799973672256,240.29183577599906,3.238391876220703,3.5536327362060547,,,F7_LunacekBiRastr,100,PSOLVIW
True,21,63,1156.5,function_evaluations,1000000,,1000000,19999,1000000,0,max_function_evaluations,0.0002883160050259903,239.90008248900267,3.1367759704589844,3.4448299407958984,,,F7_LunacekBiRastr,100,PSOLVIW
True,22,64,808.5,function_evaluations,1000000,,1000000,19999,1000000,0,max_function_evaluations,0.0002675080031622201,102.1277149200032,3.090167999267578,3.399747848510742,,,F7_LunacekBiRastr,100,PSOLVIW
True,23,65,1091.5,function_evaluations,1000000,,1000000,19999,1000000,0,max_function_evaluations,0.0002860099993995391,102.54854895400058,3.0856590270996094,3.3961238861083984,,,F7_LunacekBiRastr,100,PSOLVIW
True,24,66,1021.5,function_evaluations,1000000,,1000000,19999,1000000,0,max_function_evaluations,0.00026570599584374577,102.35257021799771,3.0818748474121094,3.392538070678711,,,F7_LunacekBiRastr,100,PSOLVIW
True,0,42,815.0,function_evaluations,1000000,,1000000,19999,1000000,0,max_function_evaluations,0.0002078180041280575,236.36089626700414,3.8254051208496094,4.134191513061523,,,F7_LunacekBiRastr,100,PSOTVAC
True,1,43,1148.5,function_evaluations,1000000,,1000000,19999,1000000,0,max_function_evaluations,0.00020673099788837135,236.64599064899812,3.846599578857422,4.154729843139648,,,F7_LunacekBiRastr,100,PSOTVAC
True,2,44,920.5,function_evaluations,1000000,,1000000,19999,1000000,0,max_function_evaluations,0.00015300599625334144,242.08299838599487,3.8766517639160156,4.186185836791992,,,F7_LunacekBiRastr,100,PSOTVAC
True,3,45,817.5,function_evaluations,1000000,,1000000,19999,1000000,0,max_function_evaluations,0.0004961369995726272,242.72427429399977,3.899250030517578,4.209508895874023,,,F7_LunacekBiRastr,100,PSOTVAC
True,4,46,1034.0,function_evaluations,1000000,,1000000,19999,1000000,0,max_function_evaluations,0.000509118995978497,242.99260944200068,3.9462623596191406,4.25758171081543,,,F7_LunacekBiRastr,100,PSOTVAC
True,5,47,1051.5,function_evaluations,1000000,,1000000,19999,1000000,0,max_function_evaluations,0.00044555900240084156,248.66833307599882,3.9231910705566406,4.234174728393555,,,F7_LunacekBiRastr,100,PSOTVAC
True,6,48,1150.5,function_evaluations,1000000,,1000000,19999,1000000,0,max_function_evaluations,0.000402454003051389,239.45815757499804,3.943408966064453,4.256010055541992,,,F7_LunacekBiRastr,100,PSOTVAC
True,7,49,822.0000000000005,function_evaluations,1000000,,1000000,19999,1000000,0,max_function_evaluations,0.00028480999753810465,246.3485528290039,4.197475433349609,4.515462875366211,,,F7_LunacekBiRastr,100,PSOTVAC
True,8,50,1022.5000000000014,function_evaluations,1000000,,1000000,19999,1000000,0,max_function_evaluations,0.0002968199987662956,242.7231111450019,4.4513397216796875,4.806856155395508,,,F7_LunacekBiRastr,100,PSOTVAC
True,9,51,750.5,function_evaluations,1000000,,1000000,19999,1000000,0,max_function_evaluations,0.00023463900288334116,241.58474663700326,3.8586044311523438,4.167924880981445,,,F7_LunacekBiRastr,100,PSOTVAC
True,10,52,682.9343152303577,function_evaluations,1000000,,1000000,19999,1000000,0,max_function_evaluations,0.0002225680000265129,235.99062171299738,4.412372589111328,4.749723434448242,,,F7_LunacekBiRastr,100,PSOTVAC
True,11,53,900.0,function_evaluations,1000000,,1000000,19999,1000000,0,max_function_evaluations,0.0002689120010472834,240.38137074899714,3.861682891845703,4.170194625854492,,,F7_LunacekBiRastr,100,PSOTVAC
True,12,54,953.5000000000002,function_evaluations,1000000,,1000000,19999,1000000,0,max_function_evaluations,0.000278120998700615,241.40500224000425,3.894603729248047,4.205419540405273,,,F7_LunacekBiRastr,100,PSOTVAC
True,13,55,871.0,function_evaluations,1000000,,1000000,19999,1000000,0,max_function_evaluations,0.00028988700069021434,238.58247172599658,3.8249244689941406,4.13520622253418,,,F7_LunacekBiRastr,100,PSOTVAC
True,14,56,1277.0,function_evaluations,1000000,,1000000,19999,1000000,0,max_function_evaluations,0.0003205959947081283,243.78352338200057,3.8971595764160156,4.207456588745117,,,F7_LunacekBiRastr,100,PSOTVAC
True,15,57,935.5000000000005,function_evaluations,1000000,,1000000,19999,1000000,0,max_function_evaluations,0.00037134399462956935,242.57939217999956,3.9121437072753906,4.22474479675293,,,F7_LunacekBiRastr,100,PSOTVAC
True,16,58,835.0,function_evaluations,1000000,,1000000,19999,1000000,0,max_function_evaluations,0.00026538100064499304,241.9641712550001,3.852558135986328,4.163114547729492,,,F7_LunacekBiRastr,100,PSOTVAC
True,17,59,1143.0,function_evaluations,1000000,,1000000,19999,1000000,0,max_function_evaluations,0.0002866609938791953,238.26601718299935,3.931896209716797,4.240407943725586,,,F7_LunacekBiRastr,100,PSOTVAC
True,18,60,892.5,function_evaluations,1000000,,1000000,19999,1000000,0,max_function_evaluations,0.00027531799423741177,240.3114262099989,3.857074737548828,4.166852951049805,,,F7_LunacekBiRastr,100,PSOTVAC
True,19,61,839.0,function_evaluations,1000000,,1000000,19999,1000000,0,max_function_evaluations,0.0002912210038630292,241.7688877029941,3.830646514892578,4.13972282409668,,,F7_LunacekBiRastr,100,PSOTVAC
True,20,62,1049.0,function_evaluations,1000000,,1000000,19999,1000000,0,max_function_evaluations,0.00026924899430014193,237.5585451549996,3.8443260192871094,4.152898788452148,,,F7_LunacekBiRastr,100,PSOTVAC
True,21,63,996.0,function_evaluations,1000000,,1000000,19999,1000000,0,max_function_evaluations,0.0003193910015397705,239.0891203140054,3.934154510498047,4.242925643920898,,,F7_LunacekBiRastr,100,PSOTVAC
True,22,64,1025.5,function_evaluations,1000000,,1000000,19999,1000000,0,max_function_evaluations,0.0002622479951241985,105.61759555200115,4.144908905029297,4.460668563842773,,,F7_LunacekBiRastr,100,PSOTVAC
True,23,65,827.00000000001,function_evaluations,1000000,,1000000,19999,1000000,0,max_function_evaluations,0.00035996700171381235,102.82502703600039,4.398159027099609,4.735494613647461,,,F7_LunacekBiRastr,100,PSOTVAC
True,24,66,1286.5,function_evaluations,1000000,,1000000,19999,1000000,0,max_function_evaluations,0.0002651329996297136,102.54674685200007,4.088550567626953,4.402860641479492,,,F7_LunacekBiRastr,100,PSOTVAC
True,0,42,1573.5,function_evaluations,1000000,,1000000,19999,1000000,0,max_function_evaluations,0.00026371399872004986,243.54354938199685,2.955615997314453,3.2648143768310547,,,F7_LunacekBiRastr,100,APSOVI
True,1,43,1225.000000000001,function_evaluations,1000000,,1000000,19999,1000000,0,max_function_evaluations,0.00015148099919315428,245.00657798199973,2.9468650817871094,3.2551631927490234,,,F7_LunacekBiRastr,100,APSOVI
True,2,44,2100.108811699899,function_evaluations,1000000,,1000000,19999,1000000,0,max_function_evaluations,0.00016225400031544268,246.90065873799904,3.5762367248535156,3.9317455291748047,,,F7_LunacekBiRastr,100,APSOVI
True,3,45,971.0560333851847,function_evaluations,1000000,,1000000,19999,1000000,0,max_function_evaluations,0.00014704500063089654,245.17472612599522,3.6703033447265625,4.046258926391602,,,F7_LunacekBiRastr,100,APSOVI
True,4,46,1401.3746078127892,function_evaluations,1000000,,1000000,19999,1000000,0,max_function_evaluations,0.00024796299840090796,248.1582677789993,3.4183425903320312,3.7396717071533203,,,F7_LunacekBiRastr,100,APSOVI
True,5,47,1586.2679645405733,function_evaluations,1000000,,1000000,19999,1000000,0,max_function_evaluations,0.0002641360042616725,247.76532049699745,3.5541458129882812,3.9096851348876953,,,F7_LunacekBiRastr,100,APSOVI
True,6,48,1182.0000000000082,function_evaluations,1000000,,1000000,19999,1000000,0,max_function_evaluations,0.0002191599996876903,238.55422158199508,2.997821807861328,3.308279037475586,,,F7_LunacekBiRastr,100,APSOVI
True,7,49,1120.5002086726379,function_evaluations,1000000,,1000000,19999,1000000,0,max_function_evaluations,0.00023916799545986578,241.85657686099876,3.266277313232422,3.5788631439208984,,,F7_LunacekBiRastr,100,APSOVI
True,8,50,1210.5306779358707,function_evaluations,1000000,,1000000,19999,1000000,0,max_function_evaluations,0.0002977010008180514,243.3659837890009,3.8190650939941406,4.243703842163086,,,F7_LunacekBiRastr,100,APSOVI
True,9,51,1168.5000000000064,function_evaluations,1000000,,1000000,19999,1000000,0,max_function_evaluations,0.00026425299438415095,244.52998008699797,3.093517303466797,3.403165817260742,,,F7_LunacekBiRastr,100,APSOVI
True,10,52,1511.5,function_evaluations,1000000,,1000000,19999,1000000,0,max_function_evaluations,0.00022658499801764265,240.86785383000097,2.8650779724121094,3.173948287963867,,,F7_LunacekBiRastr,100,APSOVI
True,11,53,1965.8441222735828,function_evaluations,1000000,,1000000,19999,1000000,0,max_function_evaluations,0.0002721530036069453,245.20144211899606,3.3404769897460938,3.651094436645508,,,F7_LunacekBiRastr,100,APSOVI
True,12,54,1202.500000000001,function_evaluations,1000000,,1000000,19999,1000000,0,max_function_evaluations,0.000300876003166195,246.63784404599573,3.1488914489746094,3.4643993377685547,,,F7_LunacekBiRastr,100,APSOVI
True,13,55,1052.5014782838834,function_evaluations,1000000,,1000000,19999,1000000,0,max_function_evaluations,0.00029156300297472626,243.9369030720045,3.795093536376953,4.193967819213867,,,F7_LunacekBiRastr,100,APSOVI
True,14,56,1377.501752830166,function_evaluations,1000000,,1000000,19999,1000000,0,max_function_evaluations,0.0003237810014979914,243.58326905599824,3.714405059814453,4.113225936889648,,,F7_LunacekBiRastr,100,APSOVI
True,15,57,1529.00000000009,function_evaluations,1000000,,1000000,19999,1000000,0,max_function_evaluations,0.00027188099920749664,240.63891364099982,3.124126434326172,3.4358882904052734,,,F7_LunacekBiRastr,100,APSOVI
True,16,58,1211.5,function_evaluations,1000000,,1000000,19999,1000000,0,max_function_evaluations,0.00026397700275992975,248.62916914700327,2.8567771911621094,3.1652050018310547,,,F7_LunacekBiRastr,100,APSOVI
True,17,59,1557.9889194355333,function_evaluations,1000000,,1000000,19999,1000000,0,max_function_evaluations,0.0002981530051329173,238.91379781900469,3.6001243591308594,3.976003646850586,,,F7_LunacekBiRastr,100,APSOVI
True,18,60,1659.291307970051,function_evaluations,1000000,,1000000,19999,1000000,0,max_function_evaluations,0.0002992169975186698,246.9977819370033,3.590160369873047,3.9457149505615234,,,F7_LunacekBiRastr,100,APSOVI
True,19,61,1480.0000003843434,function_evaluations,1000000,,1000000,19999,1000000,0,max_function_evaluations,0.00029965700377942994,245.3830396320045,3.587299346923828,3.963186264038086,,,F7_LunacekBiRastr,100,APSOVI
True,20,62,1332.0000000000005,function_evaluations,1000000,,1000000,19999,1000000,0,max_function_evaluations,0.00029289999656612054,240.4336405070062,2.9392623901367188,3.248331069946289,,,F7_LunacekBiRastr,100,APSOVI
True,21,63,1164.5000420607198,function_evaluations,1000000,,1000000,19999,1000000,0,max_function_evaluations,0.0002830379962688312,238.93293245100358,3.3994522094726562,3.720766067504883,,,F7_LunacekBiRastr,100,APSOVI
True,22,64,1329.5,function_evaluations,1000000,,1000000,19999,1000000,0,max_function_evaluations,0.0002736000024015084,103.01857762000145,2.8548049926757812,3.163919448852539,,,F7_LunacekBiRastr,100,APSOVI
True,23,65,1270.000002892957,function_evaluations,1000000,,1000000,19999,1000000,0,max_function_evaluations,0.0002734869995038025,103.49793279200094,3.609588623046875,3.9854602813720703,,,F7_LunacekBiRastr,100,APSOVI
True,24,66,1122.0001793196975,function_evaluations,1000000,,1000000,19999,1000000,0,max_function_evaluations,0.00027010199846699834,103.79305175500485,3.656147003173828,4.032018661499023,,,F7_LunacekBiRastr,100,APSOVI
True,0,42,1062.0,function_evaluations,1000000,,1000000,19607,1000000,0,max_function_evaluations,0.00017877200298244134,289.26711601499846,4.665440559387207,8.710972785949707,,,F7_LunacekBiRastr,100,APSO
True,1,43,1742.9929184230386,function_evaluations,1000000,,1000000,19993,1000000,0,max_function_evaluations,0.00016178299847524613,286.3900871750011,4.502434730529785,8.547516822814941,,,F7_LunacekBiRastr,100,APSO
True,2,44,1176.9962117818527,function_evaluations,1000000,,1000000,19631,1000000,0,max_function_evaluations,0.0002099579942296259,281.9457509979984,4.743500709533691,8.794205665588379,,,F7_LunacekBiRastr,100,APSO
True,3,45,1409.5,function_evaluations,1000000,,1000000,19628,1000000,0,max_function_evaluations,0.00022205699497135356,285.69834761100356,4.591693878173828,8.637470245361328,,,F7_LunacekBiRastr,100,APSO
True,4,46,1485.7795364056283,function_evaluations,1000000,,1000000,19990,1000000,0,max_function_evaluations,0.00024702000519027933,291.65695041300205,4.520599365234375,8.565727233886719,,,F7_LunacekBiRastr,100,APSO
True,5,47,1134.3620940754531,function_evaluations,1000000,,1000000,19958,1000000,0,max_function_evaluations,0.0003885460027959198,287.18504930799827,4.59090518951416,8.63655948638916,,,F7_LunacekBiRastr,100,APSO
True,6,48,1310.5,function_evaluations,1000000,,1000000,19608,1000000,0,max_function_evaluations,0.00039790399750927463,284.7900561799979,4.6592559814453125,8.705047607421875,,,F7_LunacekBiRastr,100,APSO
True,7,49,1528.1969065493204,function_evaluations,1000000,,1000000,19608,1000000,0,max_function_evaluations,0.00037013399560237303,281.427262377998,4.579730987548828,8.626949310302734,,,F7_LunacekBiRastr,100,APSO
True,8,50,1264.0,function_evaluations,1000000,,1000000,19607,1000000,0,max_function_evaluations,0.0003401830035727471,286.5780437020003,4.612880706787109,8.65749740600586,,,F7_LunacekBiRastr,100,APSO
True,9,51,1586.0,function_evaluations,1000000,,1000000,19619,1000000,0,max_function_evaluations,0.00035485099942889065,283.85289866400126,4.552608489990234,8.59842300415039,,,F7_LunacekBiRastr,100,APSO
True,10,52,1532.0,function_evaluations,1000000,,1000000,19721,1000000,0,max_function_evaluations,0.0002907860034611076,286.2054742440014,4.590888977050781,8.635665893554688,,,F7_LunacekBiRastr,100,APSO
True,11,53,1428.0,function_evaluations,1000000,,1000000,19843,1000000,0,max_function_evaluations,0.0003059650043724105,285.63026940599957,4.786632537841797,8.836360931396484,,,F7_LunacekBiRastr,100,APSO
True,12,54,1148.0,function_evaluations,1000000,,1000000,19607,1000000,0,max_function_evaluations,0.0002772670050035231,283.6110285620016,4.504570960998535,8.550957679748535,,,F7_LunacekBiRastr,100,APSO
True,13,55,1254.5,function_evaluations,1000000,,1000000,19607,1000000,0,max_function_evaluations,0.0002857180006685667,283.9382288909983,4.5005645751953125,8.545738220214844,,,F7_LunacekBiRastr,100,APSO
True,14,56,1177.0,function_evaluations,1000000,,1000000,19608,1000000,0,max_function_evaluations,0.00028507700335467234,286.4432702799968,4.6116180419921875,8.656883239746094,,,F7_LunacekBiRastr,100,APSO
True,15,57,1218.0,function_evaluations,1000000,,1000000,19609,1000000,0,max_function_evaluations,0.00026533900381764397,286.5020264919949,4.551660537719727,8.597307205200195,,,F7_LunacekBiRastr,100,APSO
True,16,58,1394.0,function_evaluations,1000000,,1000000,19608,1000000,0,max_function_evaluations,0.00027805900026578456,288.49160996999854,4.497642517089844,8.54327392578125,,,F7_LunacekBiRastr,100,APSO
True,17,59,1175.4542816814615,function_evaluations,1000000,,1000000,19985,1000000,0,max_function_evaluations,0.0003233600000385195,286.67057977199875,4.51066780090332,8.555360794067383,,,F7_LunacekBiRastr,100,APSO
True,18,60,1170.0,function_evaluations,1000000,,1000000,19768,1000000,0,max_function_evaluations,0.0003475740013527684,288.058232950003,4.641338348388672,8.685894012451172,,,F7_LunacekBiRastr,100,APSO
True,19,61,1036.0,function_evaluations,1000000,,1000000,19629,1000000,0,max_function_evaluations,0.0003301450051367283,283.8405980989992,4.793595314025879,8.843979835510254,,,F7_LunacekBiRastr,100,APSO
True,20,62,1155.7257438118097,function_evaluations,1000000,,1000000,19607,1000000,0,max_function_evaluations,0.0003175789970555343,286.391293005996,4.536970138549805,8.582235336303711,,,F7_LunacekBiRastr,100,APSO
True,21,63,1348.5,function_evaluations,1000000,,1000000,19607,1000000,0,max_function_evaluations,0.00029144500149413943,281.00150929899974,4.712329864501953,8.760746002197266,,,F7_LunacekBiRastr,100,APSO
True,22,64,1148.0,function_evaluations,1000000,,1000000,19607,1000000,0,max_function_evaluations,0.00026594899827614427,122.52119395400223,4.570794105529785,8.616257667541504,,,F7_LunacekBiRastr,100,APSO
True,23,65,1180.5,function_evaluations,1000000,,1000000,19696,1000000,0,max_function_evaluations,0.00029054799961159006,121.14757124000607,4.730373382568359,8.778995513916016,,,F7_LunacekBiRastr,100,APSO
True,24,66,1032.0,function_evaluations,1000000,,1000000,19609,1000000,0,max_function_evaluations,0.0003022800010512583,120.59164886700455,4.591518402099609,8.636600494384766,,,F7_LunacekBiRastr,100,APSO
True,0,42,2144.276970490396,function_evaluations,1000000,,1000000,19999,1000000,0,max_function_evaluations,0.00027947299531660974,243.7339231490041,3.790689468383789,4.100212097167969,,,F7_LunacekBiRastr,100,UAPSO
True,1,43,2103.558567741422,function_evaluations,1000000,,1000000,19999,1000000,0,max_function_evaluations,0.00025008199736475945,245.9158515329982,3.7648000717163086,4.073891639709473,,,F7_LunacekBiRastr,100,UAPSO
True,2,44,1962.8344821836822,function_evaluations,1000000,,1000000,19999,1000000,0,max_function_evaluations,0.0003457950006122701,249.2235327429953,3.7946596145629883,4.104369163513184,,,F7_LunacekBiRastr,100,UAPSO
True,3,45,2246.0,function_evaluations,1000000,,1000000,19999,1000000,0,max_function_evaluations,0.000259738000750076,248.39573501200357,3.7139320373535156,4.02247428894043,,,F7_LunacekBiRastr,100,UAPSO
True,4,46,2392.079102793593,function_evaluations,1000000,,1000000,19999,1000000,0,max_function_evaluations,0.0005057099988334812,248.47275691499817,3.887040138244629,4.196253776550293,,,F7_LunacekBiRastr,100,UAPSO
True,5,47,2291.2202606965507,function_evaluations,1000000,,1000000,19999,1000000,0,max_function_evaluations,0.0003283749974798411,253.00678738499846,3.958951950073242,4.271263122558594,,,F7_LunacekBiRastr,100,UAPSO
True,6,48,2322.719076937935,function_evaluations,1000000,,1000000,19999,1000000,0,max_function_evaluations,0.00035739799932343885,246.34632242499356,3.802018165588379,4.113001823425293,,,F7_LunacekBiRastr,100,UAPSO
True,7,49,2628.0480249747534,function_evaluations,1000000,,1000000,19999,1000000,0,max_function_evaluations,0.0004230699996696785,245.92630328299856,3.757051467895508,4.065937042236328,,,F7_LunacekBiRastr,100,UAPSO
True,8,50,2068.9770765737244,function_evaluations,1000000,,1000000,19999,1000000,0,max_function_evaluations,0.00036422599805518985,249.3989585409945,4.096181869506836,4.407710075378418,,,F7_LunacekBiRastr,100,UAPSO
True,9,51,2303.6435177205994,function_evaluations,1000000,,1000000,19999,1000000,0,max_function_evaluations,0.00034833900281228125,245.72070053900097,3.8454675674438477,4.15506649017334,,,F7_LunacekBiRastr,100,UAPSO
True,10,52,2714.891391869422,function_evaluations,1000000,,1000000,19999,1000000,0,max_function_evaluations,0.00033356299536535516,250.12170538999635,3.9308786392211914,4.2418012619018555,,,F7_LunacekBiRastr,100,UAPSO
True,11,53,1776.5006961678469,function_evaluations,1000000,,1000000,19999,1000000,0,max_function_evaluations,0.000418518997321371,243.41201649300638,3.8006553649902344,4.109071731567383,,,F7_LunacekBiRastr,100,UAPSO
True,12,54,2170.6875958950004,function_evaluations,1000000,,1000000,19999,1000000,0,max_function_evaluations,0.0004240199996274896,251.55333744099335,4.00507926940918,4.314495086669922,,,F7_LunacekBiRastr,100,UAPSO
True,13,55,2272.204685181673,function_evaluations,1000000,,1000000,19999,1000000,0,max_function_evaluations,0.0004251279970048927,250.66231614400021,3.816202163696289,4.127246856689453,,,F7_LunacekBiRastr,100,UAPSO
True,14,56,2158.1559112127475,function_evaluations,1000000,,1000000,19999,1000000,0,max_function_evaluations,0.00043596099567366764,243.79553101600322,3.7772064208984375,4.085687637329102,,,F7_LunacekBiRastr,100,UAPSO
True,15,57,1894.9131550316606,function_evaluations,1000000,,1000000,19999,1000000,0,max_function_evaluations,0.0004274079983588308,251.25238461299887,3.8147764205932617,4.123593330383301,,,F7_LunacekBiRastr,100,UAPSO
True,16,58,1894.5302912617808,function_evaluations,1000000,,1000000,19999,1000000,0,max_function_evaluations,0.0004033049990539439,246.86430945699976,3.7972965240478516,4.106571197509766,,,F7_LunacekBiRastr,100,UAPSO
True,17,59,1594.5773994198307,function_evaluations,1000000,,1000000,19999,1000000,0,max_function_evaluations,0.0004634569995687343,247.3686714009964,3.800699234008789,4.109027862548828,,,F7_LunacekBiRastr,100,UAPSO
True,18,60,2206.2085106266104,function_evaluations,1000000,,1000000,19999,1000000,0,max_function_evaluations,0.0004605450012604706,246.68531128999894,3.9997682571411133,4.310172080993652,,,F7_LunacekBiRastr,100,UAPSO
True,19,61,2810.707157310517,function_evaluations,1000000,,1000000,19999,1000000,0,max_function_evaluations,0.0004995760027668439,246.48298243899626,3.795027732849121,4.10488224029541,,,F7_LunacekBiRastr,100,UAPSO
True,20,62,2270.2396944341663,function_evaluations,1000000,,1000000,19999,1000000,0,max_function_evaluations,0.0004612240009009838,248.08846395699948,3.814274787902832,4.123183250427246,,,F7_LunacekBiRastr,100,UAPSO
True,21,63,2541.0008919528327,function_evaluations,1000000,,1000000,19999,1000000,0,max_function_evaluations,0.00048008200246840715,245.9422951470042,3.816844940185547,4.127744674682617,,,F7_LunacekBiRastr,100,UAPSO
True,22,64,2664.3083517489194,function_evaluations,1000000,,1000000,19999,1000000,0,max_function_evaluations,0.0005319710035109892,107.94047986200167,3.8716135025024414,4.183653831481934,,,F7_LunacekBiRastr,100,UAPSO
True,23,65,2378.3309081306343,function_evaluations,1000000,,1000000,19999,1000000,0,max_function_evaluations,0.000420454001869075,108.01633461999882,3.7978954315185547,4.107170104980469,,,F7_LunacekBiRastr,100,UAPSO
True,24,66,2051.9777023776883,function_evaluations,1000000,,1000000,19999,1000000,0,max_function_evaluations,0.0003035769987036474,103.40497704500012,3.764084815979004,4.073512077331543,,,F7_LunacekBiRastr,100,UAPSO
True,0,42,28296.414725159928,function_evaluations,1000000,,1000000,19999,1000000,0,max_function_evaluations,0.00016141600644914433,259.869312017996,2.332489013671875,2.6402835845947266,,,F9_Levy,100,PSO
True,1,43,28217.413359795617,function_evaluations,1000000,,1000000,19999,1000000,0,max_function_evaluations,0.00016489599511260167,256.5672828969982,2.3314743041992188,2.6394214630126953,,,F9_Levy,100,PSO
True,2,44,27287.971159297427,function_evaluations,1000000,,1000000,19999,1000000,0,max_function_evaluations,0.00024506699992343783,260.527101589003,2.3336257934570312,2.641633987426758,,,F9_Levy,100,PSO
True,3,45,28217.430602605848,function_evaluations,1000000,,1000000,19999,1000000,0,max_function_evaluations,0.00015468199853785336,257.54954814600205,2.3342208862304688,2.6421375274658203,,,F9_Levy,100,PSO
True,4,46,28028.268273864276,function_evaluations,1000000,,1000000,19999,1000000,0,max_function_evaluations,0.00025037399609573185,264.0310057570023,2.334930419921875,2.6427249908447266,,,F9_Levy,100,PSO
True,5,47,28700.073671940245,function_evaluations,1000000,,1000000,19999,1000000,0,max_function_evaluations,0.00023240199516294524,258.39597530399624,2.3337020874023438,2.6417102813720703,,,F9_Levy,100,PSO
True,6,48,28754.87223378892,function_evaluations,1000000,,1000000,19999,1000000,0,max_function_evaluations,0.00020375600433908403,257.89028131800296,2.3337326049804688,2.6417407989501953,,,F9_Levy,100,PSO
True,7,49,30598.945444903315,function_evaluations,1000000,,1000000,19999,1000000,0,max_function_evaluations,0.0002137850024155341,265.3325632920023,2.3310546875,2.6390933990478516,,,F9_Levy,100,PSO
True,8,50,28486.92009376354,function_evaluations,1000000,,1000000,19999,1000000,0,max_function_evaluations,0.00024893899535527453,257.57363059499767,2.3364486694335938,2.6444873809814453,,,F9_Levy,100,PSO
True,9,51,26310.534645237298,function_evaluations,1000000,,1000000,19999,1000000,0,max_function_evaluations,0.00022049099789001048,259.88514643500093,2.332000732421875,2.6398868560791016,,,F9_Levy,100,PSO
True,10,52,29464.6892580026,function_evaluations,1000000,,1000000,19999,1000000,0,max_function_evaluations,0.00023183300072560087,252.10587954999937,2.325592041015625,2.6335391998291016,,,F9_Levy,100,PSO
True,11,53,26738.051075477597,function_evaluations,1000000,,1000000,19999,1000000,0,max_function_evaluations,0.0002868349984055385,257.75267246300064,2.3304977416992188,2.6385364532470703,,,F9_Levy,100,PSO
True,12,54,30652.623373421695,function_evaluations,1000000,,1000000,19999,1000000,0,max_function_evaluations,0.00025259099493268877,258.2198176470047,2.3341217041015625,2.642007827758789,,,F9_Levy,100,PSO
True,13,55,27304.790739421675,function_evaluations,1000000,,1000000,19999,1000000,0,max_function_evaluations,0.0002884659988922067,258.6213832469948,2.3347930908203125,2.642557144165039,,,F9_Levy,100,PSO
True,14,56,28283.37537753299,function_evaluations,1000000,,1000000,19999,1000000,0,max_function_evaluations,0.0002619059960125014,259.8373963070044,2.3346176147460938,2.6423816680908203,,,F9_Levy,100,PSO
True,15,57,27610.24969708422,function_evaluations,1000000,,1000000,19999,1000000,0,max_function_evaluations,0.0002941900020232424,263.8035558190022,2.3329849243164062,2.641054153442383,,,F9_Levy,100,PSO
True,16,58,29366.420936033774,function_evaluations,1000000,,1000000,19999,1000000,0,max_function_evaluations,0.00026904900005320087,257.7356855540056,2.3332672119140625,2.641275405883789,,,F9_Levy,100,PSO
True,17,59,28810.711475901153,function_evaluations,1000000,,1000000,19999,1000000,0,max_function_evaluations,0.0002820549998432398,260.62692600599985,2.3321914672851562,2.640352249145508,,,F9_Levy,100,PSO
True,18,60,28501.635543840042,function_evaluations,1000000,,1000000,19999,1000000,0,max_function_evaluations,0.000255011000263039,261.5170393590015,2.334564208984375,2.6423587799072266,,,F9_Levy,100,PSO
True,19,61,27863.896741119686,function_evaluations,1000000,,1000000,19999,1000000,0,max_function_evaluations,0.0002587060007499531,255.2666593230024,2.33270263671875,2.6407718658447266,,,F9_Levy,100,PSO
True,20,62,29293.44067099171,function_evaluations,1000000,,1000000,19999,1000000,0,max_function_evaluations,0.000267636998614762,257.36072524700285,2.3321304321289062,2.639894485473633,,,F9_Levy,100,PSO
True,21,63,27588.71280359505,function_evaluations,1000000,,1000000,19999,1000000,0,max_function_evaluations,0.0002867290022550151,254.8545354930029,2.3324737548828125,2.640604019165039,,,F9_Levy,100,PSO
True,22,64,27422.085396205548,function_evaluations,1000000,,1000000,19999,1000000,0,max_function_evaluations,0.0002729659972828813,121.506427884,2.3330078125,2.6410465240478516,,,F9_Levy,100,PSO
True,23,65,28353.506855681888,function_evaluations,1000000,,1000000,19999,1000000,0,max_function_evaluations,0.0002657310033100657,116.97558683399984,2.333160400390625,2.6411685943603516,,,F9_Levy,100,PSO
True,24,66,28140.37030633023,function_evaluations,1000000,,1000000,19999,1000000,0,max_function_evaluations,0.00026441700174473226,115.97232176800026,2.3330078125,2.6410465240478516,,,F9_Levy,100,PSO
True,0,42,13732.88669132856,function_evaluations,1000000,,1000000,19999,1000000,0,max_function_evaluations,0.00016162999963853508,262.1527087350041,3.2293853759765625,3.5390872955322266,,,F9_Levy,100,PSOLVIW
True,1,43,14854.892832839552,function_evaluations,1000000,,1000000,19999,1000000,0,max_function_evaluations,0.00017953600035980344,256.073658911002,3.2887496948242188,3.5975894927978516,,,F9_Levy,100,PSOLVIW
True,2,44,10947.91793216201,function_evaluations,1000000,,1000000,19999,1000000,0,max_function_evaluations,0.0001593409979250282,256.7830900839981,3.1879653930664062,3.4956226348876953,,,F9_Levy,100,PSOLVIW
True,3,45,16424.252404880535,function_evaluations,1000000,,1000000,19999,1000000,0,max_function_evaluations,0.00022179300140123814,259.5011581969957,3.2027130126953125,3.5168094635009766,,,F9_Levy,100,PSOLVIW
True,4,46,12629.619050278547,function_evaluations,1000000,,1000000,19999,1000000,0,max_function_evaluations,0.0002541089997976087,260.1151388560029,3.192626953125,3.508211135864258,,,F9_Levy,100,PSOLVIW
True,5,47,11288.32401257252,function_evaluations,1000000,,1000000,19999,1000000,0,max_function_evaluations,0.00026197300030617043,260.4272131580001,3.1789932250976562,3.4884510040283203,,,F9_Levy,100,PSOLVIW
True,6,48,15315.178209713406,function_evaluations,1000000,,1000000,19999,1000000,0,max_function_evaluations,0.00027266899996902794,258.78792211799737,3.1866302490234375,3.4949588775634766,,,F9_Levy,100,PSOLVIW
True,7,49,14013.615418613008,function_evaluations,1000000,,1000000,19999,1000000,0,max_function_evaluations,0.00019009599782293662,264.9102534470003,3.1439285278320312,3.458627700805664,,,F9_Levy,100,PSOLVIW
True,8,50,14711.629677622685,function_evaluations,1000000,,1000000,19999,1000000,0,max_function_evaluations,0.00021634899894706905,255.6573748689989,3.236419677734375,3.544809341430664,,,F9_Levy,100,PSOLVIW
True,9,51,13384.50472471146,function_evaluations,1000000,,1000000,19999,1000000,0,max_function_evaluations,0.00021011000353610143,253.07025836899993,3.2042999267578125,3.5178165435791016,,,F9_Levy,100,PSOLVIW
True,10,52,13669.667770352622,function_evaluations,1000000,,1000000,19999,1000000,0,max_function_evaluations,0.00021164200006751344,262.55821984999784,3.2252044677734375,3.5358753204345703,,,F9_Levy,100,PSOLVIW
True,11,53,13341.71159139026,function_evaluations,1000000,,1000000,19999,1000000,0,max_function_evaluations,0.0002741739954217337,259.35185301599995,3.220489501953125,3.531404495239258,,,F9_Levy,100,PSOLVIW
True,12,54,14911.323702719856,function_evaluations,1000000,,1000000,19999,1000000,0,max_function_evaluations,0.0003063320036744699,253.66606602100364,3.241973876953125,3.559030532836914,,,F9_Levy,100,PSOLVIW
True,13,55,12899.941461369544,function_evaluations,1000000,,1000000,19999,1000000,0,max_function_evaluations,0.00027144100022269413,254.64085531299497,3.23095703125,3.540445327758789,,,F9_Levy,100,PSOLVIW
True,14,56,15219.55616780309,function_evaluations,1000000,,1000000,19999,1000000,0,max_function_evaluations,0.00018154999997932464,260.7028447490011,3.2370681762695312,3.545206069946289,,,F9_Levy,100,PSOLVIW
True,15,57,13787.00922367143,function_evaluations,1000000,,1000000,19999,1000000,0,max_function_evaluations,0.0002902230044128373,260.238325737002,3.2058944702148438,3.5194644927978516,,,F9_Levy,100,PSOLVIW
True,16,58,12733.915064618468,function_evaluations,1000000,,1000000,19999,1000000,0,max_function_evaluations,0.0002692080015549436,261.9681206930036,3.2534103393554688,3.5697574615478516,,,F9_Levy,100,PSOLVIW
True,17,59,13057.696354295345,function_evaluations,1000000,,1000000,19999,1000000,0,max_function_evaluations,0.00027061499713454396,262.4477937890042,3.2309036254882812,3.540964126586914,,,F9_Levy,100,PSOLVIW
True,18,60,16144.484125629024,function_evaluations,1000000,,1000000,19999,1000000,0,max_function_evaluations,0.000267929004621692,256.49746039599995,3.2043380737304688,3.517244338989258,,,F9_Levy,100,PSOLVIW
True,19,61,14951.50768780609,function_evaluations,1000000,,1000000,19999,1000000,0,max_function_evaluations,0.0002600759980850853,256.15830120699684,3.20220947265625,3.516702651977539,,,F9_Levy,100,PSOLVIW
True,20,62,10554.464228686786,function_evaluations,1000000,,1000000,19999,1000000,0,max_function_evaluations,0.00029203699523350224,257.2410195400007,3.1963882446289062,3.511758804321289,,,F9_Levy,100,PSOLVIW
True,21,63,15532.667939627434,function_evaluations,1000000,,1000000,19999,1000000,0,max_function_evaluations,0.0002772349980659783,256.7305685360043,3.1811370849609375,3.4900074005126953,,,F9_Levy,100,PSOLVIW
True,22,64,11978.382868430403,function_evaluations,1000000,,1000000,19999,1000000,0,max_function_evaluations,0.00026335300208302215,119.7138612810013,3.2137069702148438,3.526002883911133,,,F9_Levy,100,PSOLVIW
True,23,65,14598.598438603312,function_evaluations,1000000,,1000000,19999,1000000,0,max_function_evaluations,0.00027412000054027885,118.68093702500482,3.1783523559570312,3.488656997680664,,,F9_Levy,100,PSOLVIW
True,24,66,13908.352911553276,function_evaluations,1000000,,1000000,19999,1000000,0,max_function_evaluations,0.000267217998043634,118.66867218699917,3.1822662353515625,3.4910526275634766,,,F9_Levy,100,PSOLVIW
True,0,42,15116.77136813376,function_evaluations,1000000,,1000000,19999,1000000,0,max_function_evaluations,0.00016993100143736228,258.17895239099744,5.500343322753906,6.064638137817383,,,F9_Levy,100,PSOTVAC
True,1,43,12877.316336091226,function_evaluations,1000000,,1000000,19999,1000000,0,max_function_evaluations,0.00017413000023225322,255.53259192599944,5.3527374267578125,5.875711441040039,,,F9_Levy,100,PSOTVAC
True,2,44,15898.86308753934,function_evaluations,1000000,,1000000,19999,1000000,0,max_function_evaluations,0.00021789900347357616,262.3791501579981,6.412361145019531,7.200471878051758,,,F9_Levy,100,PSOTVAC
True,3,45,13786.579882156668,function_evaluations,1000000,,1000000,19999,1000000,0,max_function_evaluations,0.00023800600320100784,251.5841413099988,5.442237854003906,6.006532669067383,,,F9_Levy,100,PSOTVAC
True,4,46,13673.223121372816,function_evaluations,1000000,,1000000,19999,1000000,0,max_function_evaluations,0.00029227000050013885,261.2706782500027,5.164726257324219,5.650957107543945,,,F9_Levy,100,PSOTVAC
True,5,47,14067.153681183296,function_evaluations,1000000,,1000000,19999,1000000,0,max_function_evaluations,0.00021194000146351755,247.6390988570056,4.661720275878906,5.060487747192383,,,F9_Levy,100,PSOTVAC
True,6,48,13788.294433463543,function_evaluations,1000000,,1000000,19999,1000000,0,max_function_evaluations,0.00022808399808127433,257.1184578769971,5.654853820800781,6.265657424926758,,,F9_Levy,100,PSOTVAC
True,7,49,14301.47236597873,function_evaluations,1000000,,1000000,19999,1000000,0,max_function_evaluations,0.00025585699768271297,256.4579335570015,5.464546203613281,6.028841018676758,,,F9_Levy,100,PSOTVAC
True,8,50,14070.099391427357,function_evaluations,1000000,,1000000,19999,1000000,0,max_function_evaluations,0.0002796219996525906,255.23750162500073,4.727531433105469,5.126298904418945,,,F9_Levy,100,PSOTVAC
True,9,51,11503.614286907079,function_evaluations,1000000,,1000000,19999,1000000,0,max_function_evaluations,0.00021964700135868043,255.16448286500236,5.783714294433594,6.44682502746582,,,F9_Levy,100,PSOTVAC
True,10,52,14582.90821154468,function_evaluations,1000000,,1000000,19999,1000000,0,max_function_evaluations,0.0002516169988666661,258.4838368550045,5.083290100097656,5.569520950317383,,,F9_Levy,100,PSOTVAC
True,11,53,14210.57847733764,function_evaluations,1000000,,1000000,19999,1000000,0,max_function_evaluations,0.0003050720042665489,263.109843541999,5.143775939941406,5.630006790161133,,,F9_Levy,100,PSOTVAC
True,12,54,14050.421581317067,function_evaluations,1000000,,1000000,19999,1000000,0,max_function_evaluations,0.00025613600155338645,231.6903137019981,5.13604736328125,5.622278213500977,,,F9_Levy,100,PSOTVAC
True,13,55,15027.553850724722,function_evaluations,1000000,,1000000,19999,1000000,0,max_function_evaluations,0.00026662500022212043,259.9236235130011,5.624809265136719,6.235612869262695,,,F9_Levy,100,PSOTVAC
True,14,56,14391.236769266914,function_evaluations,1000000,,1000000,19999,1000000,0,max_function_evaluations,0.0002732170032686554,263.9067885429977,4.7297210693359375,5.128488540649414,,,F9_Levy,100,PSOTVAC
True,15,57,15624.12581617299,function_evaluations,1000000,,1000000,19999,1000000,0,max_function_evaluations,0.00029059400549158454,259.66189409800427,5.0027923583984375,5.456369400024414,,,F9_Levy,100,PSOTVAC
True,16,58,16740.0049088076,function_evaluations,1000000,,1000000,19999,1000000,0,max_function_evaluations,0.00026847299886867404,254.36378404599964,6.0555877685546875,6.777536392211914,,,F9_Levy,100,PSOTVAC
True,17,59,13142.291338340434,function_evaluations,1000000,,1000000,19999,1000000,0,max_function_evaluations,0.0002663160048541613,262.6195240110028,4.8637847900390625,5.288370132446289,,,F9_Levy,100,PSOTVAC
True,18,60,15135.414579233438,function_evaluations,1000000,,1000000,19999,1000000,0,max_function_evaluations,0.0002740729978540912,252.46316889399895,4.891685485839844,5.31627082824707,,,F9_Levy,100,PSOTVAC
True,19,61,14095.978064314975,function_evaluations,1000000,,1000000,19999,1000000,0,max_function_evaluations,0.0002829889999702573,261.3380840010068,5.1696014404296875,5.655832290649414,,,F9_Levy,100,PSOTVAC
True,20,62,14949.144007991417,function_evaluations,1000000,,1000000,19999,1000000,0,max_function_evaluations,0.00026566500309854746,248.9695808500037,5.1914825439453125,5.677713394165039,,,F9_Levy,100,PSOTVAC
True,21,63,15300.218045935075,function_evaluations,1000000,,1000000,19999,1000000,0,max_function_evaluations,0.000304899993352592,254.38445009100542,5.8402099609375,6.503320693969727,,,F9_Levy,100,PSOTVAC
True,22,64,14784.083442865773,function_evaluations,1000000,,1000000,19999,1000000,0,max_function_evaluations,0.00026512800104683265,130.4168672989981,5.2186431884765625,5.741617202758789,,,F9_Levy,100,PSOTVAC
True,23,65,15355.16871590733,function_evaluations,1000000,,1000000,19999,1000000,0,max_function_evaluations,0.0002699010001379065,116.64476156800083,5.432899475097656,5.997171401977539,,,F9_Levy,100,PSOTVAC
True,24,66,14439.572514023024,function_evaluations,1000000,,1000000,19999,1000000,0,max_function_evaluations,0.0032335280047846027,114.5233945689979,5.472694396972656,6.036989212036133,,,F9_Levy,100,PSOTVAC
True,0,42,13978.504141145397,function_evaluations,1000000,,1000000,19999,1000000,0,max_function_evaluations,0.00026518099912209436,261.85418120300164,3.6552047729492188,4.031045913696289,,,F9_Levy,100,APSOVI
True,1,43,14982.196289211228,function_evaluations,1000000,,1000000,19999,1000000,0,max_function_evaluations,0.0002531549980631098,252.97104225499788,3.6753463745117188,4.051187515258789,,,F9_Levy,100,APSOVI
True,2,44,14045.132906095361,function_evaluations,1000000,,1000000,19999,1000000,0,max_function_evaluations,0.00027089200011687353,252.55610136999894,3.4415969848632812,3.7789249420166016,,,F9_Levy,100,APSOVI
True,3,45,14435.21292865619,function_evaluations,1000000,,1000000,19999,1000000,0,max_function_evaluations,0.00017860899970401078,253.53375105700252,3.67822265625,4.05406379699707,,,F9_Levy,100,APSOVI
True,4,46,16225.407533805537,function_evaluations,1000000,,1000000,19999,1000000,0,max_function_evaluations,0.00018084299517795444,262.48182032500335,3.6055831909179688,3.981424331665039,,,F9_Levy,100,APSOVI
True,5,47,15331.293784734433,function_evaluations,1000000,,1000000,19999,1000000,0,max_function_evaluations,0.00021748799917986616,255.6073911659987,3.5262069702148438,3.881662368774414,,,F9_Levy,100,APSOVI
True,6,48,17066.80377734373,function_evaluations,1000000,,1000000,19999,1000000,0,max_function_evaluations,0.0002226389988209121,265.4206226700044,3.6419219970703125,4.017763137817383,,,F9_Levy,100,APSOVI
True,7,49,15852.296308246434,function_evaluations,1000000,,1000000,19999,1000000,0,max_function_evaluations,0.00021923999884165823,261.45065742899897,3.4135894775390625,3.734804153442383,,,F9_Levy,100,APSOVI
True,8,50,12382.360655908498,function_evaluations,1000000,,1000000,19999,1000000,0,max_function_evaluations,0.00017970900080399588,243.6750791710001,3.7596588134765625,4.158449172973633,,,F9_Levy,100,APSOVI
True,9,51,16784.19147141518,function_evaluations,1000000,,1000000,19999,1000000,0,max_function_evaluations,0.00022355600231094286,260.2621923170009,3.6102752685546875,3.986116409301758,,,F9_Levy,100,APSOVI
True,10,52,13369.824275203864,function_evaluations,1000000,,1000000,19999,1000000,0,max_function_evaluations,0.0002134710011887364,249.7548736000026,3.626983642578125,4.002824783325195,,,F9_Levy,100,APSOVI
True,11,53,17208.592589152748,function_evaluations,1000000,,1000000,19999,1000000,0,max_function_evaluations,0.00027948400384048,262.7910980430024,3.6914596557617188,4.067300796508789,,,F9_Levy,100,APSOVI
True,12,54,16037.12498141894,function_evaluations,1000000,,1000000,19999,1000000,0,max_function_evaluations,0.00026990399783244357,257.12647884200123,3.7463607788085938,4.145151138305664,,,F9_Levy,100,APSOVI
True,13,55,12227.188677420676,function_evaluations,1000000,,1000000,19999,1000000,0,max_function_evaluations,0.00027534200489753857,257.1908133550023,3.692230224609375,4.091020584106445,,,F9_Levy,100,APSOVI
True,14,56,16498.87149858412,function_evaluations,1000000,,1000000,19999,1000000,0,max_function_evaluations,0.00027485999453347176,258.9504336540049,3.7844696044921875,4.183259963989258,,,F9_Levy,100,APSOVI
True,15,57,15740.599369450374,function_evaluations,1000000,,1000000,19999,1000000,0,max_function_evaluations,0.000479248003102839,259.25631427600456,3.7729034423828125,4.171693801879883,,,F9_Levy,100,APSOVI
True,16,58,17667.90418071754,function_evaluations,1000000,,1000000,19999,1000000,0,max_function_evaluations,0.00027265500102657825,245.3246730969986,3.6675186157226562,4.043359756469727,,,F9_Levy,100,APSOVI
True,17,59,18826.928354565807,function_evaluations,1000000,,1000000,19999,1000000,0,max_function_evaluations,0.0005145550021552481,257.63569354499487,3.7507705688476562,4.149560928344727,,,F9_Levy,100,APSOVI
True,18,60,16242.267529541306,function_evaluations,1000000,,1000000,19999,1000000,0,max_function_evaluations,0.000259978995018173,257.16411695600254,3.40521240234375,3.7264270782470703,,,F9_Levy,100,APSOVI
True,19,61,14655.505574505492,function_evaluations,1000000,,1000000,19999,1000000,0,max_function_evaluations,0.0002692440029932186,253.30054465099965,3.6548233032226562,4.030664443969727,,,F9_Levy,100,APSOVI
True,20,62,14128.697645592343,function_evaluations,1000000,,1000000,19999,1000000,0,max_function_evaluations,0.00031508099345956,250.6057960140024,3.464080810546875,3.8014087677001953,,,F9_Levy,100,APSOVI
True,21,63,12644.175659137705,function_evaluations,1000000,,1000000,19999,1000000,0,max_function_evaluations,0.0002918859972851351,255.6045559149934,3.7334671020507812,4.132257461547852,,,F9_Levy,100,APSOVI
True,22,64,12728.212178249578,function_evaluations,1000000,,1000000,19999,1000000,0,max_function_evaluations,0.00029178000113461167,123.13054965900665,3.3447265625,3.6547794342041016,,,F9_Levy,100,APSOVI
True,23,65,19482.51355572032,function_evaluations,1000000,,1000000,19999,1000000,0,max_function_evaluations,0.0007548860012320802,120.30610984999657,3.46734619140625,3.8046741485595703,,,F9_Levy,100,APSOVI
True,24,66,16885.390782403414,function_evaluations,1000000,,1000000,19999,1000000,0,max_function_evaluations,0.0002794370011542924,121.48828032299934,3.7807540893554688,4.179544448852539,,,F9_Levy,100,APSOVI
True,0,42,15646.394632586846,function_evaluations,1000000,,1000000,19606,1000000,0,max_function_evaluations,0.0001736960039124824,286.9806888480016,5.350441932678223,9.415009498596191,,,F9_Levy,100,APSO
True,1,43,20773.63509547029,function_evaluations,1000000,,1000000,19996,1000000,0,max_function_evaluations,0.0001550859960843809,291.9708692380009,4.4969482421875,8.541717529296875,,,F9_Levy,100,APSO
True,2,44,20552.61975252407,function_evaluations,1000000,,1000000,19996,1000000,0,max_function_evaluations,0.00015082999743754044,287.0435762079942,4.501381874084473,8.545998573303223,,,F9_Levy,100,APSO
True,3,45,15204.009041841797,function_evaluations,1000000,,1000000,19606,1000000,0,max_function_evaluations,0.0002163159952033311,295.8834165640001,5.362523078918457,9.425580024719238,,,F9_Levy,100,APSO
True,4,46,13339.465570810422,function_evaluations,1000000,,1000000,19813,1000000,0,max_function_evaluations,0.00019970899302279577,292.477601134,4.872057914733887,8.92358684539795,,,F9_Levy,100,APSO
True,5,47,11379.775207434013,function_evaluations,1000000,,1000000,19606,1000000,0,max_function_evaluations,0.00047291999362641945,288.33622698299587,5.309833526611328,9.37337875366211,,,F9_Levy,100,APSO
True,6,48,14901.776002627339,function_evaluations,1000000,,1000000,19606,1000000,0,max_function_evaluations,0.0005539369958569296,293.61390157900314,5.21571159362793,9.265615463256836,,,F9_Levy,100,APSO
True,7,49,12912.056898840125,function_evaluations,1000000,,1000000,19606,1000000,0,max_function_evaluations,0.0005011410030419938,292.22407649699744,5.340700149536133,9.386056900024414,,,F9_Levy,100,APSO
True,8,50,13763.800292678061,function_evaluations,1000000,,1000000,19606,1000000,0,max_function_evaluations,0.0005512830030056648,289.89471108900034,5.244564056396484,9.289963722229004,,,F9_Levy,100,APSO
True,9,51,12074.808203599427,function_evaluations,1000000,,1000000,19741,1000000,0,max_function_evaluations,0.00040323499706573784,286.1712667219981,5.093035697937012,9.138087272644043,,,F9_Levy,100,APSO
True,10,52,13411.043445989275,function_evaluations,1000000,,1000000,19907,1000000,0,max_function_evaluations,0.00036260700289858505,291.11455581899645,4.695141792297363,8.743695259094238,,,F9_Levy,100,APSO
True,11,53,13116.245505516647,function_evaluations,1000000,,1000000,19607,1000000,0,max_function_evaluations,0.00028908300009788945,305.58867649299646,5.234749794006348,9.282280921936035,,,F9_Levy,100,APSO
True,12,54,13416.410009614483,function_evaluations,1000000,,1000000,19608,1000000,0,max_function_evaluations,0.0002687800006242469,308.34456015599426,5.211090087890625,9.262336730957031,,,F9_Levy,100,APSO
True,13,55,13141.765917642013,function_evaluations,1000000,,1000000,19606,1000000,0,max_function_evaluations,0.00027427999884821475,304.8062478389984,5.302325248718262,9.354823112487793,,,F9_Levy,100,APSO
True,14,56,13353.068801288413,function_evaluations,1000000,,1000000,19606,1000000,0,max_function_evaluations,0.0003165099988109432,298.5640826250019,5.310310363769531,9.362075805664062,,,F9_Levy,100,APSO
True,15,57,14513.807303110967,function_evaluations,1000000,,1000000,19607,1000000,0,max_function_evaluations,0.000290853000478819,309.87881480199576,5.090859413146973,9.151047706604004,,,F9_Levy,100,APSO
True,16,58,11940.997183700252,function_evaluations,1000000,,1000000,19678,1000000,0,max_function_evaluations,0.0003275869967183098,302.87508906500443,5.295468330383301,9.351902961730957,,,F9_Levy,100,APSO
True,17,59,13417.748829780689,function_evaluations,1000000,,1000000,19688,1000000,0,max_function_evaluations,0.00036141400050837547,299.26653732699924,5.225424766540527,9.276610374450684,,,F9_Levy,100,APSO
True,18,60,13119.554953080024,function_evaluations,1000000,,1000000,19607,1000000,0,max_function_evaluations,0.00027196999872103333,303.38315314300417,5.272824287414551,9.330952644348145,,,F9_Levy,100,APSO
True,19,61,13327.875321847674,function_evaluations,1000000,,1000000,19606,1000000,0,max_function_evaluations,0.002391584996075835,295.9892869050018,5.273419380187988,9.331700325012207,,,F9_Levy,100,APSO
True,20,62,14148.694830291883,function_evaluations,1000000,,1000000,19607,1000000,0,max_function_evaluations,0.00029351600096561015,302.668182680005,5.332025527954102,9.378923416137695,,,F9_Levy,100,APSO
True,21,63,13375.05382301256,function_evaluations,1000000,,1000000,19606,1000000,0,max_function_evaluations,0.00026728599914349616,302.8464865200003,5.288180351257324,9.344218254089355,,,F9_Levy,100,APSO
True,22,64,14414.283211508911,function_evaluations,1000000,,1000000,19607,1000000,0,max_function_evaluations,0.00029111099865986034,134.57280699999683,5.279269218444824,9.337626457214355,,,F9_Levy,100,APSO
True,23,65,15455.551878958628,function_evaluations,1000000,,1000000,19606,1000000,0,max_function_evaluations,0.00030807800067123026,135.8602308240006,5.439520835876465,9.486891746520996,,,F9_Levy,100,APSO
True,24,66,13162.282018050853,function_evaluations,1000000,,1000000,19606,1000000,0,max_function_evaluations,0.0002681960031623021,133.61579317399446,5.375633239746094,9.436065673828125,,,F9_Levy,100,APSO
True,0,42,17054.744156165005,function_evaluations,1000000,,1000000,19999,1000000,0,max_function_evaluations,0.000548696996702347,265.8896575510007,3.7991065979003906,4.107587814331055,,,F9_Levy,100,UAPSO
True,1,43,21327.655327246797,function_evaluations,1000000,,1000000,19999,1000000,0,max_function_evaluations,0.0005971840000711381,259.67926004900073,3.7946624755859375,4.103906631469727,,,F9_Levy,100,UAPSO
True,2,44,21446.508163285722,function_evaluations,1000000,,1000000,19999,1000000,0,max_function_evaluations,0.0009677159978309646,264.998457554997,3.8182640075683594,4.128942489624023,,,F9_Levy,100,UAPSO
True,3,45,15377.282219774599,function_evaluations,1000000,,1000000,19999,1000000,0,max_function_evaluations,0.0010564890035311691,260.13206504999835,3.8895206451416016,4.202243804931641,,,F9_Levy,100,UAPSO
True,4,46,17457.798077403426,function_evaluations,1000000,,1000000,19999,1000000,0,max_function_evaluations,0.0012558620001072995,262.7781385989947,3.949704170227051,4.26206111907959,,,F9_Levy,100,UAPSO
True,5,47,20895.66193825984,function_evaluations,1000000,,1000000,19999,1000000,0,max_function_evaluations,0.0012466610060073435,266.7523403660016,4.194070816040039,4.503742218017578,,,F9_Levy,100,UAPSO
True,6,48,18810.48450535216,function_evaluations,1000000,,1000000,19999,1000000,0,max_function_evaluations,0.001186478002637159,270.1317602600029,4.023014068603516,4.335981369018555,,,F9_Levy,100,UAPSO
True,7,49,18375.310601060257,function_evaluations,1000000,,1000000,19999,1000000,0,max_function_evaluations,0.0012510770029621199,262.22673371499695,3.8249502182006836,4.133919715881348,,,F9_Levy,100,UAPSO
True,8,50,18933.52170845062,function_evaluations,1000000,,1000000,19999,1000000,0,max_function_evaluations,0.0014809839994995855,265.1559871920035,3.9595279693603516,4.270359039306641,,,F9_Levy,100,UAPSO
True,9,51,19752.58187841456,function_evaluations,1000000,,1000000,19999,1000000,0,max_function_evaluations,0.0012159039979451336,262.12817954800266,3.882295608520508,4.191448211669922,,,F9_Levy,100,UAPSO
True,10,52,19668.660896136258,function_evaluations,1000000,,1000000,19999,1000000,0,max_function_evaluations,0.0011770050041377544,259.56437651399756,3.8355579376220703,4.146053314208984,,,F9_Levy,100,UAPSO
True,11,53,20742.50127057294,function_evaluations,1000000,,1000000,19999,1000000,0,max_function_evaluations,0.00043197799823246896,254.8905297159945,3.891206741333008,4.203655242919922,,,F9_Levy,100,UAPSO
True,12,54,17101.557377908088,function_evaluations,1000000,,1000000,19999,1000000,0,max_function_evaluations,0.0004733640016638674,258.56368115800433,4.031241416931152,4.342957496643066,,,F9_Levy,100,UAPSO
True,13,55,18919.101126856327,function_evaluations,1000000,,1000000,19999,1000000,0,max_function_evaluations,0.0004304390022298321,257.13261559999955,3.808645248413086,4.117706298828125,,,F9_Levy,100,UAPSO
True,14,56,19412.779549993946,function_evaluations,1000000,,1000000,19999,1000000,0,max_function_evaluations,0.00046533999557141215,257.5432567839962,3.9036102294921875,4.213708877563477,,,F9_Levy,100,UAPSO
True,15,57,20438.112547311448,function_evaluations,1000000,,1000000,19999,1000000,0,max_function_evaluations,0.0004611949989339337,252.63144491599815,4.238034248352051,4.551947593688965,,,F9_Levy,100,UAPSO
True,16,58,19062.85445623999,function_evaluations,1000000,,1000000,19999,1000000,0,max_function_evaluations,0.000418278003053274,250.83203800400224,3.9015493392944336,4.212624549865723,,,F9_Levy,100,UAPSO
True,17,59,17977.21101581868,function_evaluations,1000000,,1000000,19999,1000000,0,max_function_evaluations,0.00040601899672765285,259.96019468200393,3.7828941345214844,4.092016220092773,,,F9_Levy,100,UAPSO
True,18,60,18683.020177684546,function_evaluations,1000000,,1000000,19999,1000000,0,max_function_evaluations,0.00040670199814485386,251.37054990800243,4.015289306640625,4.330362319946289,,,F9_Levy,100,UAPSO
True,19,61,17467.41915308316,function_evaluations,1000000,,1000000,19999,1000000,0,max_function_evaluations,0.00040715799696044996,254.7309267630044,3.866697311401367,4.178901672363281,,,F9_Levy,100,UAPSO
True,20,62,18031.102962020366,function_evaluations,1000000,,1000000,19999,1000000,0,max_function_evaluations,0.0004100939986528829,252.52877802600415,3.804971694946289,4.114887237548828,,,F9_Levy,100,UAPSO
True,21,63,18646.285539409862,function_evaluations,1000000,,1000000,19999,1000000,0,max_function_evaluations,0.00042687200038926676,254.7132952519969,3.8494338989257812,4.16081428527832,,,F9_Levy,100,UAPSO
True,22,64,19698.658548974432,function_evaluations,1000000,,1000000,19999,1000000,0,max_function_evaluations,0.0004061170038767159,118.29944107800111,3.9202308654785156,4.23255729675293,,,F9_Levy,100,UAPSO
True,23,65,18031.217410500027,function_evaluations,1000000,,1000000,19999,1000000,0,max_function_evaluations,0.00041511200106469914,118.62909117399977,3.8185501098632812,4.129002571105957,,,F9_Levy,100,UAPSO
True,24,66,18124.387785298142,function_evaluations,1000000,,1000000,19999,1000000,0,max_function_evaluations,0.00041194100049324334,119.42010082900379,3.8458051681518555,4.1579790115356445,,,F9_Levy,100,UAPSO
True,0,42,293052661.37397414,function_evaluations,1000000,,1000000,19999,1000000,0,max_function_evaluations,0.00015866100147832185,124.60093694200623,2.4004898071289062,2.709016799926758,,,F10_Schwefel,100,PSO
True,1,43,44220162.81143494,function_evaluations,1000000,,1000000,19999,1000000,0,max_function_evaluations,0.0001496559998486191,122.74515898499521,2.3649215698242188,2.6726856231689453,,,F10_Schwefel,100,PSO
True,2,44,42129470.40307265,function_evaluations,1000000,,1000000,19999,1000000,0,max_function_evaluations,0.0001412130004609935,139.13533325900062,2.3684616088867188,2.6768360137939453,,,F10_Schwefel,100,PSO
True,3,45,1609672847.1523373,function_evaluations,1000000,,1000000,19999,1000000,0,max_function_evaluations,0.00020550500630633906,120.70229533599922,2.3734054565429688,2.6818103790283203,,,F10_Schwefel,100,PSO
True,4,46,668752823.8415099,function_evaluations,1000000,,1000000,19999,1000000,0,max_function_evaluations,0.00019761799921980128,130.27044347600167,2.3823318481445312,2.690614700317383,,,F10_Schwefel,100,PSO
True,5,47,41880846.910432,function_evaluations,1000000,,1000000,19999,1000000,0,max_function_evaluations,0.0004374880008981563,124.82410479700047,2.3663558959960938,2.6747303009033203,,,F10_Schwefel,100,PSO
True,6,48,80054090.43139899,function_evaluations,1000000,,1000000,19999,1000000,0,max_function_evaluations,0.000480547001643572,136.40202468300413,2.3797988891601562,2.688508987426758,,,F10_Schwefel,100,PSO
True,7,49,171163929.7297677,function_evaluations,1000000,,1000000,19999,1000000,0,max_function_evaluations,0.0003181189968017861,140.12215572499554,2.391815185546875,2.7000370025634766,,,F10_Schwefel,100,PSO
True,8,50,24453402.06710516,function_evaluations,1000000,,1000000,19999,1000000,0,max_function_evaluations,0.00036342399835120887,132.09862120699836,2.3971405029296875,2.706155776977539,,,F10_Schwefel,100,PSO
True,9,51,568424729.0517135,function_evaluations,1000000,,1000000,19999,1000000,0,max_function_evaluations,0.00021149899839656428,124.26693656100542,2.3533554077148438,2.6618213653564453,,,F10_Schwefel,100,PSO
True,10,52,152228589.34779388,function_evaluations,1000000,,1000000,19999,1000000,0,max_function_evaluations,0.00020104500435991213,130.437604327999,2.3665542602539062,2.674898147583008,,,F10_Schwefel,100,PSO
True,11,53,258596130.9484266,function_evaluations,1000000,,1000000,19999,1000000,0,max_function_evaluations,0.00018599599570734426,125.50111216899677,2.3710403442382812,2.679841995239258,,,F10_Schwefel,100,PSO
True,12,54,50480733.39613666,function_evaluations,1000000,,1000000,19999,1000000,0,max_function_evaluations,0.00026735699793789536,131.39925599900016,2.3589706420898438,2.6674060821533203,,,F10_Schwefel,100,PSO
True,13,55,2776440753.118584,function_evaluations,1000000,,1000000,19999,1000000,0,max_function_evaluations,0.00025771600485313684,136.31696234000265,2.3942718505859375,2.702096939086914,,,F10_Schwefel,100,PSO
True,14,56,969687692.8485241,function_evaluations,1000000,,1000000,19999,1000000,0,max_function_evaluations,0.0002603679968160577,133.83188952999626,2.3817825317382812,2.690156936645508,,,F10_Schwefel,100,PSO
True,15,57,19165520.745647922,function_evaluations,1000000,,1000000,19999,1000000,0,max_function_evaluations,0.00028389000362949446,137.55450462500448,2.382293701171875,2.6905765533447266,,,F10_Schwefel,100,PSO
True,16,58,9181930.09373505,function_evaluations,1000000,,1000000,19999,1000000,0,max_function_evaluations,0.0002611700037959963,131.34780608399888,2.353729248046875,2.6621341705322266,,,F10_Schwefel,100,PSO
True,17,59,1406535781.5024865,function_evaluations,1000000,,1000000,19999,1000000,0,max_function_evaluations,0.000263370995526202,130.3553677059972,2.3746109008789062,2.683382034301758,,,F10_Schwefel,100,PSO
True,18,60,88984077.25039858,function_evaluations,1000000,,1000000,19999,1000000,0,max_function_evaluations,0.0002818219945766032,133.27070836500206,2.391265869140625,2.6996097564697266,,,F10_Schwefel,100,PSO
True,19,61,1684541668.3528311,function_evaluations,1000000,,1000000,19999,1000000,0,max_function_evaluations,0.00025759800337255,125.22110337900085,2.36663818359375,2.6749515533447266,,,F10_Schwefel,100,PSO
True,20,62,2739757015.8325005,function_evaluations,1000000,,1000000,19999,1000000,0,max_function_evaluations,0.00028005099738948047,130.65994427999976,2.3530654907226562,2.661226272583008,,,F10_Schwefel,100,PSO
True,21,63,35725759.44867358,function_evaluations,1000000,,1000000,19999,1000000,0,max_function_evaluations,0.00027782999677583575,120.126703558999,2.37188720703125,2.6805973052978516,,,F10_Schwefel,100,PSO
True,22,64,32021842.35621721,function_evaluations,1000000,,1000000,19999,1000000,0,max_function_evaluations,0.00019790099759120494,65.09511903599923,2.3671722412109375,2.675394058227539,,,F10_Schwefel,100,PSO
True,23,65,47102032.436280854,function_evaluations,1000000,,1000000,19999,1000000,0,max_function_evaluations,0.00031381400185637176,62.12461891199928,2.3677978515625,2.6759586334228516,,,F10_Schwefel,100,PSO
True,24,66,88952785.77389745,function_evaluations,1000000,,1000000,19999,1000000,0,max_function_evaluations,0.00028208699950482696,57.02618300199538,2.3529434204101562,2.661470413208008,,,F10_Schwefel,100,PSO
True,0,42,1201284402.7267437,function_evaluations,1000000,,1000000,19999,1000000,0,max_function_evaluations,0.00027170500106876716,122.6889578219998,3.38275146484375,3.7002124786376953,,,F10_Schwefel,100,PSOLVIW
True,1,43,79332854.23245604,function_evaluations,1000000,,1000000,19999,1000000,0,max_function_evaluations,0.00024192300043068826,136.02885943300498,3.3759002685546875,3.6944141387939453,,,F10_Schwefel,100,PSOLVIW
True,2,44,148243979.68003154,function_evaluations,1000000,,1000000,19999,1000000,0,max_function_evaluations,0.00021452800137922168,135.89738607999607,3.4461669921875,3.7673587799072266,,,F10_Schwefel,100,PSOLVIW
True,3,45,267974440.1665119,function_evaluations,1000000,,1000000,19999,1000000,0,max_function_evaluations,0.00016335699910996482,144.01193784899806,3.1321487426757812,3.442178726196289,,,F10_Schwefel,100,PSOLVIW
True,4,46,3177251644.430301,function_evaluations,1000000,,1000000,19999,1000000,0,max_function_evaluations,0.00026844199601328,124.66171396000573,3.1362991333007812,3.445718765258789,,,F10_Schwefel,100,PSOLVIW
True,5,47,88006761.30007488,function_evaluations,1000000,,1000000,19999,1000000,0,max_function_evaluations,0.00026139599503949285,122.74562065200007,3.361541748046875,3.681795120239258,,,F10_Schwefel,100,PSOLVIW
True,6,48,134017883.54138555,function_evaluations,1000000,,1000000,19999,1000000,0,max_function_evaluations,0.0002591279990156181,138.93048507800268,3.3924560546875,3.708559036254883,,,F10_Schwefel,100,PSOLVIW
True,7,49,90543319.33581649,function_evaluations,1000000,,1000000,19999,1000000,0,max_function_evaluations,0.0002469039973220788,124.25908446600079,3.3512649536132812,3.659616470336914,,,F10_Schwefel,100,PSOLVIW
True,8,50,27863702.91936224,function_evaluations,1000000,,1000000,19999,1000000,0,max_function_evaluations,0.0002110049972543493,128.2760761870013,3.3894729614257812,3.7057666778564453,,,F10_Schwefel,100,PSOLVIW
True,9,51,512172359.840169,function_evaluations,1000000,,1000000,19999,1000000,0,max_function_evaluations,0.00021959400328341872,120.49293784099427,3.4232406616210938,3.7444324493408203,,,F10_Schwefel,100,PSOLVIW
True,10,52,210699659.16982216,function_evaluations,1000000,,1000000,19999,1000000,0,max_function_evaluations,0.00021970099624013528,144.39881410799717,3.4458999633789062,3.767091751098633,,,F10_Schwefel,100,PSOLVIW
True,11,53,238133218.71297213,function_evaluations,1000000,,1000000,19999,1000000,0,max_function_evaluations,0.0002731710046646185,126.44724203299847,3.4434432983398438,3.7646350860595703,,,F10_Schwefel,100,PSOLVIW
True,12,54,58361563.76143548,function_evaluations,1000000,,1000000,19999,1000000,0,max_function_evaluations,0.000256203995377291,142.6777994899967,3.4213943481445312,3.732095718383789,,,F10_Schwefel,100,PSOLVIW
True,13,55,2980149464.0939474,function_evaluations,1000000,,1000000,19999,1000000,0,max_function_evaluations,0.00027552800020202994,126.32833743200172,3.2138824462890625,3.5269641876220703,,,F10_Schwefel,100,PSOLVIW
True,14,56,951619699.7664685,function_evaluations,1000000,,1000000,19999,1000000,0,max_function_evaluations,0.00026813099975697696,129.26123950300098,3.3849639892578125,3.7018604278564453,,,F10_Schwefel,100,PSOLVIW
True,15,57,9127769.538304918,function_evaluations,1000000,,1000000,19999,1000000,0,max_function_evaluations,0.0003158189938403666,127.068222892005,3.3678054809570312,3.6870365142822266,,,F10_Schwefel,100,PSOLVIW
True,16,58,98848723.79937707,function_evaluations,1000000,,1000000,19999,1000000,0,max_function_evaluations,0.00027052199584431946,128.21875019100116,3.4043197631835938,3.7154788970947266,,,F10_Schwefel,100,PSOLVIW
True,17,59,1553875972.768291,function_evaluations,1000000,,1000000,19999,1000000,0,max_function_evaluations,0.0002820309964590706,131.39014625500567,3.420745849609375,3.7295169830322266,,,F10_Schwefel,100,PSOLVIW
True,18,60,104107104.38913429,function_evaluations,1000000,,1000000,19999,1000000,0,max_function_evaluations,0.0002641850005602464,128.68832574200496,3.42169189453125,3.732522964477539,,,F10_Schwefel,100,PSOLVIW
True,19,61,503746901.4234811,function_evaluations,1000000,,1000000,19999,1000000,0,max_function_evaluations,0.00027338699874235317,119.16626811099559,3.094635009765625,3.403749465942383,,,F10_Schwefel,100,PSOLVIW
True,20,62,2444910392.7463045,function_evaluations,1000000,,1000000,19999,1000000,0,max_function_evaluations,0.0002860769964172505,120.09728302700387,3.3454208374023438,3.6562747955322266,,,F10_Schwefel,100,PSOLVIW
True,21,63,2229596797.0623465,function_evaluations,1000000,,1000000,19999,1000000,0,max_function_evaluations,0.0002748850019997917,119.51504088799993,3.3448257446289062,3.654855728149414,,,F10_Schwefel,100,PSOLVIW
True,22,64,10910480.721008355,function_evaluations,1000000,,1000000,19999,1000000,0,max_function_evaluations,0.00027283300005365163,62.43847080999694,3.4047393798828125,3.7173938751220703,,,F10_Schwefel,100,PSOLVIW
True,23,65,2316323995.4981523,function_evaluations,1000000,,1000000,19999,1000000,0,max_function_evaluations,0.00027337200299371034,64.29097238499526,3.3822784423828125,3.699281692504883,,,F10_Schwefel,100,PSOLVIW
True,24,66,2488882000.9327507,function_evaluations,1000000,,1000000,19999,1000000,0,max_function_evaluations,0.0002704310027183965,62.31455816199741,3.0907821655273438,3.3999881744384766,,,F10_Schwefel,100,PSOLVIW
True,0,42,363356.9105219344,function_evaluations,1000000,,1000000,19999,1000000,0,max_function_evaluations,0.00017034199845511466,133.5251427359981,5.432518005371094,5.99681282043457,,,F10_Schwefel,100,PSOTVAC
True,1,43,2329074.7673415174,function_evaluations,1000000,,1000000,19999,1000000,0,max_function_evaluations,0.0001537120042485185,128.85026618899428,5.51251220703125,6.076807022094727,,,F10_Schwefel,100,PSOTVAC
True,2,44,8777748.439198282,function_evaluations,1000000,,1000000,19999,1000000,0,max_function_evaluations,0.0001570980020915158,146.32223038899974,5.462623596191406,6.026918411254883,,,F10_Schwefel,100,PSOTVAC
True,3,45,12812615.809755493,function_evaluations,1000000,,1000000,19999,1000000,0,max_function_evaluations,0.00030955499823903665,137.08991182899626,4.563194274902344,4.93901252746582,,,F10_Schwefel,100,PSOTVAC
True,4,46,307366.49579505634,function_evaluations,1000000,,1000000,19999,1000000,0,max_function_evaluations,0.0004196290028630756,137.89188349299366,4.577598571777344,4.95341682434082,,,F10_Schwefel,100,PSOTVAC
True,5,47,380927.08064553095,function_evaluations,1000000,,1000000,19999,1000000,0,max_function_evaluations,0.000405972998123616,143.39799024900276,5.255516052246094,5.77849006652832,,,F10_Schwefel,100,PSOTVAC
True,6,48,3812015.3326710365,function_evaluations,1000000,,1000000,19999,1000000,0,max_function_evaluations,0.0003519099991535768,125.80743447200075,4.460014343261719,4.815446853637695,,,F10_Schwefel,100,PSOTVAC
True,7,49,43481116.93975872,function_evaluations,1000000,,1000000,19999,1000000,0,max_function_evaluations,0.00030995799897937104,132.276367975006,5.74920654296875,6.360010147094727,,,F10_Schwefel,100,PSOTVAC
True,8,50,2026034.7288552383,function_evaluations,1000000,,1000000,19999,1000000,0,max_function_evaluations,0.00030348699510795996,133.8556247710003,5.7465057373046875,6.357309341430664,,,F10_Schwefel,100,PSOTVAC
True,9,51,1838754.4405564866,function_evaluations,1000000,,1000000,19999,1000000,0,max_function_evaluations,0.0002855119964806363,118.66535559299518,4.641944885253906,5.040712356567383,,,F10_Schwefel,100,PSOTVAC
True,10,52,121628.8592969187,function_evaluations,1000000,,1000000,19999,1000000,0,max_function_evaluations,0.0002610180017654784,124.50559973799682,5.420257568359375,5.984552383422852,,,F10_Schwefel,100,PSOTVAC
True,11,53,218144.31013735593,function_evaluations,1000000,,1000000,19999,1000000,0,max_function_evaluations,0.00029491800523828715,130.76971260199934,4.641334533691406,5.040102005004883,,,F10_Schwefel,100,PSOTVAC
True,12,54,430900.17658233363,function_evaluations,1000000,,1000000,19999,1000000,0,max_function_evaluations,0.00028171200392534956,126.16212220600573,4.847633361816406,5.272218704223633,,,F10_Schwefel,100,PSOTVAC
True,13,55,1557892.5221335734,function_evaluations,1000000,,1000000,19999,1000000,0,max_function_evaluations,0.0003109799945377745,137.78303785499884,4.659416198730469,5.058183670043945,,,F10_Schwefel,100,PSOTVAC
True,14,56,547509.0004728291,function_evaluations,1000000,,1000000,19999,1000000,0,max_function_evaluations,0.0023382639992632903,138.58412148500065,5.982490539550781,6.645578384399414,,,F10_Schwefel,100,PSOTVAC
True,15,57,262475.6270730443,function_evaluations,1000000,,1000000,19999,1000000,0,max_function_evaluations,0.0003123240021523088,128.95328639099898,4.5077362060546875,4.863168716430664,,,F10_Schwefel,100,PSOTVAC
True,16,58,25133586.99434809,function_evaluations,1000000,,1000000,19999,1000000,0,max_function_evaluations,0.00029391099815256894,118.42951328500203,4.44696044921875,4.802392959594727,,,F10_Schwefel,100,PSOTVAC
True,17,59,353790.988056747,function_evaluations,1000000,,1000000,19999,1000000,0,max_function_evaluations,0.0003117849992122501,132.82635049200326,5.385429382324219,5.949724197387695,,,F10_Schwefel,100,PSOTVAC
True,18,60,17137215.897012927,function_evaluations,1000000,,1000000,19999,1000000,0,max_function_evaluations,0.0003102590053458698,130.15898185200058,5.18634033203125,5.709314346313477,,,F10_Schwefel,100,PSOTVAC
True,19,61,356824.6318817098,function_evaluations,1000000,,1000000,19999,1000000,0,max_function_evaluations,0.00029469100263668224,125.03865496000071,4.755180358886719,5.179765701293945,,,F10_Schwefel,100,PSOTVAC
True,20,62,404798.53720543033,function_evaluations,1000000,,1000000,19999,1000000,0,max_function_evaluations,0.0002965849998872727,133.2683029990003,4.852874755859375,5.277460098266602,,,F10_Schwefel,100,PSOTVAC
True,21,63,5076296.615678468,function_evaluations,1000000,,1000000,19999,1000000,0,max_function_evaluations,0.0003036090056411922,126.02650196099421,6.496482849121094,7.28459358215332,,,F10_Schwefel,100,PSOTVAC
True,22,64,252549.0896002242,function_evaluations,1000000,,1000000,19999,1000000,0,max_function_evaluations,0.00029935500060673803,67.16610301600304,4.571800231933594,4.94761848449707,,,F10_Schwefel,100,PSOTVAC
True,23,65,191428.21880437614,function_evaluations,1000000,,1000000,19999,1000000,0,max_function_evaluations,0.0002885650028474629,64.80349820699485,5.813438415527344,6.42424201965332,,,F10_Schwefel,100,PSOTVAC
True,24,66,217922.29494354673,function_evaluations,1000000,,1000000,19999,1000000,0,max_function_evaluations,0.00027262100047664717,63.98904621899419,4.509437561035156,4.864870071411133,,,F10_Schwefel,100,PSOTVAC
True,0,42,1281378621.69998,function_evaluations,1000000,,1000000,19999,1000000,0,max_function_evaluations,0.00020018399663968012,126.96886417799396,3.118896484375,3.4334659576416016,,,F10_Schwefel,100,APSOVI
True,1,43,150556449.49616888,function_evaluations,1000000,,1000000,19999,1000000,0,max_function_evaluations,0.00021478899725480005,136.69467819700367,3.06304931640625,3.3748722076416016,,,F10_Schwefel,100,APSOVI
True,2,44,746769176.095786,function_evaluations,1000000,,1000000,19999,1000000,0,max_function_evaluations,0.00020032400061609223,133.5513776059961,2.9639511108398438,3.2717761993408203,,,F10_Schwefel,100,APSOVI
True,3,45,226137490.18765673,function_evaluations,1000000,,1000000,19999,1000000,0,max_function_evaluations,0.0002474770008120686,132.55128363699623,3.2682418823242188,3.581064224243164,,,F10_Schwefel,100,APSOVI
True,4,46,764615622.3817382,function_evaluations,1000000,,1000000,19999,1000000,0,max_function_evaluations,0.000272545003099367,135.62546121200285,3.1116256713867188,3.4270496368408203,,,F10_Schwefel,100,APSOVI
True,5,47,51234900.104319505,function_evaluations,1000000,,1000000,19999,1000000,0,max_function_evaluations,0.000255888000538107,124.75377847600612,3.2524871826171875,3.571512222290039,,,F10_Schwefel,100,APSOVI
True,6,48,2204873764.8361716,function_evaluations,1000000,,1000000,19999,1000000,0,max_function_evaluations,0.00025752600049600005,144.84461501400074,3.09527587890625,3.4051761627197266,,,F10_Schwefel,100,APSOVI
True,7,49,168017320.61535725,function_evaluations,1000000,,1000000,19999,1000000,0,max_function_evaluations,0.0002997920018970035,124.25053432300047,3.0242385864257812,3.335695266723633,,,F10_Schwefel,100,APSOVI
True,8,50,350455274.7691334,function_evaluations,1000000,,1000000,19999,1000000,0,max_function_evaluations,0.0003095299980486743,138.53041971000494,3.2643966674804688,3.5781192779541016,,,F10_Schwefel,100,APSOVI
True,9,51,156081961.36093768,function_evaluations,1000000,,1000000,19999,1000000,0,max_function_evaluations,0.0002645209970069118,128.81066819199623,2.970550537109375,3.2784976959228516,,,F10_Schwefel,100,APSOVI
True,10,52,497144150.9374341,function_evaluations,1000000,,1000000,19999,1000000,0,max_function_evaluations,0.0002948019973700866,135.4192618119996,3.223358154296875,3.5371036529541016,,,F10_Schwefel,100,APSOVI
True,11,53,705171.8512519771,function_evaluations,1000000,,1000000,19999,1000000,0,max_function_evaluations,0.00027736600168282166,137.41414378799527,3.0356369018554688,3.3461475372314453,,,F10_Schwefel,100,APSOVI
True,12,54,84095657.51787093,function_evaluations,1000000,,1000000,19999,1000000,0,max_function_evaluations,0.0002685939980437979,127.43165646900161,3.2795028686523438,3.5900135040283203,,,F10_Schwefel,100,APSOVI
True,13,55,592864134.0942653,function_evaluations,1000000,,1000000,19999,1000000,0,max_function_evaluations,0.00026634999812813476,135.60769574000005,3.2702484130859375,3.582895278930664,,,F10_Schwefel,100,APSOVI
True,14,56,1432924648.0805829,function_evaluations,1000000,,1000000,19999,1000000,0,max_function_evaluations,0.00026806399546330795,135.43920013200113,3.1517791748046875,3.468332290649414,,,F10_Schwefel,100,APSOVI
True,15,57,1418559346.0716267,function_evaluations,1000000,,1000000,19999,1000000,0,max_function_evaluations,0.00027944299654336646,131.8667476519986,3.3317947387695312,3.644716262817383,,,F10_Schwefel,100,APSOVI
True,16,58,693564360.5444372,function_evaluations,1000000,,1000000,19999,1000000,0,max_function_evaluations,0.0004339849983807653,135.2517929300011,3.1857528686523438,3.4951953887939453,,,F10_Schwefel,100,APSOVI
True,17,59,581658174.3415296,function_evaluations,1000000,,1000000,19999,1000000,0,max_function_evaluations,0.00029203500162111595,134.02851753700088,3.2327957153320312,3.5406742095947266,,,F10_Schwefel,100,APSOVI
True,18,60,122068322.28777044,function_evaluations,1000000,,1000000,19999,1000000,0,max_function_evaluations,0.0002824629991664551,128.89546262999647,2.9789352416992188,3.2894763946533203,,,F10_Schwefel,100,APSOVI
True,19,61,2519046032.0718145,function_evaluations,1000000,,1000000,19999,1000000,0,max_function_evaluations,0.0002742040014709346,131.62621794100414,2.9844512939453125,3.293497085571289,,,F10_Schwefel,100,APSOVI
True,20,62,1729731869.2915215,function_evaluations,1000000,,1000000,19999,1000000,0,max_function_evaluations,0.0002860690001398325,137.60117816300044,2.9726943969726562,3.280794143676758,,,F10_Schwefel,100,APSOVI
True,21,63,306566634.32909167,function_evaluations,1000000,,1000000,19999,1000000,0,max_function_evaluations,0.00027709699497791007,132.68305975099793,3.0617294311523438,3.3723316192626953,,,F10_Schwefel,100,APSOVI
True,22,64,58646641.52994136,function_evaluations,1000000,,1000000,19999,1000000,0,max_function_evaluations,0.0002936790042440407,66.14049702500051,3.2498855590820312,3.5649280548095703,,,F10_Schwefel,100,APSOVI
True,23,65,1995847568.2702923,function_evaluations,1000000,,1000000,19999,1000000,0,max_function_evaluations,0.0003107110023847781,60.425342351001746,2.9685440063476562,3.276491165161133,,,F10_Schwefel,100,APSOVI
True,24,66,2892388065.6607604,function_evaluations,1000000,,1000000,19999,1000000,0,max_function_evaluations,0.00027672799478750676,60.0004560899979,3.269287109375,3.582681655883789,,,F10_Schwefel,100,APSOVI
True,0,42,12923.464114716428,function_evaluations,1000000,,1000000,19607,1000000,0,max_function_evaluations,0.00023478200455429032,178.7629989699999,5.548566818237305,9.599782943725586,,,F10_Schwefel,100,APSO
True,1,43,314.257132009531,function_evaluations,1000000,,1000000,19607,1000000,0,max_function_evaluations,0.0002761149953585118,177.75693791800586,5.612201690673828,9.676952362060547,,,F10_Schwefel,100,APSO
True,2,44,316.2550876001735,function_evaluations,1000000,,1000000,19609,1000000,0,max_function_evaluations,0.00025070300034713,174.7295873339972,5.580928802490234,9.650867462158203,,,F10_Schwefel,100,APSO
True,3,45,417.2657876891051,function_evaluations,1000000,,1000000,19608,1000000,0,max_function_evaluations,0.00026174000231549144,182.85491164999985,5.598660469055176,9.664952278137207,,,F10_Schwefel,100,APSO
True,4,46,713.5172169824386,function_evaluations,1000000,,1000000,19608,1000000,0,max_function_evaluations,0.0002755630048341118,174.71682926300127,5.567028999328613,9.614384651184082,,,F10_Schwefel,100,APSO
True,5,47,510.0554703077298,function_evaluations,1000000,,1000000,19608,1000000,0,max_function_evaluations,0.00028924099751748145,180.09855366499687,5.554837226867676,9.604744911193848,,,F10_Schwefel,100,APSO
True,6,48,12755.143893419128,function_evaluations,1000000,,1000000,19608,1000000,0,max_function_evaluations,0.00027548100479179993,178.79208890099835,5.511955261230469,9.56878662109375,,,F10_Schwefel,100,APSO
True,7,49,388.69335057122476,function_evaluations,1000000,,1000000,19608,1000000,0,max_function_evaluations,0.0002454779969411902,176.9516971560006,5.554753303527832,9.604413032531738,,,F10_Schwefel,100,APSO
True,8,50,509.1777101528346,function_evaluations,1000000,,1000000,19608,1000000,0,max_function_evaluations,0.00030092200177023187,183.34289943299518,5.7400407791137695,9.803849220275879,,,F10_Schwefel,100,APSO
True,9,51,610.3046790220794,function_evaluations,1000000,,1000000,19607,1000000,0,max_function_evaluations,0.0002812509992509149,182.38920786800008,5.5938215255737305,9.662325859069824,,,F10_Schwefel,100,APSO
True,10,52,594.1787162338583,function_evaluations,1000000,,1000000,19608,1000000,0,max_function_evaluations,0.0002700670011108741,173.735584217,5.6120100021362305,9.675985336303711,,,F10_Schwefel,100,APSO
True,11,53,216.61337204809342,function_evaluations,1000000,,1000000,19608,1000000,0,max_function_evaluations,0.0004119849982089363,189.3449761699958,5.63523006439209,9.696547508239746,,,F10_Schwefel,100,APSO
True,12,54,605.5603966088327,function_evaluations,1000000,,1000000,19608,1000000,0,max_function_evaluations,0.00032145000295713544,179.80403192700032,5.596158027648926,9.66374683380127,,,F10_Schwefel,100,APSO
True,13,55,426.7138496765606,function_evaluations,1000000,,1000000,19608,1000000,0,max_function_evaluations,0.0002751639985945076,173.64534618800099,5.59394645690918,9.660451889038086,,,F10_Schwefel,100,APSO
True,14,56,681.1705827472601,function_evaluations,1000000,,1000000,19608,1000000,0,max_function_evaluations,0.0004470370040507987,182.6672106870028,5.582432746887207,9.627285957336426,,,F10_Schwefel,100,APSO
True,15,57,536.0402281606569,function_evaluations,1000000,,1000000,19607,1000000,0,max_function_evaluations,0.00038770899845985696,188.14100225299626,5.59709358215332,9.664438247680664,,,F10_Schwefel,100,APSO
True,16,58,8886.377987448283,function_evaluations,1000000,,1000000,19608,1000000,0,max_function_evaluations,0.0003275380004197359,187.0933933070046,5.452654838562012,9.49848461151123,,,F10_Schwefel,100,APSO
True,17,59,628.5937259106263,function_evaluations,1000000,,1000000,19608,1000000,0,max_function_evaluations,0.0003452520031714812,183.62049783700058,5.565340042114258,9.612558364868164,,,F10_Schwefel,100,APSO
True,18,60,440.55737342521024,function_evaluations,1000000,,1000000,19607,1000000,0,max_function_evaluations,0.00034375799441477284,175.83746109500498,5.553896903991699,9.604308128356934,,,F10_Schwefel,100,APSO
True,19,61,10643.88831188937,function_evaluations,1000000,,1000000,19607,1000000,0,max_function_evaluations,0.00036082000588066876,180.26867525999842,5.532238006591797,9.585773468017578,,,F10_Schwefel,100,APSO
True,20,62,308.8564224270808,function_evaluations,1000000,,1000000,19609,1000000,0,max_function_evaluations,0.0002985640021506697,177.33157941399986,5.708612442016602,9.753786087036133,,,F10_Schwefel,100,APSO
True,21,63,439.8932786489802,function_evaluations,1000000,,1000000,19608,1000000,0,max_function_evaluations,0.0003171559947077185,181.7724015260028,5.588113784790039,9.658296585083008,,,F10_Schwefel,100,APSO
True,22,64,350.144440071223,function_evaluations,1000000,,1000000,19608,1000000,0,max_function_evaluations,0.00043667799764079973,80.84467695600324,5.641453742980957,9.701550483703613,,,F10_Schwefel,100,APSO
True,23,65,554.7146910364149,function_evaluations,1000000,,1000000,19608,1000000,0,max_function_evaluations,0.0003169190022163093,75.93419181100035,5.584500312805176,9.653325080871582,,,F10_Schwefel,100,APSO
True,24,66,1097.5730916870461,function_evaluations,1000000,,1000000,19608,1000000,0,max_function_evaluations,0.0003013140012626536,77.1829682059979,5.511859893798828,9.56982421875,,,F10_Schwefel,100,APSO
True,0,42,105583796.414272,function_evaluations,1000000,,1000000,19999,1000000,0,max_function_evaluations,0.00032083299447549507,131.0070511820013,3.899052619934082,4.209456443786621,,,F10_Schwefel,100,UAPSO
True,1,43,623933732.8889117,function_evaluations,1000000,,1000000,19999,1000000,0,max_function_evaluations,0.0003351929990458302,131.7180336340025,3.83376407623291,4.144198417663574,,,F10_Schwefel,100,UAPSO
True,2,44,420166018.8595396,function_evaluations,1000000,,1000000,19999,1000000,0,max_function_evaluations,0.0002744149969657883,158.193848187002,3.803548812866211,4.1136474609375,,,F10_Schwefel,100,UAPSO
True,3,45,3232946506.3073673,function_evaluations,1000000,,1000000,19999,1000000,0,max_function_evaluations,0.00039376900531351566,124.41522261600039,3.8734235763549805,4.1842241287231445,,,F10_Schwefel,100,UAPSO
True,4,46,918682704.0137546,function_evaluations,1000000,,1000000,19999,1000000,0,max_function_evaluations,0.0002296069942531176,131.8156999999992,3.8019895553588867,4.112240791320801,,,F10_Schwefel,100,UAPSO
True,5,47,2987372745.0368314,function_evaluations,1000000,,1000000,19999,1000000,0,max_function_evaluations,0.0004039569976157509,136.23276709099446,3.827878952026367,4.136207580566406,,,F10_Schwefel,100,UAPSO
True,6,48,2078824229.6473155,function_evaluations,1000000,,1000000,19999,1000000,0,max_function_evaluations,0.0004169610037934035,144.49534407000465,3.835054397583008,4.145244598388672,,,F10_Schwefel,100,UAPSO
True,7,49,20578598531.533535,function_evaluations,1000000,,1000000,19999,1000000,0,max_function_evaluations,0.0003485240013105795,138.04968464400008,3.7996253967285156,4.11054801940918,,,F10_Schwefel,100,UAPSO
True,8,50,397996727.8405531,function_evaluations,1000000,,1000000,19999,1000000,0,max_function_evaluations,0.0003606669997680001,123.50427201499406,3.8304243087768555,4.1416521072387695,,,F10_Schwefel,100,UAPSO
True,9,51,741632469.8462397,function_evaluations,1000000,,1000000,19999,1000000,0,max_function_evaluations,0.00033952100056922063,151.59365850400354,3.9308910369873047,4.240379333496094,,,F10_Schwefel,100,UAPSO
True,10,52,3516009061.493757,function_evaluations,1000000,,1000000,19999,1000000,0,max_function_evaluations,0.00033363999682478607,108.76155128699611,3.8174562454223633,4.127615928649902,,,F10_Schwefel,100,UAPSO
True,11,53,919992504.1887888,function_evaluations,1000000,,1000000,19999,1000000,0,max_function_evaluations,0.0004197649977868423,140.86596498799918,3.8246355056762695,4.133299827575684,,,F10_Schwefel,100,UAPSO
True,12,54,1331085437.9127054,function_evaluations,1000000,,1000000,19999,1000000,0,max_function_evaluations,0.0004058679987792857,122.52678008800285,4.312614440917969,4.63438606262207,,,F10_Schwefel,100,UAPSO
True,13,55,2331263358.8527503,function_evaluations,1000000,,1000000,19999,1000000,0,max_function_evaluations,0.0004204970027785748,125.97048612000071,3.8322219848632812,4.142778396606445,,,F10_Schwefel,100,UAPSO
True,14,56,1010393430.5431482,function_evaluations,1000000,,1000000,19999,1000000,0,max_function_evaluations,0.0004238089968566783,131.5878049919993,3.8545236587524414,4.1649274826049805,,,F10_Schwefel,100,UAPSO
True,15,57,1965036342.3278708,function_evaluations,1000000,,1000000,19999,1000000,0,max_function_evaluations,0.0004218890026095323,154.3855161429965,3.8201589584350586,4.129891395568848,,,F10_Schwefel,100,UAPSO
True,16,58,742618363.9694637,function_evaluations,1000000,,1000000,19999,1000000,0,max_function_evaluations,0.000295533005555626,155.80675266199978,3.890848159790039,4.203083038330078,,,F10_Schwefel,100,UAPSO
True,17,59,432393032.1612713,function_evaluations,1000000,,1000000,19999,1000000,0,max_function_evaluations,0.00047595499927410856,123.71137750100024,3.777996063232422,4.088125228881836,,,F10_Schwefel,100,UAPSO
True,18,60,459224112.5614742,function_evaluations,1000000,,1000000,19999,1000000,0,max_function_evaluations,0.0004522540039033629,121.24202059699746,3.8179054260253906,4.12849235534668,,,F10_Schwefel,100,UAPSO
True,19,61,5999161812.857709,function_evaluations,1000000,,1000000,19999,1000000,0,max_function_evaluations,0.0004140009987168014,136.8993704240056,3.777008056640625,4.087167739868164,,,F10_Schwefel,100,UAPSO
True,20,62,318952635.43617684,function_evaluations,1000000,,1000000,19999,1000000,0,max_function_evaluations,0.0004243709990987554,130.4130993880026,3.9496374130249023,4.261689186096191,,,F10_Schwefel,100,UAPSO
True,21,63,2399931530.0889354,function_evaluations,1000000,,1000000,19999,1000000,0,max_function_evaluations,0.0004803730043931864,109.79946161199769,3.808492660522461,4.1173095703125,,,F10_Schwefel,100,UAPSO
True,22,64,10335673747.730824,function_evaluations,1000000,,1000000,19999,1000000,0,max_function_evaluations,0.00044418099423637614,70.8765302920001,3.8891372680664062,4.20195198059082,,,F10_Schwefel,100,UAPSO
True,23,65,63445567.90218515,function_evaluations,1000000,,1000000,19999,1000000,0,max_function_evaluations,0.0005588310013990849,67.28689322400169,3.9371156692504883,4.245566368103027,,,F10_Schwefel,100,UAPSO
True,24,66,1575310741.9300544,function_evaluations,1000000,,1000000,19999,1000000,0,max_function_evaluations,0.00040387500484939665,66.90508045099705,3.7966175079345703,4.105220794677734,,,F10_Schwefel,100,UAPSO
True,0,42,30529570163.85137,function_evaluations,1000000,,1000000,19999,1000000,0,max_function_evaluations,0.00027740200312109664,275.9835725590019,2.4022293090820312,2.710451126098633,,,F11_Hybrid1,100,PSO
True,1,43,10036248661.176947,function_evaluations,1000000,,1000000,19999,1000000,0,max_function_evaluations,0.00025439399905735627,290.9950955669992,2.4025192260742188,2.7106494903564453,,,F11_Hybrid1,100,PSO
True,2,44,6647243742.415674,function_evaluations,1000000,,1000000,19999,1000000,0,max_function_evaluations,0.0003124890063190833,309.7231960299978,2.3682022094726562,2.676210403442383,,,F11_Hybrid1,100,PSO
True,3,45,9990928708.241507,function_evaluations,1000000,,1000000,19999,1000000,0,max_function_evaluations,0.00023191099899122491,279.59608275700157,2.3846969604492188,2.6925830841064453,,,F11_Hybrid1,100,PSO
True,4,46,14326735578.376492,function_evaluations,1000000,,1000000,19999,1000000,0,max_function_evaluations,0.00023818499903427437,285.9647145229974,2.3871536254882812,2.696168899536133,,,F11_Hybrid1,100,PSO
True,5,47,3463329878.6189847,function_evaluations,1000000,,1000000,19999,1000000,0,max_function_evaluations,0.00028070300322724506,311.1324557410044,2.3917922973632812,2.699983596801758,,,F11_Hybrid1,100,PSO
True,6,48,21577144496.155807,function_evaluations,1000000,,1000000,19999,1000000,0,max_function_evaluations,0.00018009400082519278,296.8684984470019,2.3710174560546875,2.679819107055664,,,F11_Hybrid1,100,PSO
True,7,49,7063440482.400874,function_evaluations,1000000,,1000000,19999,1000000,0,max_function_evaluations,0.00022331000218400732,293.6816252369972,2.3604965209960938,2.6687183380126953,,,F11_Hybrid1,100,PSO
True,8,50,11260620296.60463,function_evaluations,1000000,,1000000,19999,1000000,0,max_function_evaluations,0.0002201349998358637,280.94099809800537,2.3872833251953125,2.696207046508789,,,F11_Hybrid1,100,PSO
True,9,51,15871448673.15699,function_evaluations,1000000,,1000000,19999,1000000,0,max_function_evaluations,0.00026019299548352137,298.09670420399925,2.3699722290039062,2.677766799926758,,,F11_Hybrid1,100,PSO
True,10,52,10144914863.72984,function_evaluations,1000000,,1000000,19999,1000000,0,max_function_evaluations,0.00020729799871332943,282.68216219700116,2.374359130859375,2.6826114654541016,,,F11_Hybrid1,100,PSO
True,11,53,4470357931.783745,function_evaluations,1000000,,1000000,19999,1000000,0,max_function_evaluations,0.00028425899654394016,287.5047563800035,2.38055419921875,2.6891117095947266,,,F11_Hybrid1,100,PSO
True,12,54,17470638271.137077,function_evaluations,1000000,,1000000,19999,1000000,0,max_function_evaluations,0.00028217399813001975,298.81063665299735,2.3648681640625,2.6734561920166016,,,F11_Hybrid1,100,PSO
True,13,55,5706504865.711677,function_evaluations,1000000,,1000000,19999,1000000,0,max_function_evaluations,0.0003029079962288961,303.021801693998,2.3546371459960938,2.6628894805908203,,,F11_Hybrid1,100,PSO
True,14,56,7128400511.585786,function_evaluations,1000000,,1000000,19999,1000000,0,max_function_evaluations,0.0002983820013469085,285.1059324589951,2.3812484741210938,2.6897144317626953,,,F11_Hybrid1,100,PSO
True,15,57,15742180843.877996,function_evaluations,1000000,,1000000,19999,1000000,0,max_function_evaluations,0.00030034999508643523,293.0530627890039,2.401214599609375,2.7095890045166016,,,F11_Hybrid1,100,PSO
True,16,58,18642027827.269226,function_evaluations,1000000,,1000000,19999,1000000,0,max_function_evaluations,0.00020779499755008146,289.47579399499955,2.4043807983398438,2.7122058868408203,,,F11_Hybrid1,100,PSO
True,17,59,18039135051.79409,function_evaluations,1000000,,1000000,19999,1000000,0,max_function_evaluations,0.00033590300154173747,281.6045154440071,2.4041213989257812,2.713350296020508,,,F11_Hybrid1,100,PSO
True,18,60,30281403847.109486,function_evaluations,1000000,,1000000,19999,1000000,0,max_function_evaluations,0.00028739099798258394,296.1823368300029,2.368133544921875,2.6762027740478516,,,F11_Hybrid1,100,PSO
True,19,61,8032921203.845037,function_evaluations,1000000,,1000000,19999,1000000,0,max_function_evaluations,0.0002840489978552796,289.0023248649959,2.35748291015625,2.6652164459228516,,,F11_Hybrid1,100,PSO
True,20,62,15100641108.636356,function_evaluations,1000000,,1000000,19999,1000000,0,max_function_evaluations,0.0002905000001192093,281.5142950770023,2.3689498901367188,2.6768360137939453,,,F11_Hybrid1,100,PSO
True,21,63,10176224391.356613,function_evaluations,1000000,,1000000,19999,1000000,0,max_function_evaluations,0.0002887189984903671,281.3451272489983,2.3871688842773438,2.6960926055908203,,,F11_Hybrid1,100,PSO
True,22,64,22891470284.529427,function_evaluations,1000000,,1000000,19999,1000000,0,max_function_evaluations,0.00026202000299235806,143.65888585899665,2.349853515625,2.6580142974853516,,,F11_Hybrid1,100,PSO
True,23,65,8063895533.915285,function_evaluations,1000000,,1000000,19999,1000000,0,max_function_evaluations,0.00029344699578359723,137.182954306998,2.3847503662109375,2.692636489868164,,,F11_Hybrid1,100,PSO
True,24,66,14610339558.264324,function_evaluations,1000000,,1000000,19999,1000000,0,max_function_evaluations,0.0002612769967527129,132.78482896300557,2.3851318359375,2.6928653717041016,,,F11_Hybrid1,100,PSO
True,0,42,14965962337.132715,function_evaluations,1000000,,1000000,19999,1000000,0,max_function_evaluations,0.00020296299771871418,288.79259342399746,3.3636322021484375,3.6823596954345703,,,F11_Hybrid1,100,PSOLVIW
True,1,43,3047325155.875241,function_evaluations,1000000,,1000000,19999,1000000,0,max_function_evaluations,0.0002003900008276105,289.88782278200233,3.406036376953125,3.7188892364501953,,,F11_Hybrid1,100,PSOLVIW
True,2,44,14408881977.075134,function_evaluations,1000000,,1000000,19999,1000000,0,max_function_evaluations,0.00016558499919483438,290.93128706500283,3.4354782104492188,3.7566699981689453,,,F11_Hybrid1,100,PSOLVIW
True,3,45,10895694116.230064,function_evaluations,1000000,,1000000,19999,1000000,0,max_function_evaluations,0.00019457699818303809,299.5097653449993,3.4482650756835938,3.7694568634033203,,,F11_Hybrid1,100,PSOLVIW
True,4,46,16822162234.13888,function_evaluations,1000000,,1000000,19999,1000000,0,max_function_evaluations,0.0002774620006675832,286.8701514220011,3.304901123046875,3.623506546020508,,,F11_Hybrid1,100,PSOLVIW
True,5,47,14247537707.534342,function_evaluations,1000000,,1000000,19999,1000000,0,max_function_evaluations,0.00021108100190758705,300.3444594860048,3.50189208984375,3.8230838775634766,,,F11_Hybrid1,100,PSOLVIW
True,6,48,18216214319.943718,function_evaluations,1000000,,1000000,19999,1000000,0,max_function_evaluations,0.00031194999610306695,297.55606164300116,3.4606170654296875,3.781808853149414,,,F11_Hybrid1,100,PSOLVIW
True,7,49,11280649718.832952,function_evaluations,1000000,,1000000,19999,1000000,0,max_function_evaluations,0.0002328369955648668,304.99651123100193,3.4195709228515625,3.7304325103759766,,,F11_Hybrid1,100,PSOLVIW
True,8,50,7281579692.791737,function_evaluations,1000000,,1000000,19999,1000000,0,max_function_evaluations,0.0002167919956264086,289.3461361949958,3.4431076049804688,3.7642993927001953,,,F11_Hybrid1,100,PSOLVIW
True,9,51,14763026041.403698,function_evaluations,1000000,,1000000,19999,1000000,0,max_function_evaluations,0.00023338600294664502,289.0655496679974,3.4338912963867188,3.7416019439697266,,,F11_Hybrid1,100,PSOLVIW
True,10,52,15844755943.800133,function_evaluations,1000000,,1000000,19999,1000000,0,max_function_evaluations,0.00021844000002602115,284.2310626489998,3.40521240234375,3.718820571899414,,,F11_Hybrid1,100,PSOLVIW
True,11,53,8469742393.360662,function_evaluations,1000000,,1000000,19999,1000000,0,max_function_evaluations,0.0002942319988505915,292.6001445389993,3.429931640625,3.7381153106689453,,,F11_Hybrid1,100,PSOLVIW
True,12,54,24017573862.622314,function_evaluations,1000000,,1000000,19999,1000000,0,max_function_evaluations,0.00026842900115298107,302.12914988500415,3.3880157470703125,3.7024707794189453,,,F11_Hybrid1,100,PSOLVIW
True,13,55,2084928981.8711934,function_evaluations,1000000,,1000000,19999,1000000,0,max_function_evaluations,0.00028210500022396445,290.3633913509984,3.4134902954101562,3.7253589630126953,,,F11_Hybrid1,100,PSOLVIW
True,14,56,4919503470.78163,function_evaluations,1000000,,1000000,19999,1000000,0,max_function_evaluations,0.00018906900368165225,294.96422607600107,3.5511398315429688,3.8884449005126953,,,F11_Hybrid1,100,PSOLVIW
True,15,57,7099171906.132603,function_evaluations,1000000,,1000000,19999,1000000,0,max_function_evaluations,0.00026961399998981506,289.8355857679999,3.5524139404296875,3.889719009399414,,,F11_Hybrid1,100,PSOLVIW
True,16,58,8588034473.829296,function_evaluations,1000000,,1000000,19999,1000000,0,max_function_evaluations,0.00026829099806491286,293.6113869979963,3.4325790405273438,3.7405338287353516,,,F11_Hybrid1,100,PSOLVIW
True,17,59,12159194040.948746,function_evaluations,1000000,,1000000,19999,1000000,0,max_function_evaluations,0.0002826919953804463,293.6420475420018,3.4387283325195312,3.7600269317626953,,,F11_Hybrid1,100,PSOLVIW
True,18,60,26042611767.889023,function_evaluations,1000000,,1000000,19999,1000000,0,max_function_evaluations,0.0002827320058713667,297.0860806810015,3.5156936645507812,3.852998733520508,,,F11_Hybrid1,100,PSOLVIW
True,19,61,4747374656.182361,function_evaluations,1000000,,1000000,19999,1000000,0,max_function_evaluations,0.0007687840043217875,288.1309382030013,3.4085006713867188,3.7202701568603516,,,F11_Hybrid1,100,PSOLVIW
True,20,62,22570887583.301014,function_evaluations,1000000,,1000000,19999,1000000,0,max_function_evaluations,0.00027493899688124657,288.83800587300357,3.032470703125,3.340547561645508,,,F11_Hybrid1,100,PSOLVIW
True,21,63,22891404130.454025,function_evaluations,1000000,,1000000,19999,1000000,0,max_function_evaluations,0.00026837399491341785,286.37912924800185,3.475677490234375,3.7968692779541016,,,F11_Hybrid1,100,PSOLVIW
True,22,64,23342697572.96907,function_evaluations,1000000,,1000000,19999,1000000,0,max_function_evaluations,0.0002618169964989647,134.06705050699384,3.339263916015625,3.651643753051758,,,F11_Hybrid1,100,PSOLVIW
True,23,65,7580266396.387743,function_evaluations,1000000,,1000000,19999,1000000,0,max_function_evaluations,0.0002832870013662614,134.0814575580007,3.39410400390625,3.709543228149414,,,F11_Hybrid1,100,PSOLVIW
True,24,66,13818765610.10241,function_evaluations,1000000,,1000000,19999,1000000,0,max_function_evaluations,0.0002668040033313446,131.34840360900125,3.4381866455078125,3.745851516723633,,,F11_Hybrid1,100,PSOLVIW
True,0,42,81914185.71460986,function_evaluations,1000000,,1000000,19999,1000000,0,max_function_evaluations,0.00016080200293799862,312.96956380699703,5.552825927734375,6.117120742797852,,,F11_Hybrid1,100,PSOTVAC
True,1,43,7775144935.199456,function_evaluations,1000000,,1000000,19999,1000000,0,max_function_evaluations,0.000158203998580575,315.13211620800575,5.843650817871094,6.50676155090332,,,F11_Hybrid1,100,PSOTVAC
True,2,44,3657326154.239831,function_evaluations,1000000,,1000000,19999,1000000,0,max_function_evaluations,0.00019489300029817969,325.35889627099823,4.939056396484375,5.392633438110352,,,F11_Hybrid1,100,PSOTVAC
True,3,45,1157493932.6710663,function_evaluations,1000000,,1000000,19999,1000000,0,max_function_evaluations,0.00021197400201344863,319.039961208,5.890052795410156,6.553163528442383,,,F11_Hybrid1,100,PSOTVAC
True,4,46,725839068.8605579,function_evaluations,1000000,,1000000,19999,1000000,0,max_function_evaluations,0.000357706994691398,326.8486878010008,4.9356231689453125,5.389200210571289,,,F11_Hybrid1,100,PSOTVAC
True,5,47,3319530419.374147,function_evaluations,1000000,,1000000,19999,1000000,0,max_function_evaluations,0.0003630370047176257,331.4141748529946,5.603401184082031,6.214204788208008,,,F11_Hybrid1,100,PSOTVAC
True,6,48,173334125.36140174,function_evaluations,1000000,,1000000,19999,1000000,0,max_function_evaluations,0.0003939929956686683,315.1507436190004,6.428924560546875,7.217035293579102,,,F11_Hybrid1,100,PSOTVAC
True,7,49,25402874.18476735,function_evaluations,1000000,,1000000,19999,1000000,0,max_function_evaluations,0.00030988299840828404,308.36527610499616,6.121025085449219,6.842973709106445,,,F11_Hybrid1,100,PSOTVAC
True,8,50,465676880.7002159,function_evaluations,1000000,,1000000,19999,1000000,0,max_function_evaluations,0.00033128899667644873,318.89664673699735,7.039794921875,7.902368545532227,,,F11_Hybrid1,100,PSOTVAC
True,9,51,565951071.2330103,function_evaluations,1000000,,1000000,19999,1000000,0,max_function_evaluations,0.00029056800121907145,320.1853493169983,5.656745910644531,6.267549514770508,,,F11_Hybrid1,100,PSOTVAC
True,10,52,759368732.7079394,function_evaluations,1000000,,1000000,19999,1000000,0,max_function_evaluations,0.00024353000480914488,315.51361585599807,6.2784576416015625,7.000406265258789,,,F11_Hybrid1,100,PSOTVAC
True,11,53,140517230.7544269,function_evaluations,1000000,,1000000,19999,1000000,0,max_function_evaluations,0.007285225001396611,309.38983014300175,5.9109039306640625,6.574014663696289,,,F11_Hybrid1,100,PSOTVAC
True,12,54,1080324745.1903687,function_evaluations,1000000,,1000000,19999,1000000,0,max_function_evaluations,0.0003793950018007308,304.22939601700637,5.277496337890625,5.800470352172852,,,F11_Hybrid1,100,PSOTVAC
True,13,55,61525158.403551854,function_evaluations,1000000,,1000000,19999,1000000,0,max_function_evaluations,0.0004169809981249273,301.8824069990005,6.654518127441406,7.442628860473633,,,F11_Hybrid1,100,PSOTVAC
True,14,56,8679428.892868808,function_evaluations,1000000,,1000000,19999,1000000,0,max_function_evaluations,0.00041696999687701464,311.5506930590054,6.824714660644531,7.687288284301758,,,F11_Hybrid1,100,PSOTVAC
True,15,57,112034490.99852324,function_evaluations,1000000,,1000000,19999,1000000,0,max_function_evaluations,0.0004531599988695234,303.48280201399757,5.011940002441406,5.465517044067383,,,F11_Hybrid1,100,PSOTVAC
True,16,58,1048827412.9197419,function_evaluations,1000000,,1000000,19999,1000000,0,max_function_evaluations,0.0003833329974440858,291.6903487860036,5.844505310058594,6.50761604309082,,,F11_Hybrid1,100,PSOTVAC
True,17,59,1804545364.7189324,function_evaluations,1000000,,1000000,19999,1000000,0,max_function_evaluations,0.0004939089994877577,305.5598450999969,6.993553161621094,7.85612678527832,,,F11_Hybrid1,100,PSOTVAC
True,18,60,1240599.089532131,function_evaluations,1000000,,1000000,19999,1000000,0,max_function_evaluations,0.0003620249990490265,297.0155943540012,5.91766357421875,6.580774307250977,,,F11_Hybrid1,100,PSOTVAC
True,19,61,170203690.09541327,function_evaluations,1000000,,1000000,19999,1000000,0,max_function_evaluations,0.00039955999818630517,298.81810841999686,6.023674011230469,6.686784744262695,,,F11_Hybrid1,100,PSOTVAC
True,20,62,5957375912.235694,function_evaluations,1000000,,1000000,19999,1000000,0,max_function_evaluations,0.001851966000685934,306.76889357899927,5.357048034667969,5.879999160766602,,,F11_Hybrid1,100,PSOTVAC
True,21,63,124685473.5192671,function_evaluations,1000000,,1000000,19999,1000000,0,max_function_evaluations,0.0003766629961319268,298.78660279799806,6.862266540527344,7.72484016418457,,,F11_Hybrid1,100,PSOTVAC
True,22,64,1125002603.9768114,function_evaluations,1000000,,1000000,19999,1000000,0,max_function_evaluations,0.00026753099518828094,139.1607661099988,5.236747741699219,5.759721755981445,,,F11_Hybrid1,100,PSOTVAC
True,23,65,1230554946.2027657,function_evaluations,1000000,,1000000,19999,1000000,0,max_function_evaluations,0.0002989880013046786,134.53475900599733,5.9575958251953125,6.620706558227539,,,F11_Hybrid1,100,PSOTVAC
True,24,66,2474855.775861634,function_evaluations,1000000,,1000000,19999,1000000,0,max_function_evaluations,0.00027634700381895527,133.17658973200014,6.0800018310546875,6.801950454711914,,,F11_Hybrid1,100,PSOTVAC
True,0,42,52213790773.05946,function_evaluations,1000000,,1000000,19999,1000000,0,max_function_evaluations,0.00023782200150890276,314.986336148002,3.1551132202148438,3.4684085845947266,,,F11_Hybrid1,100,APSOVI
True,1,43,9885450014.930561,function_evaluations,1000000,,1000000,19999,1000000,0,max_function_evaluations,0.00023525900178356096,309.1395720760047,3.2603073120117188,3.5736637115478516,,,F11_Hybrid1,100,APSOVI
True,2,44,20762882738.0243,function_evaluations,1000000,,1000000,19999,1000000,0,max_function_evaluations,0.0004025210000691004,309.11458053500246,2.9767303466796875,3.287546157836914,,,F11_Hybrid1,100,APSOVI
True,3,45,14185221488.591967,function_evaluations,1000000,,1000000,19999,1000000,0,max_function_evaluations,0.0003342220006743446,312.5473159520043,3.0248641967773438,3.3372364044189453,,,F11_Hybrid1,100,APSOVI
True,4,46,10749019805.639204,function_evaluations,1000000,,1000000,19999,1000000,0,max_function_evaluations,0.0002781609946396202,314.21881170299457,3.1457061767578125,3.454874038696289,,,F11_Hybrid1,100,APSOVI
True,5,47,33129783670.95246,function_evaluations,1000000,,1000000,19999,1000000,0,max_function_evaluations,0.00023625700123375282,317.3799629799978,2.9945831298828125,3.302591323852539,,,F11_Hybrid1,100,APSOVI
True,6,48,32610351884.909794,function_evaluations,1000000,,1000000,19999,1000000,0,max_function_evaluations,0.0003148870018776506,319.25710841600085,3.2921600341796875,3.6103458404541016,,,F11_Hybrid1,100,APSOVI
True,7,49,1170300874.2099395,function_evaluations,1000000,,1000000,19999,1000000,0,max_function_evaluations,0.00028312200447544456,317.89304257199547,3.3015518188476562,3.619997024536133,,,F11_Hybrid1,100,APSOVI
True,8,50,21045553192.895283,function_evaluations,1000000,,1000000,19999,1000000,0,max_function_evaluations,0.00027753599715651944,302.03057515700493,3.0623703002929688,3.3708972930908203,,,F11_Hybrid1,100,APSOVI
True,9,51,15097520380.383354,function_evaluations,1000000,,1000000,19999,1000000,0,max_function_evaluations,0.0011848720023408532,312.9727385160004,3.029754638671875,3.3375797271728516,,,F11_Hybrid1,100,APSOVI
True,10,52,10225347304.214508,function_evaluations,1000000,,1000000,19999,1000000,0,max_function_evaluations,0.0002729760017246008,304.58416421799484,2.9583053588867188,3.2678089141845703,,,F11_Hybrid1,100,APSOVI
True,11,53,17749036330.637375,function_evaluations,1000000,,1000000,19999,1000000,0,max_function_evaluations,0.00031487199885305017,294.7213353490006,3.0512008666992188,3.3631763458251953,,,F11_Hybrid1,100,APSOVI
True,12,54,9278503178.153889,function_evaluations,1000000,,1000000,19999,1000000,0,max_function_evaluations,0.00031151800067164004,313.19138786799886,3.0768051147460938,3.3909473419189453,,,F11_Hybrid1,100,APSOVI
True,13,55,3142850717.2985444,function_evaluations,1000000,,1000000,19999,1000000,0,max_function_evaluations,0.00032679100695531815,295.0055764589997,3.2361907958984375,3.545877456665039,,,F11_Hybrid1,100,APSOVI
True,14,56,25739033667.60351,function_evaluations,1000000,,1000000,19999,1000000,0,max_function_evaluations,0.00029947300208732486,297.88543398399634,3.2809219360351562,3.591127395629883,,,F11_Hybrid1,100,APSOVI
True,15,57,15283109430.789454,function_evaluations,1000000,,1000000,19999,1000000,0,max_function_evaluations,0.0003524190033203922,293.4197389680048,2.998779296875,3.3095035552978516,,,F11_Hybrid1,100,APSOVI
True,16,58,26260066132.311638,function_evaluations,1000000,,1000000,19999,1000000,0,max_function_evaluations,0.0003031779997400008,300.99099350200413,3.1249008178710938,3.4334278106689453,,,F11_Hybrid1,100,APSOVI
True,17,59,28170657405.21241,function_evaluations,1000000,,1000000,19999,1000000,0,max_function_evaluations,0.0003172369979438372,298.1232650719976,3.2504196166992188,3.5660266876220703,,,F11_Hybrid1,100,APSOVI
True,18,60,26374122269.824303,function_evaluations,1000000,,1000000,19999,1000000,0,max_function_evaluations,0.00030401700496440753,289.3649724479983,2.9765243530273438,3.2858448028564453,,,F11_Hybrid1,100,APSOVI
True,19,61,9288550616.937368,function_evaluations,1000000,,1000000,19999,1000000,0,max_function_evaluations,0.00029619300039485097,303.4072385519976,3.1486129760742188,3.4579639434814453,,,F11_Hybrid1,100,APSOVI
True,20,62,11109255705.651426,function_evaluations,1000000,,1000000,19999,1000000,0,max_function_evaluations,0.00031751400092616677,297.112613502999,3.0248870849609375,3.335306167602539,,,F11_Hybrid1,100,APSOVI
True,21,63,3642978076.4054966,function_evaluations,1000000,,1000000,19999,1000000,0,max_function_evaluations,0.00030540300213033333,298.2244457350025,3.2298126220703125,3.539987564086914,,,F11_Hybrid1,100,APSOVI
True,22,64,13311672731.019983,function_evaluations,1000000,,1000000,19999,1000000,0,max_function_evaluations,0.0002702900019357912,140.21880425199925,3.055023193359375,3.3690738677978516,,,F11_Hybrid1,100,APSOVI
True,23,65,10335414262.846914,function_evaluations,1000000,,1000000,19999,1000000,0,max_function_evaluations,0.00027894799859495834,135.87158520900266,3.3037185668945312,3.6231937408447266,,,F11_Hybrid1,100,APSOVI
True,24,66,11756856908.84819,function_evaluations,1000000,,1000000,19999,1000000,0,max_function_evaluations,0.00028968699916731566,138.26388077599404,3.013031005859375,3.3219547271728516,,,F11_Hybrid1,100,APSOVI
True,0,42,127391.15445780697,function_evaluations,1000000,,1000000,19608,1000000,0,max_function_evaluations,0.0004437429961399175,339.12421057799656,5.637478828430176,9.697624206542969,,,F11_Hybrid1,100,APSO
True,1,43,144452.8305378855,function_evaluations,1000000,,1000000,19608,1000000,0,max_function_evaluations,0.00041020700155058876,328.69153107499733,5.637692451477051,9.69780445098877,,,F11_Hybrid1,100,APSO
True,2,44,207126.46212475587,function_evaluations,1000000,,1000000,19608,1000000,0,max_function_evaluations,0.00035510800080373883,320.9356019479965,5.593050956726074,9.661128044128418,,,F11_Hybrid1,100,APSO
True,3,45,103783.53171702845,function_evaluations,1000000,,1000000,19607,1000000,0,max_function_evaluations,0.00018584500503493473,305.9787422589943,5.615523338317871,9.680243492126465,,,F11_Hybrid1,100,APSO
True,4,46,303057.56098442775,function_evaluations,1000000,,1000000,19608,1000000,0,max_function_evaluations,0.00027672300348058343,310.80206576999626,5.628899574279785,9.691105842590332,,,F11_Hybrid1,100,APSO
True,5,47,60230.36689747119,function_evaluations,1000000,,1000000,19607,1000000,0,max_function_evaluations,0.000449095998192206,309.87510998200014,5.615368843078613,9.679600715637207,,,F11_Hybrid1,100,APSO
True,6,48,102084.66656522133,function_evaluations,1000000,,1000000,19608,1000000,0,max_function_evaluations,0.00022147300478536636,354.8498519309942,5.656418800354004,9.713326454162598,,,F11_Hybrid1,100,APSO
True,7,49,185585.5892657027,function_evaluations,1000000,,1000000,19608,1000000,0,max_function_evaluations,0.0002734380032052286,340.0380112700004,5.603421211242676,9.670140266418457,,,F11_Hybrid1,100,APSO
True,8,50,98898.5605917044,function_evaluations,1000000,,1000000,19608,1000000,0,max_function_evaluations,0.00022781099687563255,334.564202485999,5.603920936584473,9.670899391174316,,,F11_Hybrid1,100,APSO
True,9,51,207076.69466411386,function_evaluations,1000000,,1000000,19608,1000000,0,max_function_evaluations,0.000250899996899534,309.3570223709976,5.633672714233398,9.69477367401123,,,F11_Hybrid1,100,APSO
True,10,52,301889.5191419225,function_evaluations,1000000,,1000000,19608,1000000,0,max_function_evaluations,0.00023631299700355157,354.6485080620041,5.606888771057129,9.67300033569336,,,F11_Hybrid1,100,APSO
True,11,53,306084.6743494506,function_evaluations,1000000,,1000000,19608,1000000,0,max_function_evaluations,0.0002743210061453283,347.4694879309973,5.622119903564453,9.685192108154297,,,F11_Hybrid1,100,APSO
True,12,54,99943.42123926582,function_evaluations,1000000,,1000000,19608,1000000,0,max_function_evaluations,0.0002803030001814477,352.0761385730002,5.589075088500977,9.658998489379883,,,F11_Hybrid1,100,APSO
True,13,55,151197.15270742038,function_evaluations,1000000,,1000000,19607,1000000,0,max_function_evaluations,0.0002936329983640462,354.1302694919941,5.621588706970215,9.685011863708496,,,F11_Hybrid1,100,APSO
True,14,56,467528.9549859993,function_evaluations,1000000,,1000000,19608,1000000,0,max_function_evaluations,0.00029163799626985565,344.6268805540021,5.6452484130859375,9.703716278076172,,,F11_Hybrid1,100,APSO
True,15,57,82827.50781359783,function_evaluations,1000000,,1000000,19608,1000000,0,max_function_evaluations,0.00027735599724110216,344.72194322099676,5.591641426086426,9.660954475402832,,,F11_Hybrid1,100,APSO
True,16,58,238184.8171510763,function_evaluations,1000000,,1000000,19607,1000000,0,max_function_evaluations,0.0002904619977925904,340.34774896499584,5.607266426086426,9.672932624816895,,,F11_Hybrid1,100,APSO
True,17,59,306254.420266713,function_evaluations,1000000,,1000000,19608,1000000,0,max_function_evaluations,0.0003013759996974841,344.1374945139978,5.634896278381348,9.694825172424316,,,F11_Hybrid1,100,APSO
True,18,60,136091.36745558973,function_evaluations,1000000,,1000000,19608,1000000,0,max_function_evaluations,0.001235075993463397,344.0350714269953,5.6135711669921875,9.678764343261719,,,F11_Hybrid1,100,APSO
True,19,61,57848.697755406814,function_evaluations,1000000,,1000000,19608,1000000,0,max_function_evaluations,0.00030901799618732184,341.3514919460067,5.610394477844238,9.675923347473145,,,F11_Hybrid1,100,APSO
True,20,62,123616.25209085626,function_evaluations,1000000,,1000000,19608,1000000,0,max_function_evaluations,0.0002906240042648278,336.6651633950023,5.5740156173706055,9.6204833984375,,,F11_Hybrid1,100,APSO
True,21,63,155181.09211674595,function_evaluations,1000000,,1000000,19607,1000000,0,max_function_evaluations,0.0005179220024729148,328.2094593810034,5.597175598144531,9.66436767578125,,,F11_Hybrid1,100,APSO
True,22,64,242670.94154885563,function_evaluations,1000000,,1000000,19608,1000000,0,max_function_evaluations,0.00030691899883095175,168.0524115139997,5.61220645904541,9.677323341369629,,,F11_Hybrid1,100,APSO
True,23,65,415826.0806908436,function_evaluations,1000000,,1000000,19608,1000000,0,max_function_evaluations,0.00029988800088176504,163.23696524000115,5.649035453796387,9.707106590270996,,,F11_Hybrid1,100,APSO
True,24,66,151593.97587574067,function_evaluations,1000000,,1000000,19607,1000000,0,max_function_evaluations,0.0004910599964205176,166.64504131699505,5.590279579162598,9.659566879272461,,,F11_Hybrid1,100,APSO
True,0,42,8407513877.726166,function_evaluations,1000000,,1000000,19999,1000000,0,max_function_evaluations,0.00046209600259317085,298.20278235000296,3.9423465728759766,4.255832672119141,,,F11_Hybrid1,100,UAPSO
True,1,43,13633241865.995262,function_evaluations,1000000,,1000000,19999,1000000,0,max_function_evaluations,0.0005807390043628402,300.26784539000073,3.7813892364501953,4.090743064880371,,,F11_Hybrid1,100,UAPSO
True,2,44,37932595748.406746,function_evaluations,1000000,,1000000,19999,1000000,0,max_function_evaluations,0.001037711997923907,283.4070800029949,3.836899757385254,4.146723747253418,,,F11_Hybrid1,100,UAPSO
True,3,45,35388257322.88408,function_evaluations,1000000,,1000000,19999,1000000,0,max_function_evaluations,0.001255691000551451,303.14244678999967,3.826507568359375,4.134866714477539,,,F11_Hybrid1,100,UAPSO
True,4,46,29468702001.132557,function_evaluations,1000000,,1000000,19999,1000000,0,max_function_evaluations,0.0012074089972884394,297.91685281800164,3.8592529296875,4.168466567993164,,,F11_Hybrid1,100,UAPSO
True,5,47,69628402303.94362,function_evaluations,1000000,,1000000,19999,1000000,0,max_function_evaluations,0.0007076330002746545,298.449313764002,4.195407867431641,4.50660514831543,,,F11_Hybrid1,100,UAPSO
True,6,48,58668044090.95148,function_evaluations,1000000,,1000000,19999,1000000,0,max_function_evaluations,0.001022062002448365,304.5196212219962,3.8582611083984375,4.167413711547852,,,F11_Hybrid1,100,UAPSO
True,7,49,84222137861.06503,function_evaluations,1000000,,1000000,19999,1000000,0,max_function_evaluations,0.0009226870024576783,294.95993343900045,3.773970603942871,4.082512855529785,,,F11_Hybrid1,100,UAPSO
True,8,50,41835842131.036194,function_evaluations,1000000,,1000000,19999,1000000,0,max_function_evaluations,0.0011113139989902265,305.86235605700494,3.7850399017333984,4.0936126708984375,,,F11_Hybrid1,100,UAPSO
True,9,51,27377308549.960625,function_evaluations,1000000,,1000000,19999,1000000,0,max_function_evaluations,0.0011318999968352728,289.59355783900537,3.82955265045166,4.140749931335449,,,F11_Hybrid1,100,UAPSO
True,10,52,76260116589.40872,function_evaluations,1000000,,1000000,19999,1000000,0,max_function_evaluations,0.0007572670001536608,287.17318729499675,3.815304756164551,4.126001358032227,,,F11_Hybrid1,100,UAPSO
True,11,53,9976023893.195679,function_evaluations,1000000,,1000000,19999,1000000,0,max_function_evaluations,0.00045366500125965104,304.27001243700215,3.823441505432129,4.132502555847168,,,F11_Hybrid1,100,UAPSO
True,12,54,51037181834.95497,function_evaluations,1000000,,1000000,19999,1000000,0,max_function_evaluations,0.0004077340054209344,300.793440802001,3.7893800735473633,4.099570274353027,,,F11_Hybrid1,100,UAPSO
True,13,55,11638765106.872982,function_evaluations,1000000,,1000000,19999,1000000,0,max_function_evaluations,0.00047148099838523194,306.55663261199516,3.8458518981933594,4.157629013061523,,,F11_Hybrid1,100,UAPSO
True,14,56,33989775094.469124,function_evaluations,1000000,,1000000,19999,1000000,0,max_function_evaluations,0.00040717599767958745,297.594849263005,3.7783069610595703,4.088161468505859,,,F11_Hybrid1,100,UAPSO
True,15,57,19774858105.989124,function_evaluations,1000000,,1000000,19999,1000000,0,max_function_evaluations,0.0004015140002593398,310.93621371699555,3.8491430282592773,4.160511016845703,,,F11_Hybrid1,100,UAPSO
True,16,58,10987370818.67035,function_evaluations,1000000,,1000000,19999,1000000,0,max_function_evaluations,0.00045936099922982976,309.54850175600586,3.8648691177368164,4.1773176193237305,,,F11_Hybrid1,100,UAPSO
True,17,59,21657108697.41201,function_evaluations,1000000,,1000000,19999,1000000,0,max_function_evaluations,0.0004257770051481202,309.5865163349954,3.8205909729003906,4.13014030456543,,,F11_Hybrid1,100,UAPSO
True,18,60,12007554866.788033,function_evaluations,1000000,,1000000,19999,1000000,0,max_function_evaluations,0.0004559640001389198,293.17045691100066,4.00478458404541,4.313784599304199,,,F11_Hybrid1,100,UAPSO
True,19,61,74335128082.4725,function_evaluations,1000000,,1000000,19999,1000000,0,max_function_evaluations,0.00041601600241847336,303.28391654499865,3.769904136657715,4.079178810119629,,,F11_Hybrid1,100,UAPSO
True,20,62,6542017346.661329,function_evaluations,1000000,,1000000,19999,1000000,0,max_function_evaluations,0.00041043599776457995,305.91010039499815,3.8631820678710938,4.171693801879883,,,F11_Hybrid1,100,UAPSO
True,21,63,37523609240.06569,function_evaluations,1000000,,1000000,19999,1000000,0,max_function_evaluations,0.0004064189997734502,310.60138986300444,3.796633720397949,4.105084419250488,,,F11_Hybrid1,100,UAPSO
True,22,64,106359764309.75282,function_evaluations,1000000,,1000000,19999,1000000,0,max_function_evaluations,0.0004557590000331402,143.20506784499594,4.066778182983398,4.379397392272949,,,F11_Hybrid1,100,UAPSO
True,23,65,10812062629.877665,function_evaluations,1000000,,1000000,19999,1000000,0,max_function_evaluations,0.00048129000060725957,139.57516029899853,3.8844404220581055,4.1931352615356445,,,F11_Hybrid1,100,UAPSO
True,24,66,17919154693.955204,function_evaluations,1000000,,1000000,19999,1000000,0,max_function_evaluations,0.00035894800384994596,137.16935163300514,3.8220062255859375,4.131525039672852,,,F11_Hybrid1,100,UAPSO
True,0,42,1242.0839533933777,function_evaluations,1000000,,1000000,19999,1000000,0,max_function_evaluations,0.0003604569938033819,504.345700621001,2.3525161743164062,2.660982131958008,,,F21_Composition1,100,PSO
True,1,43,1219.9434313218385,function_evaluations,1000000,,1000000,19999,1000000,0,max_function_evaluations,0.0002242640039185062,497.51952596099727,2.3487472534179688,2.6570606231689453,,,F21_Composition1,100,PSO
True,2,44,1035.708320146301,function_evaluations,1000000,,1000000,19999,1000000,0,max_function_evaluations,0.0005384210016927682,483.95246474899614,2.3554000854492188,2.6633777618408203,,,F21_Composition1,100,PSO
True,3,45,1317.6568550489073,function_evaluations,1000000,,1000000,19999,1000000,0,max_function_evaluations,0.000340322992997244,495.3199638560036,2.3569869995117188,2.6647815704345703,,,F21_Composition1,100,PSO
True,4,46,1566.5100365411477,function_evaluations,1000000,,1000000,19999,1000000,0,max_function_evaluations,0.0003048579965252429,491.68006596800114,2.3510818481445312,2.658998489379883,,,F21_Composition1,100,PSO
True,5,47,1169.8632278310274,function_evaluations,1000000,,1000000,19999,1000000,0,max_function_evaluations,0.00046868900244589895,501.5239964010034,2.35382080078125,2.6621646881103516,,,F21_Composition1,100,PSO
True,6,48,1172.293307854793,function_evaluations,1000000,,1000000,19999,1000000,0,max_function_evaluations,0.0004365919958218001,498.8708774189945,2.3688812255859375,2.676767349243164,,,F21_Composition1,100,PSO
True,7,49,1353.9155519141486,function_evaluations,1000000,,1000000,19999,1000000,0,max_function_evaluations,0.0003485979977995157,508.09585874400364,2.3559799194335938,2.6639270782470703,,,F21_Composition1,100,PSO
True,8,50,1188.6258027776921,function_evaluations,1000000,,1000000,19999,1000000,0,max_function_evaluations,0.00028917800227645785,503.60469712899794,2.3597640991210938,2.6680164337158203,,,F21_Composition1,100,PSO
True,9,51,1353.2183873637287,function_evaluations,1000000,,1000000,19999,1000000,0,max_function_evaluations,0.00033044899464584887,518.160830130997,2.3682022094726562,2.676790237426758,,,F21_Composition1,100,PSO
True,10,52,1200.1125652808232,function_evaluations,1000000,,1000000,19999,1000000,0,max_function_evaluations,0.00029056600033072755,493.3081236670041,2.3590774536132812,2.667512893676758,,,F21_Composition1,100,PSO
True,11,53,1501.7269626540228,function_evaluations,1000000,,1000000,19999,1000000,0,max_function_evaluations,0.0002657879958860576,487.4084987219976,2.3664627075195312,2.674776077270508,,,F21_Composition1,100,PSO
True,12,54,936.1067840239702,function_evaluations,1000000,,1000000,19999,1000000,0,max_function_evaluations,0.0004968580033164471,498.60710464399745,2.3667068481445312,2.674928665161133,,,F21_Composition1,100,PSO
True,13,55,1041.8357672510442,function_evaluations,1000000,,1000000,19999,1000000,0,max_function_evaluations,0.0003104479983448982,513.4658793330018,2.3515090942382812,2.659303665161133,,,F21_Composition1,100,PSO
True,14,56,1256.1633597207128,function_evaluations,1000000,,1000000,19999,1000000,0,max_function_evaluations,0.00029033899772912264,509.8089011120028,2.3660430908203125,2.674356460571289,,,F21_Composition1,100,PSO
True,15,57,2624.1959198693276,function_evaluations,1000000,,1000000,19999,1000000,0,max_function_evaluations,0.00020204400061629713,502.3915916959959,2.362091064453125,2.6700077056884766,,,F21_Composition1,100,PSO
True,16,58,806.0556346953763,function_evaluations,1000000,,1000000,19999,1000000,0,max_function_evaluations,0.00027502799639478326,504.68646800499846,2.3669357299804688,2.6751575469970703,,,F21_Composition1,100,PSO
True,17,59,816.8691562761496,function_evaluations,1000000,,1000000,19999,1000000,0,max_function_evaluations,0.0002751689971773885,503.0560228050017,2.38739013671875,2.6962833404541016,,,F21_Composition1,100,PSO
True,18,60,1752.8876837244943,function_evaluations,1000000,,1000000,19999,1000000,0,max_function_evaluations,0.0002787229968816973,499.8597638680003,2.383544921875,2.6914615631103516,,,F21_Composition1,100,PSO
True,19,61,1388.298359981944,function_evaluations,1000000,,1000000,19999,1000000,0,max_function_evaluations,0.00027209999825572595,494.4635964869958,2.35784912109375,2.6664066314697266,,,F21_Composition1,100,PSO
True,20,62,1224.8064761949618,function_evaluations,1000000,,1000000,19999,1000000,0,max_function_evaluations,0.0002927899986389093,479.0708272499978,2.3522872924804688,2.6600513458251953,,,F21_Composition1,100,PSO
True,21,63,1026.7208091831426,function_evaluations,1000000,,1000000,19999,1000000,0,max_function_evaluations,0.00029334399732761085,495.12209159499616,2.3418960571289062,2.649904251098633,,,F21_Composition1,100,PSO
True,22,64,1342.5477863953752,function_evaluations,1000000,,1000000,19999,1000000,0,max_function_evaluations,0.000294896999548655,245.4576534480002,2.3537368774414062,2.662141799926758,,,F21_Composition1,100,PSO
True,23,65,1349.003745506605,function_evaluations,1000000,,1000000,19999,1000000,0,max_function_evaluations,0.00029978100064909086,238.5093622869972,2.3485260009765625,2.656869888305664,,,F21_Composition1,100,PSO
True,24,66,1138.9235572376147,function_evaluations,1000000,,1000000,19999,1000000,0,max_function_evaluations,0.0002658989978954196,237.7161234640007,2.3730621337890625,2.681467056274414,,,F21_Composition1,100,PSO
True,0,42,1344.83200170924,function_evaluations,1000000,,1000000,19999,1000000,0,max_function_evaluations,0.0003066580029553734,511.8644023099987,3.03662109375,3.349550247192383,,,F21_Composition1,100,PSOLVIW
True,1,43,944.255637506225,function_evaluations,1000000,,1000000,19999,1000000,0,max_function_evaluations,0.0002594859979581088,516.8478574760011,3.0167922973632812,3.325296401977539,,,F21_Composition1,100,PSOLVIW
True,2,44,978.399875292419,function_evaluations,1000000,,1000000,19999,1000000,0,max_function_evaluations,0.00029214800451882184,511.42149309600063,3.0680465698242188,3.3819828033447266,,,F21_Composition1,100,PSOLVIW
True,3,45,1498.7131884895389,function_evaluations,1000000,,1000000,19999,1000000,0,max_function_evaluations,0.00034302000130992383,515.929864538004,2.979522705078125,3.287263870239258,,,F21_Composition1,100,PSOLVIW
True,4,46,1672.9873759401353,function_evaluations,1000000,,1000000,19999,1000000,0,max_function_evaluations,0.00033631599944783375,523.202141032998,2.986358642578125,3.297334671020508,,,F21_Composition1,100,PSOLVIW
True,5,47,1056.6447140296204,function_evaluations,1000000,,1000000,19999,1000000,0,max_function_evaluations,0.0003254449984524399,513.7973486850024,3.0056686401367188,3.3134708404541016,,,F21_Composition1,100,PSOLVIW
True,6,48,1592.2905991681127,function_evaluations,1000000,,1000000,19999,1000000,0,max_function_evaluations,0.00033509999775560573,519.8235027519986,3.011474609375,3.323183059692383,,,F21_Composition1,100,PSOLVIW
True,7,49,1608.6016124636944,function_evaluations,1000000,,1000000,19999,1000000,0,max_function_evaluations,0.0003305240024928935,516.899417761997,2.9730300903320312,3.281717300415039,,,F21_Composition1,100,PSOLVIW
True,8,50,1061.2946381307056,function_evaluations,1000000,,1000000,19999,1000000,0,max_function_evaluations,0.0003669500001706183,510.39559340100095,3.000152587890625,3.308931350708008,,,F21_Composition1,100,PSOLVIW
True,9,51,1556.5875181207539,function_evaluations,1000000,,1000000,19999,1000000,0,max_function_evaluations,0.00038139300158945844,505.8336359379973,2.996429443359375,3.305452346801758,,,F21_Composition1,100,PSOLVIW
True,10,52,1279.488640834014,function_evaluations,1000000,,1000000,19999,1000000,0,max_function_evaluations,0.00035349999961908907,524.7286588549978,3.0086288452148438,3.3204898834228516,,,F21_Composition1,100,PSOLVIW
True,11,53,1418.514884243852,function_evaluations,1000000,,1000000,19999,1000000,0,max_function_evaluations,0.0003136529994662851,492.09809244299686,3.01470947265625,3.325777053833008,,,F21_Composition1,100,PSOLVIW
True,12,54,1055.181807060494,function_evaluations,1000000,,1000000,19999,1000000,0,max_function_evaluations,0.0003180290004820563,495.78792927999893,3.0400161743164062,3.351938247680664,,,F21_Composition1,100,PSOLVIW
True,13,55,1152.3852564991967,function_evaluations,1000000,,1000000,19999,1000000,0,max_function_evaluations,0.0003001869990839623,502.11423260000447,3.0068511962890625,3.3192615509033203,,,F21_Composition1,100,PSOLVIW
True,14,56,1263.4775983062473,function_evaluations,1000000,,1000000,19999,1000000,0,max_function_evaluations,0.0003655840046121739,495.10455016999913,3.0097198486328125,3.3217029571533203,,,F21_Composition1,100,PSOLVIW
True,15,57,1758.147113990155,function_evaluations,1000000,,1000000,19999,1000000,0,max_function_evaluations,0.0003029469953617081,495.66275366300397,2.989715576171875,3.299928665161133,,,F21_Composition1,100,PSOLVIW
True,16,58,2028.7887266077696,function_evaluations,1000000,,1000000,19999,1000000,0,max_function_evaluations,0.0003469689982011914,500.1016774730015,2.965087890625,3.275087356567383,,,F21_Composition1,100,PSOLVIW
True,17,59,1440.2741868755902,function_evaluations,1000000,,1000000,19999,1000000,0,max_function_evaluations,0.000320930004818365,488.0073214209988,2.9984283447265625,3.3073902130126953,,,F21_Composition1,100,PSOLVIW
True,18,60,1409.4319723583794,function_evaluations,1000000,,1000000,19999,1000000,0,max_function_evaluations,0.00032771099358797073,496.73256380199746,2.9536056518554688,3.2651615142822266,,,F21_Composition1,100,PSOLVIW
True,19,61,914.658410752545,function_evaluations,1000000,,1000000,19999,1000000,0,max_function_evaluations,0.00029865199758205563,495.64909497800545,3.061920166015625,3.369844436645508,,,F21_Composition1,100,PSOLVIW
True,20,62,2103.097828236607,function_evaluations,1000000,,1000000,19999,1000000,0,max_function_evaluations,0.0003202929947292432,490.3953146450003,2.9737777709960938,3.2824954986572266,,,F21_Composition1,100,PSOLVIW
True,21,63,1120.7702987428056,function_evaluations,1000000,,1000000,19999,1000000,0,max_function_evaluations,0.00030198599415598437,488.6062805039983,2.993682861328125,3.303407669067383,,,F21_Composition1,100,PSOLVIW
True,22,64,2416.225955866217,function_evaluations,1000000,,1000000,19999,1000000,0,max_function_evaluations,0.0002806679985951632,221.95209158599755,2.9625167846679688,3.2729740142822266,,,F21_Composition1,100,PSOLVIW
True,23,65,963.4668826496445,function_evaluations,1000000,,1000000,19999,1000000,0,max_function_evaluations,0.0003024990000994876,216.98386339600256,3.028594970703125,3.337282180786133,,,F21_Composition1,100,PSOLVIW
True,24,66,1020.4837169446519,function_evaluations,1000000,,1000000,19999,1000000,0,max_function_evaluations,0.0002721450000535697,216.3579368799983,3.00860595703125,3.320833206176758,,,F21_Composition1,100,PSOLVIW
True,0,42,685.4959278715023,function_evaluations,1000000,,1000000,19999,1000000,0,max_function_evaluations,0.0005283369973767549,497.97714540499874,3.9584884643554688,4.266748428344727,,,F21_Composition1,100,PSOTVAC
True,1,43,648.7578772166889,function_evaluations,1000000,,1000000,19999,1000000,0,max_function_evaluations,0.0008399069993174635,491.40376399100205,3.9361495971679688,4.248529434204102,,,F21_Composition1,100,PSOTVAC
True,2,44,1084.0083474025428,function_evaluations,1000000,,1000000,19999,1000000,0,max_function_evaluations,0.0004284349997760728,496.41639370899793,3.930572509765625,4.239168167114258,,,F21_Composition1,100,PSOTVAC
True,3,45,691.1528286603188,function_evaluations,1000000,,1000000,19999,1000000,0,max_function_evaluations,0.0005722810019506142,489.341069312999,3.937774658203125,4.250429153442383,,,F21_Composition1,100,PSOTVAC
True,4,46,703.2491457472715,function_evaluations,1000000,,1000000,19999,1000000,0,max_function_evaluations,0.0006228100028238259,496.1605948130018,3.9283065795898438,4.237451553344727,,,F21_Composition1,100,PSOTVAC
True,5,47,763.2289780777955,function_evaluations,1000000,,1000000,19999,1000000,0,max_function_evaluations,0.0004156340000918135,494.35400225099875,3.905517578125,4.214143753051758,,,F21_Composition1,100,PSOTVAC
True,6,48,759.2097913577945,function_evaluations,1000000,,1000000,19999,1000000,0,max_function_evaluations,0.00038344399945344776,480.43681878699863,3.9506454467773438,4.260675430297852,,,F21_Composition1,100,PSOTVAC
True,7,49,752.0571772428384,function_evaluations,1000000,,1000000,19999,1000000,0,max_function_evaluations,0.00039884400030132383,494.5775572529965,4.1787109375,4.494905471801758,,,F21_Composition1,100,PSOTVAC
True,8,50,1095.985305314336,function_evaluations,1000000,,1000000,19999,1000000,0,max_function_evaluations,0.0003856760013150051,487.5935215950012,3.8263702392578125,4.134233474731445,,,F21_Composition1,100,PSOTVAC
True,9,51,838.2030726589519,function_evaluations,1000000,,1000000,19999,1000000,0,max_function_evaluations,0.0003330019972054288,494.48432169300213,3.97711181640625,4.287752151489258,,,F21_Composition1,100,PSOTVAC
True,10,52,1221.4733614570705,function_evaluations,1000000,,1000000,19999,1000000,0,max_function_evaluations,0.0015385649967356585,497.4709514309943,3.873687744140625,4.183626174926758,,,F21_Composition1,100,PSOTVAC
True,11,53,781.879007785752,function_evaluations,1000000,,1000000,19999,1000000,0,max_function_evaluations,0.00039736700273351744,494.74268540699995,3.901519775390625,4.210023880004883,,,F21_Composition1,100,PSOTVAC
True,12,54,1118.3456965782875,function_evaluations,1000000,,1000000,19999,1000000,0,max_function_evaluations,0.0002732149951043539,493.2008300719972,4.1087646484375,4.417390823364258,,,F21_Composition1,100,PSOTVAC
True,13,55,1004.9631230944042,function_evaluations,1000000,,1000000,19999,1000000,0,max_function_evaluations,0.0003912250031135045,492.68685166600335,4.358856201171875,4.696161270141602,,,F21_Composition1,100,PSOTVAC
True,14,56,643.367336199658,function_evaluations,1000000,,1000000,19999,1000000,0,max_function_evaluations,0.00028514800214907154,503.4533594359964,3.9592514038085938,4.267999649047852,,,F21_Composition1,100,PSOTVAC
True,15,57,562.9085693658126,function_evaluations,1000000,,1000000,19999,1000000,0,max_function_evaluations,0.0002886139991460368,501.3282879440012,3.9986648559570312,4.313364028930664,,,F21_Composition1,100,PSOTVAC
True,16,58,758.2451199437455,function_evaluations,1000000,,1000000,19999,1000000,0,max_function_evaluations,0.00026987899764208123,488.09886981599993,3.9463958740234375,4.25761604309082,,,F21_Composition1,100,PSOTVAC
True,17,59,429.1515825850911,function_evaluations,1000000,,1000000,19999,1000000,0,max_function_evaluations,0.0002767969999695197,489.1917759729986,4.205390930175781,4.515970230102539,,,F21_Composition1,100,PSOTVAC
True,18,60,635.644970284342,function_evaluations,1000000,,1000000,19999,1000000,0,max_function_evaluations,0.00029476200143108144,491.6114271960032,4.103485107421875,4.412965774536133,,,F21_Composition1,100,PSOTVAC
True,19,61,506.7913372520843,function_evaluations,1000000,,1000000,19999,1000000,0,max_function_evaluations,0.0002746009995462373,500.4224732260045,3.9765548706054688,4.287408828735352,,,F21_Composition1,100,PSOTVAC
True,20,62,1008.7921809526506,function_evaluations,1000000,,1000000,19999,1000000,0,max_function_evaluations,0.00027670300187310204,496.38239320799767,3.851470947265625,4.161775588989258,,,F21_Composition1,100,PSOTVAC
True,21,63,587.8477585509045,function_evaluations,1000000,,1000000,19999,1000000,0,max_function_evaluations,0.00033806300052674487,485.1616523010016,3.9183578491210938,4.229059219360352,,,F21_Composition1,100,PSOTVAC
True,22,64,849.4528162971428,function_evaluations,1000000,,1000000,19999,1000000,0,max_function_evaluations,0.00026977800007443875,215.59927065199736,4.014762878417969,4.326044082641602,,,F21_Composition1,100,PSOTVAC
True,23,65,1148.1493930120487,function_evaluations,1000000,,1000000,19999,1000000,0,max_function_evaluations,0.0002809669967973605,213.02091634800308,3.8651962280273438,4.176721572875977,,,F21_Composition1,100,PSOTVAC
True,24,66,846.7336427150567,function_evaluations,1000000,,1000000,19999,1000000,0,max_function_evaluations,0.0002744590019574389,214.43882789199415,3.8889389038085938,4.199731826782227,,,F21_Composition1,100,PSOTVAC
True,0,42,1379.6787459443476,function_evaluations,1000000,,1000000,19999,1000000,0,max_function_evaluations,0.0002352660012547858,489.4991713260024,3.193634033203125,3.507814407348633,,,F21_Composition1,100,APSOVI
True,1,43,1332.4734887576128,function_evaluations,1000000,,1000000,19999,1000000,0,max_function_evaluations,0.0003752880002139136,514.6799828599978,2.903961181640625,3.2130985260009766,,,F21_Composition1,100,APSOVI
True,2,44,1828.4112881996566,function_evaluations,1000000,,1000000,19999,1000000,0,max_function_evaluations,0.00032617699616821483,505.0439151489991,3.083740234375,3.3966922760009766,,,F21_Composition1,100,APSOVI
True,3,45,1453.7212861069647,function_evaluations,1000000,,1000000,19999,1000000,0,max_function_evaluations,0.00037123799847904593,500.36667067399685,3.1588668823242188,3.469949722290039,,,F21_Composition1,100,APSOVI
True,4,46,2025.8928156338625,function_evaluations,1000000,,1000000,19999,1000000,0,max_function_evaluations,0.0003634469976532273,503.99407373899885,2.9217987060546875,3.229593276977539,,,F21_Composition1,100,APSOVI
True,5,47,1987.8752362737737,function_evaluations,1000000,,1000000,19999,1000000,0,max_function_evaluations,0.0002245639989268966,496.08873517800384,2.95062255859375,3.2601566314697266,,,F21_Composition1,100,APSOVI
True,6,48,1541.7520057442966,function_evaluations,1000000,,1000000,19999,1000000,0,max_function_evaluations,0.0003813250004895963,497.3525465679995,2.8970870971679688,3.2071704864501953,,,F21_Composition1,100,APSOVI
True,7,49,1406.7980833661077,function_evaluations,1000000,,1000000,19999,1000000,0,max_function_evaluations,0.00027048699848819524,499.0887966080045,3.1823883056640625,3.4996814727783203,,,F21_Composition1,100,APSOVI
True,8,50,1571.8255076890564,function_evaluations,1000000,,1000000,19999,1000000,0,max_function_evaluations,0.0003005679973284714,494.73143939799775,2.9210968017578125,3.232126235961914,,,F21_Composition1,100,APSOVI
True,9,51,1308.0055040321704,function_evaluations,1000000,,1000000,19999,1000000,0,max_function_evaluations,0.0002977230033138767,491.22345843900257,2.9028091430664062,3.211977005004883,,,F21_Composition1,100,APSOVI
True,10,52,1787.6977004693636,function_evaluations,1000000,,1000000,19999,1000000,0,max_function_evaluations,0.0002860329987015575,502.55343541299953,2.9402008056640625,3.251596450805664,,,F21_Composition1,100,APSOVI
True,11,53,1929.1538122070888,function_evaluations,1000000,,1000000,19999,1000000,0,max_function_evaluations,0.0002746009995462373,493.2780532780016,2.9789810180664062,3.291231155395508,,,F21_Composition1,100,APSOVI
True,12,54,1402.2680586186962,function_evaluations,1000000,,1000000,19999,1000000,0,max_function_evaluations,0.0002812530001392588,505.6313768549953,3.1458740234375,3.458505630493164,,,F21_Composition1,100,APSOVI
True,13,55,1961.2399806662893,function_evaluations,1000000,,1000000,19999,1000000,0,max_function_evaluations,0.0002802539966069162,506.490700690003,2.94085693359375,3.2521305084228516,,,F21_Composition1,100,APSOVI
True,14,56,1805.0792084822242,function_evaluations,1000000,,1000000,19999,1000000,0,max_function_evaluations,0.00030670600244775414,489.13284376799857,2.9149932861328125,3.225076675415039,,,F21_Composition1,100,APSOVI
True,15,57,1987.8681181377542,function_evaluations,1000000,,1000000,19999,1000000,0,max_function_evaluations,0.0002897000013035722,495.8239702869978,3.1437454223632812,3.460084915161133,,,F21_Composition1,100,APSOVI
True,16,58,2153.221588944012,function_evaluations,1000000,,1000000,19999,1000000,0,max_function_evaluations,0.000305235997075215,497.9459259159994,2.9198532104492188,3.2281055450439453,,,F21_Composition1,100,APSOVI
True,17,59,1342.7179588006888,function_evaluations,1000000,,1000000,19999,1000000,0,max_function_evaluations,0.0002834429978975095,504.3015136260001,3.2039108276367188,3.518106460571289,,,F21_Composition1,100,APSOVI
True,18,60,1664.8112348354052,function_evaluations,1000000,,1000000,19999,1000000,0,max_function_evaluations,0.00026905699633061886,502.8645241970007,2.895416259765625,3.2051029205322266,,,F21_Composition1,100,APSOVI
True,19,61,1422.6200366271664,function_evaluations,1000000,,1000000,19999,1000000,0,max_function_evaluations,0.000283846995444037,501.10526421699615,2.9629287719726562,3.270723342895508,,,F21_Composition1,100,APSOVI
True,20,62,1719.0343328895165,function_evaluations,1000000,,1000000,19999,1000000,0,max_function_evaluations,0.00028101899806642905,502.32731991299806,2.9030303955078125,3.211557388305664,,,F21_Composition1,100,APSOVI
True,21,63,1505.5946041342604,function_evaluations,1000000,,1000000,19999,1000000,0,max_function_evaluations,0.00028693500644294545,496.773744746999,2.9223709106445312,3.231050491333008,,,F21_Composition1,100,APSOVI
True,22,64,1612.9153246803767,function_evaluations,1000000,,1000000,19999,1000000,0,max_function_evaluations,0.0002743139993981458,230.78182324700174,3.1569976806640625,3.468301773071289,,,F21_Composition1,100,APSOVI
True,23,65,980.4652183764692,function_evaluations,1000000,,1000000,19999,1000000,0,max_function_evaluations,0.00027156899886904284,228.57099763999577,3.1193161010742188,3.4306507110595703,,,F21_Composition1,100,APSOVI
True,24,66,941.9334189771589,function_evaluations,1000000,,1000000,19999,1000000,0,max_function_evaluations,0.00028724299772875383,222.13186394600052,3.0350570678710938,3.3483753204345703,,,F21_Composition1,100,APSOVI
True,0,42,168.1408864470559,function_evaluations,1000000,,1000000,19608,1000000,0,max_function_evaluations,0.00039418599772034213,533.2049569640003,5.625292778015137,9.685942649841309,,,F21_Composition1,100,APSO
True,1,43,113.92620124273435,function_evaluations,1000000,,1000000,19609,1000000,0,max_function_evaluations,0.00022308799816528335,532.4766379020002,5.608930587768555,9.672918319702148,,,F21_Composition1,100,APSO
True,2,44,101.54652833259888,function_evaluations,1000000,,1000000,19609,1000000,0,max_function_evaluations,0.00042042899440275505,533.5278324480023,5.613530158996582,9.676297187805176,,,F21_Composition1,100,APSO
True,3,45,100.00000022196991,function_evaluations,1000000,,1000000,19608,1000000,0,max_function_evaluations,0.0004069219939992763,526.5537625970028,5.590757369995117,9.658483505249023,,,F21_Composition1,100,APSO
True,4,46,100.00000000341515,function_evaluations,1000000,,1000000,19609,1000000,0,max_function_evaluations,0.0006036199993104674,535.3965288239997,5.615854263305664,9.678102493286133,,,F21_Composition1,100,APSO
True,5,47,113.9359128196038,function_evaluations,1000000,,1000000,19608,1000000,0,max_function_evaluations,0.00034521499765105546,530.5805132009991,5.541313171386719,9.591656684875488,,,F21_Composition1,100,APSO
True,6,48,100.00000005003176,function_evaluations,1000000,,1000000,19608,1000000,0,max_function_evaluations,0.00041074200271395966,530.9972845579978,5.634661674499512,9.694010734558105,,,F21_Composition1,100,APSO
True,7,49,100.00000000145337,function_evaluations,1000000,,1000000,19608,1000000,0,max_function_evaluations,0.0004994370028725825,533.0196043620017,5.655547142028809,9.71018123626709,,,F21_Composition1,100,APSO
True,8,50,105.22629615867936,function_evaluations,1000000,,1000000,19609,1000000,0,max_function_evaluations,0.00039646799996262416,530.4891684460017,5.627283096313477,9.68803596496582,,,F21_Composition1,100,APSO
True,9,51,100.00000000021782,function_evaluations,1000000,,1000000,19608,1000000,0,max_function_evaluations,0.0003617690017563291,530.6289323200035,5.620953559875488,9.682652473449707,,,F21_Composition1,100,APSO
True,10,52,100.00000000000955,function_evaluations,1000000,,1000000,19608,1000000,0,max_function_evaluations,0.0003566090017557144,525.8302688740005,5.576594352722168,9.6461820602417,,,F21_Composition1,100,APSO
True,11,53,100.00013333561446,function_evaluations,1000000,,1000000,19608,1000000,0,max_function_evaluations,0.0002921560007962398,530.2001672280021,5.629386901855469,9.689526557922363,,,F21_Composition1,100,APSO
True,12,54,100.50227315240909,function_evaluations,1000000,,1000000,19608,1000000,0,max_function_evaluations,0.00029768799868179485,533.1024454549988,5.6227312088012695,9.683362007141113,,,F21_Composition1,100,APSO
True,13,55,100.00018341958366,function_evaluations,1000000,,1000000,19608,1000000,0,max_function_evaluations,0.00030001000413903967,532.0618074009981,5.656087875366211,9.710439682006836,,,F21_Composition1,100,APSO
True,14,56,100.00310257336605,function_evaluations,1000000,,1000000,19608,1000000,0,max_function_evaluations,0.00030559000151697546,538.736289419001,5.640734672546387,9.6986722946167,,,F21_Composition1,100,APSO
True,15,57,100.00000244584362,function_evaluations,1000000,,1000000,19609,1000000,0,max_function_evaluations,0.00030595200223615393,531.0297246690025,5.616574287414551,9.67949390411377,,,F21_Composition1,100,APSO
True,16,58,100.26346470101862,function_evaluations,1000000,,1000000,19608,1000000,0,max_function_evaluations,0.0002839949956978671,527.7003292410009,5.701072692871094,9.746490478515625,,,F21_Composition1,100,APSO
True,17,59,100.00000585389535,function_evaluations,1000000,,1000000,19609,1000000,0,max_function_evaluations,0.00034409399813739583,537.1042535420056,5.605982780456543,9.670702934265137,,,F21_Composition1,100,APSO
True,18,60,100.00001513352072,function_evaluations,1000000,,1000000,19608,1000000,0,max_function_evaluations,0.00032140400435309857,536.1747030810002,5.638012886047363,9.696690559387207,,,F21_Composition1,100,APSO
True,19,61,100.17292691613193,function_evaluations,1000000,,1000000,19608,1000000,0,max_function_evaluations,0.0003158550025545992,531.8037234829972,5.646074295043945,9.702862739562988,,,F21_Composition1,100,APSO
True,20,62,113.93624056987846,function_evaluations,1000000,,1000000,19609,1000000,0,max_function_evaluations,0.0002985980027006008,533.8876511409981,5.644951820373535,9.702317237854004,,,F21_Composition1,100,APSO
True,21,63,100.71347606415975,function_evaluations,1000000,,1000000,19608,1000000,0,max_function_evaluations,0.0003156180027872324,528.6003769039962,5.604511260986328,9.66952133178711,,,F21_Composition1,100,APSO
True,22,64,100.00001967267508,function_evaluations,1000000,,1000000,19608,1000000,0,max_function_evaluations,0.00034875200071837753,240.23484907700185,5.607721328735352,9.671950340270996,,,F21_Composition1,100,APSO
True,23,65,100.03996578853366,function_evaluations,1000000,,1000000,19609,1000000,0,max_function_evaluations,0.0002853199985111132,240.56172899200465,5.612030982971191,9.675652503967285,,,F21_Composition1,100,APSO
True,24,66,100.00070583819524,function_evaluations,1000000,,1000000,19608,1000000,0,max_function_evaluations,0.00027357300132280216,237.9774313809976,5.6220550537109375,9.683479309082031,,,F21_Composition1,100,APSO
True,0,42,1674.1146607220517,function_evaluations,1000000,,1000000,19999,1000000,0,max_function_evaluations,0.0005089519981993362,500.82653135399596,3.8125505447387695,4.123900413513184,,,F21_Composition1,100,UAPSO
True,1,43,2336.0125386409254,function_evaluations,1000000,,1000000,19999,1000000,0,max_function_evaluations,0.00044774100388167426,494.0392974580027,3.7593536376953125,4.068872451782227,,,F21_Composition1,100,UAPSO
True,2,44,11611.223517345567,function_evaluations,1000000,,1000000,19999,1000000,0,max_function_evaluations,0.0007165419956436381,506.7382404070013,3.8469104766845703,4.158748626708984,,,F21_Composition1,100,UAPSO
True,3,45,10356.758232661256,function_evaluations,1000000,,1000000,19999,1000000,0,max_function_evaluations,0.0005547330001718365,507.6681710099947,3.807323455810547,4.116537094116211,,,F21_Composition1,100,UAPSO
True,4,46,5159.5216643026815,function_evaluations,1000000,,1000000,19999,1000000,0,max_function_evaluations,0.0004449560001376085,498.1496305799956,3.828179359436035,4.139712333679199,,,F21_Composition1,100,UAPSO
True,5,47,19104.701836093493,function_evaluations,1000000,,1000000,19999,1000000,0,max_function_evaluations,0.0004584460039041005,506.24145571999543,3.8045616149902344,4.114385604858398,,,F21_Composition1,100,UAPSO
True,6,48,9528.319213418452,function_evaluations,1000000,,1000000,19999,1000000,0,max_function_evaluations,0.0004715629984275438,497.18856877800135,3.808943748474121,4.11788272857666,,,F21_Composition1,100,UAPSO
True,7,49,19765.22318367677,function_evaluations,1000000,,1000000,19999,1000000,0,max_function_evaluations,0.000839001004351303,507.13597321999987,3.8059139251708984,4.1154022216796875,,,F21_Composition1,100,UAPSO
True,8,50,5351.202627074241,function_evaluations,1000000,,1000000,19999,1000000,0,max_function_evaluations,0.0004859629989368841,503.0402379869993,3.820624351501465,4.130417823791504,,,F21_Composition1,100,UAPSO
True,9,51,3535.2501127053038,function_evaluations,1000000,,1000000,19999,1000000,0,max_function_evaluations,0.0005967300021438859,503.840302812001,3.955233573913574,4.26617431640625,,,F21_Composition1,100,UAPSO
True,10,52,9218.42927016507,function_evaluations,1000000,,1000000,19999,1000000,0,max_function_evaluations,0.0007844700012356043,506.5388740569979,3.788113594055176,4.09848690032959,,,F21_Composition1,100,UAPSO
True,11,53,1755.7872932231576,function_evaluations,1000000,,1000000,19999,1000000,0,max_function_evaluations,0.0005482850028784014,509.58582657700026,3.8383560180664062,4.147905349731445,,,F21_Composition1,100,UAPSO
True,12,54,8611.275089531704,function_evaluations,1000000,,1000000,19999,1000000,0,max_function_evaluations,0.0004893869991065003,493.9120660030021,3.9561290740966797,4.267478942871094,,,F21_Composition1,100,UAPSO
True,13,55,5096.3229380072435,function_evaluations,1000000,,1000000,19999,1000000,0,max_function_evaluations,0.003752279000764247,502.8193565199981,3.7950820922851562,4.10399055480957,,,F21_Composition1,100,UAPSO
True,14,56,5032.9590303074565,function_evaluations,1000000,,1000000,19999,1000000,0,max_function_evaluations,0.00041525399865349755,505.1194069110061,3.7953052520751953,4.104305267333984,,,F21_Composition1,100,UAPSO
True,15,57,8325.30019967355,function_evaluations,1000000,,1000000,19999,1000000,0,max_function_evaluations,0.0004148480002186261,505.166578792996,3.8410797119140625,4.150110244750977,,,F21_Composition1,100,UAPSO
True,16,58,3259.7946223011113,function_evaluations,1000000,,1000000,19999,1000000,0,max_function_evaluations,0.00042596199637046084,498.9125348919988,3.7934675216674805,4.1028947830200195,,,F21_Composition1,100,UAPSO
True,17,59,5406.926920014977,function_evaluations,1000000,,1000000,19999,1000000,0,max_function_evaluations,0.0004179089955869131,506.0263210070043,3.772515296936035,4.081545829772949,,,F21_Composition1,100,UAPSO
True,18,60,14659.008229828789,function_evaluations,1000000,,1000000,19999,1000000,0,max_function_evaluations,0.0005550040004891343,503.4341549450037,3.7716827392578125,4.080804824829102,,,F21_Composition1,100,UAPSO
True,19,61,8829.150682716088,function_evaluations,1000000,,1000000,19999,1000000,0,max_function_evaluations,0.00042030700569739565,504.9421242689932,3.7702131271362305,4.0794572830200195,,,F21_Composition1,100,UAPSO
True,20,62,8893.959453381429,function_evaluations,1000000,,1000000,19999,1000000,0,max_function_evaluations,0.00042581600428093225,502.7800710970041,3.8442306518554688,4.152894973754883,,,F21_Composition1,100,UAPSO
True,21,63,2496.8780284901695,function_evaluations,1000000,,1000000,19999,1000000,0,max_function_evaluations,0.0004886899987468496,501.65585910499794,3.803861618041992,4.113777160644531,,,F21_Composition1,100,UAPSO
True,22,64,14048.205372254259,function_evaluations,1000000,,1000000,19999,1000000,0,max_function_evaluations,0.00031112899887375534,234.0813885280004,3.872696876525879,4.183942794799805,,,F21_Composition1,100,UAPSO
True,23,65,3146.725827260374,function_evaluations,1000000,,1000000,19999,1000000,0,max_function_evaluations,0.00046541300253011286,225.27471196700208,3.8266220092773438,4.135164260864258,,,F21_Composition1,100,UAPSO
True,24,66,2315.720699705509,function_evaluations,1000000,,1000000,19999,1000000,0,max_function_evaluations,0.00048621899622958153,227.51648835700325,3.780069351196289,4.089679718017578,,,F21_Composition1,100,UAPSO
