benchmark,dim,algorithm,stop_mode,budget_value,requested_n_iterations,requested_max_function_evaluations,n_runs,n_successful_runs,mean_completed_iterations,std_completed_iterations,min_completed_iterations,max_completed_iterations,mean_function_evaluations,std_function_evaluations,min_function_evaluations,max_function_evaluations,best_fitness_history,final_best_fitness_runs,mean_best_fitness,std_best_fitness,median_best_fitness,q1_best_fitness,q3_best_fitness,min_best_fitness,max_best_fitness,mean_execution_time_s,std_execution_time_s,median_execution_time_s,mean_initialization_time_s,std_initialization_time_s,iteration_grid,mean_fitness_history,std_fitness_history,function_evaluations_grid,mean_evaluation_fitness_history,std_evaluation_fitness_history,mean_peak_memory_mb,std_peak_memory_mb,median_peak_memory_mb,max_peak_memory_mb,mean_current_memory_mb,mean_w_history,std_w_history,mean_c1_history,std_c1_history,mean_c2_history,std_c2_history,parameter_function_evaluations_grid,mean_w_evaluation_history,std_w_evaluation_history,mean_c1_evaluation_history,std_c1_evaluation_history,mean_c2_evaluation_history,std_c2_evaluation_history
F1_BentCigar,30,PSO,function_evaluations,300000,,300000,25,25,5999.0,0.0,5999,5999,300000.0,0.0,300000,300000,"[1.38472903e+09 4.99890143e+09 1.44391542e+09 1.92139592e+09
 6.03852403e+09 1.30863110e+09 1.58368343e+09 8.76443466e+08
 3.15333990e+08 1.56534398e+09 1.77986445e+09 4.82167536e+08
 1.52848624e+09 1.69547705e+09 5.08785648e+09 1.54790250e+09
 6.21608641e+08 1.99400426e+09 2.01949614e+09 1.56396464e+09
 6.28928363e+08 1.60894223e+09 4.99663130e+08 6.52305356e+08
 6.14970335e+08]","[1.38472903e+09 4.99890143e+09 1.44391542e+09 1.92139592e+09
 6.03852403e+09 1.30863110e+09 1.58368343e+09 8.76443466e+08
 3.15333990e+08 1.56534398e+09 1.77986445e+09 4.82167536e+08
 1.52848624e+09 1.69547705e+09 5.08785648e+09 1.54790250e+09
 6.21608641e+08 1.99400426e+09 2.01949614e+09 1.56396464e+09
 6.28928363e+08 1.60894223e+09 4.99663130e+08 6.52305356e+08
 6.14970335e+08]",1750501565.3666985,1470501386.2921455,1547902502.8554103,652305356.3863398,1779864447.299244,315333989.5682578,6038524032.242208,8.10324466096,1.7368554451564902,8.255146928999977,0.006437429640000119,0.007277705403586737,[   1    2    3 ... 5997 5998 5999],"[8.30447677e+10 5.79615286e+10 5.01663316e+10 ... 1.75050157e+09
 1.75050157e+09 1.75050157e+09]","[8.23323239e+09 8.16062179e+09 8.13779370e+09 ... 1.47050139e+09
 1.47050139e+09 1.47050139e+09]",[    50    100    150 ... 299900 299950 300000],"[1.24150193e+11 8.30447677e+10 5.79615286e+10 ... 1.75050157e+09
 1.75050157e+09 1.75050157e+09]","[1.64346617e+10 8.23323239e+09 8.16062179e+09 ... 1.47050139e+09
 1.47050139e+09 1.47050139e+09]",1.1272410202026366,0.32937702800982266,0.8566455841064453,1.5121517181396484,1.0322862243652344,[0.8 0.8 0.8 ... 0.8 0.8 0.8],"[2.26623326e-16 2.26623326e-16 2.26623326e-16 ... 2.26623326e-16
 2.26623326e-16 2.26623326e-16]",[2. 2. 2. ... 2. 2. 2.],[0. 0. 0. ... 0. 0. 0.],[2. 2. 2. ... 2. 2. 2.],[0. 0. 0. ... 0. 0. 0.],[   100    150    200 ... 299900 299950 300000],[0.8 0.8 0.8 ... 0.8 0.8 0.8],"[2.26623326e-16 2.26623326e-16 2.26623326e-16 ... 2.26623326e-16
 2.26623326e-16 2.26623326e-16]",[2. 2. 2. ... 2. 2. 2.],[0. 0. 0. ... 0. 0. 0.],[2. 2. 2. ... 2. 2. 2.],[0. 0. 0. ... 0. 0. 0.]
F1_BentCigar,30,PSOLVIW,function_evaluations,300000,,300000,25,25,5999.0,0.0,5999,5999,300000.0,0.0,300000,300000,"[2.41847927e+08 2.41847927e+08 2.25713481e+09 2.40944929e+03
 1.58238694e+09 6.52231053e+08 1.60491159e+09 6.70334805e+03
 1.02679755e+09 6.52231053e+08 1.61883676e+03 2.60919983e+09
 2.50508898e+09 1.26864547e+09 6.52231053e+08 2.08417671e+04
 1.02680664e+09 2.21084706e+09 2.23461250e+09 1.02679876e+09
 5.49037653e+03 5.49037653e+03 1.58240229e+09 2.08417671e+04
 3.56679892e+01]","[2.41847927e+08 2.41847927e+08 2.25713481e+09 2.40944929e+03
 1.58238694e+09 6.52231053e+08 1.60491159e+09 6.70334805e+03
 1.02679755e+09 6.52231053e+08 1.61883676e+03 2.60919983e+09
 2.50508898e+09 1.26864547e+09 6.52231053e+08 2.08417671e+04
 1.02680664e+09 2.21084706e+09 2.23461250e+09 1.02679876e+09
 5.49037653e+03 5.49037653e+03 1.58240229e+09 2.08417671e+04
 3.56679892e+01]",935043394.6430283,911752930.0264069,652231052.9552718,20841.767100916157,1582402287.0916784,35.66798923637376,2609199833.0986714,8.667527139360006,1.6749657220895469,8.733133124000005,0.00020646259999921313,2.4110888496458218e-05,[   1    2    3 ... 5997 5998 5999],"[8.30447677e+10 5.84428337e+10 5.11608181e+10 ... 9.35043395e+08
 9.35043395e+08 9.35043395e+08]","[8.23323239e+09 8.25077645e+09 8.23778152e+09 ... 9.11752930e+08
 9.11752930e+08 9.11752930e+08]",[    50    100    150 ... 299900 299950 300000],"[1.24150193e+11 8.30447677e+10 5.84428337e+10 ... 9.35043395e+08
 9.35043395e+08 9.35043395e+08]","[1.64346617e+10 8.23323239e+09 8.25077645e+09 ... 9.11752930e+08
 9.11752930e+08 9.11752930e+08]",1.0634619903564453,0.04640751394936825,1.0443744659423828,1.1548709869384766,0.9668511962890625,[0.9        0.89991664 0.89983328 ... 0.40016672 0.40008336 0.4       ],"[3.39934989e-16 0.00000000e+00 0.00000000e+00 ... 5.66558315e-17
 1.69967494e-16 1.13311663e-16]",[2. 2. 2. ... 2. 2. 2.],[0. 0. 0. ... 0. 0. 0.],[2. 2. 2. ... 2. 2. 2.],[0. 0. 0. ... 0. 0. 0.],[   100    150    200 ... 299900 299950 300000],[0.9        0.89991664 0.89983328 ... 0.40016672 0.40008336 0.4       ],"[3.39934989e-16 0.00000000e+00 0.00000000e+00 ... 5.66558315e-17
 1.69967494e-16 1.13311663e-16]",[2. 2. 2. ... 2. 2. 2.],[0. 0. 0. ... 0. 0. 0.],[2. 2. 2. ... 2. 2. 2.],[0. 0. 0. ... 0. 0. 0.]
F1_BentCigar,30,PSOTVAC,function_evaluations,300000,,300000,25,25,5999.0,0.0,5999,5999,300000.0,0.0,300000,300000,"[1.90306969e+02 6.70048914e+03 2.08417671e+04 8.21488803e+02
 4.89987447e+03 5.49037653e+03 2.08417671e+04 5.49037653e+03
 1.02680273e+09 9.46002610e+03 5.14721573e+03 8.87096071e+02
 3.74334028e+03 5.49037653e+03 3.76619921e+03 2.08417671e+04
 5.97970559e+00 4.94241989e+03 1.02995359e+04 4.65920307e+02
 2.97998439e+03 2.60685701e+01 2.08417671e+04 1.86895910e+03
 2.48906247e+03]","[1.90306969e+02 6.70048914e+03 2.08417671e+04 8.21488803e+02
 4.89987447e+03 5.49037653e+03 2.08417671e+04 5.49037653e+03
 1.02680273e+09 9.46002610e+03 5.14721573e+03 8.87096071e+02
 3.74334028e+03 5.49037653e+03 3.76619921e+03 2.08417671e+04
 5.97970559e+00 4.94241989e+03 1.02995359e+04 4.65920307e+02
 2.97998439e+03 2.60685701e+01 2.08417671e+04 1.86895910e+03
 2.48906247e+03]",41078450.42538168,205359224.7086374,4942.419892468781,1868.959095102125,9460.026096949923,5.97970558697412,1026802728.4694544,9.272447553640001,2.1190874195523213,9.551584303999988,0.00022667296000122405,3.460460749105234e-05,[   1    2    3 ... 5997 5998 5999],"[9.46397510e+10 6.33209255e+10 5.21000449e+10 ... 4.10784506e+07
 4.10784505e+07 4.10784504e+07]","[1.14285076e+10 7.58724789e+09 9.52901780e+09 ... 2.05359225e+08
 2.05359225e+08 2.05359225e+08]",[    50    100    150 ... 299900 299950 300000],"[1.24150193e+11 9.46397510e+10 6.33209255e+10 ... 4.10784506e+07
 4.10784505e+07 4.10784504e+07]","[1.64346617e+10 1.14285076e+10 7.58724789e+09 ... 2.05359225e+08
 2.05359225e+08 2.05359225e+08]",1.750672378540039,0.294267086161833,1.9243488311767578,1.9579105377197266,1.588851318359375,[0.9        0.89991664 0.89983328 ... 0.40016672 0.40008336 0.4       ],"[3.39934989e-16 0.00000000e+00 0.00000000e+00 ... 5.66558315e-17
 1.69967494e-16 1.13311663e-16]",[2.5        2.49966656 2.49933311 ... 0.50066689 0.50033344 0.5       ],"[0.00000000e+00 9.06493304e-16 1.35973996e-15 ... 1.13311663e-16
 3.39934989e-16 0.00000000e+00]",[0.5        0.50033344 0.50066689 ... 2.49933311 2.49966656 2.5       ],"[0.00000000e+00 3.39934989e-16 0.00000000e+00 ... 1.35973996e-15
 9.06493304e-16 0.00000000e+00]",[   100    150    200 ... 299900 299950 300000],[0.9        0.89991664 0.89983328 ... 0.40016672 0.40008336 0.4       ],"[3.39934989e-16 0.00000000e+00 0.00000000e+00 ... 5.66558315e-17
 1.69967494e-16 1.13311663e-16]",[2.5        2.49966656 2.49933311 ... 0.50066689 0.50033344 0.5       ],"[0.00000000e+00 9.06493304e-16 1.35973996e-15 ... 1.13311663e-16
 3.39934989e-16 0.00000000e+00]",[0.5        0.50033344 0.50066689 ... 2.49933311 2.49966656 2.5       ],"[0.00000000e+00 3.39934989e-16 0.00000000e+00 ... 1.35973996e-15
 9.06493304e-16 0.00000000e+00]"
F1_BentCigar,30,APSOVI,function_evaluations,300000,,300000,25,25,5999.0,0.0,5999,5999,300000.0,0.0,300000,300000,"[4.93673537e+09 6.17881886e+03 1.02681843e+09 1.58240263e+09
 6.24147405e+09 6.52231250e+08 3.07617119e+09 2.50510891e+09
 4.08748822e+09 1.67902867e+09 2.40271566e+09 4.13630065e+09
 2.41848049e+08 7.96881612e+09 1.18406823e+09 2.09139696e+04
 1.02679846e+09 1.58239844e+09 3.18729021e+09 6.85845693e+03
 1.02679932e+09 1.29985690e+03 2.08823582e+04 6.78788171e+09
 5.26853068e+04]","[4.93673537e+09 6.17881886e+03 1.02681843e+09 1.58240263e+09
 6.24147405e+09 6.52231250e+08 3.07617119e+09 2.50510891e+09
 4.08748822e+09 1.67902867e+09 2.40271566e+09 4.13630065e+09
 2.41848049e+08 7.96881612e+09 1.18406823e+09 2.09139696e+04
 1.02679846e+09 1.58239844e+09 3.18729021e+09 6.85845693e+03
 1.02679932e+09 1.29985690e+03 2.08823582e+04 6.78788171e+09
 5.26853068e+04]",2213299375.26816,2316608475.236686,1582398443.0682068,241848048.55609727,3187290212.601082,1299.8569027792637,7968816119.01318,9.512383326039998,2.051656764371511,9.88189955499999,0.00022370619999946938,4.053417628805302e-05,[   1    2    3 ... 5997 5998 5999],"[8.28739151e+10 5.89289074e+10 5.35093692e+10 ... 2.21329938e+09
 2.21329938e+09 2.21329938e+09]","[8.18049464e+09 7.91141420e+09 8.62065980e+09 ... 2.31660848e+09
 2.31660848e+09 2.31660848e+09]",[    50    100    150 ... 299900 299950 300000],"[1.24150193e+11 8.28739151e+10 5.89289074e+10 ... 2.21329938e+09
 2.21329938e+09 2.21329938e+09]","[1.64346617e+10 8.18049464e+09 7.91141420e+09 ... 2.31660848e+09
 2.31660848e+09 2.31660848e+09]",1.069271011352539,0.03621540982454922,1.0775623321533203,1.134897232055664,0.973333740234375,[0.9 0.9 0.9 ... 0.3 0.3 0.3],"[3.39934989e-16 3.39934989e-16 3.39934989e-16 ... 1.13311663e-16
 1.13311663e-16 1.13311663e-16]",[1.49618 1.49618 1.49618 ... 1.49618 1.49618 1.49618],"[2.26623326e-16 2.26623326e-16 2.26623326e-16 ... 2.26623326e-16
 2.26623326e-16 2.26623326e-16]",[1.49618 1.49618 1.49618 ... 1.49618 1.49618 1.49618],"[2.26623326e-16 2.26623326e-16 2.26623326e-16 ... 2.26623326e-16
 2.26623326e-16 2.26623326e-16]",[   100    150    200 ... 299900 299950 300000],[0.9 0.9 0.9 ... 0.3 0.3 0.3],"[3.39934989e-16 3.39934989e-16 3.39934989e-16 ... 1.13311663e-16
 1.13311663e-16 1.13311663e-16]",[1.49618 1.49618 1.49618 ... 1.49618 1.49618 1.49618],"[2.26623326e-16 2.26623326e-16 2.26623326e-16 ... 2.26623326e-16
 2.26623326e-16 2.26623326e-16]",[1.49618 1.49618 1.49618 ... 1.49618 1.49618 1.49618],"[2.26623326e-16 2.26623326e-16 2.26623326e-16 ... 2.26623326e-16
 2.26623326e-16 2.26623326e-16]"
F1_BentCigar,30,APSO,function_evaluations,300000,,300000,25,25,5881.0,0.0,5881,5881,300000.0,0.0,300000,300000,"[ 5490.37653296   893.0912947   6430.91625573 20841.76710092
  5630.11268823  4514.57942698  1340.48718188  2665.11684124
 20841.76710092  8013.2375409  20841.76710092  1065.59658464
  5490.37653296   502.38910729  7393.42155437 20841.76710092
 20841.76710092  5490.37653296   361.03812907    26.0982703
 10144.97920966  2022.92265131 12380.12791273  3334.59557038
   393.23825167]","[ 5490.37653296   893.0912947   6430.91625573 20841.76710092
  5630.11268823  4514.57942698  1340.48718188  2665.11684124
 20841.76710092  8013.2375409  20841.76710092  1065.59658464
  5490.37653296   502.38910729  7393.42155437 20841.76710092
 20841.76710092  5490.37653296   361.03812907    26.0982703
 10144.97920966  2022.92265131 12380.12791273  3334.59557038
   393.23825167]",7511.676542982473,7491.046448953783,5490.37653296488,1340.48718188178,10144.979209662415,26.09827030464959,20841.76710091616,14.342170974599998,2.899948130399498,14.501099087,0.00025309524000022065,4.7464640440265204e-05,[   1    2    3 ... 5879 5880 5881],"[8.24379031e+10 5.50239300e+10 4.45357778e+10 ... 7.51168961e+03
 7.51168701e+03 7.51168318e+03]","[7.76112084e+09 7.61474844e+09 9.08514325e+09 ... 7.49104592e+03
 7.49104634e+03 7.49104586e+03]",[    50    100    150 ... 299900 299950 300000],"[1.24150193e+11 8.24537937e+10 5.51964459e+10 ... 7.51168821e+03
 7.51168330e+03 7.51167654e+03]","[1.64346617e+10 7.74666593e+09 7.69827887e+09 ... 7.49104620e+03
 7.49104578e+03 7.49104645e+03]",2.84460018157959,0.17750587199258427,2.9368457794189453,3.0552663803100586,1.5992895126342774,[0.61251332 0.66219828 0.65557817 ... 0.4000657  0.40005014 0.4001767 ],[0.13454357 0.13292037 0.13816431 ... 0.00013947 0.00016068 0.00043363],[2.03596505 2.06479416 2.0917534  ... 2.         2.         2.        ],"[4.56739978e-02 7.89833879e-02 9.33189588e-02 ... 3.01332337e-15
 3.01332337e-15 3.01332337e-15]",[1.96403495 1.93520584 1.9082466  ... 2.         2.         2.        ],"[4.56739978e-02 7.89833879e-02 9.33189588e-02 ... 2.97386454e-15
 2.97386454e-15 2.97386454e-15]",[   101    151    201 ... 299901 299951 299963],[0.61251332 0.66100349 0.67982015 ... 0.4000657  0.40005014 0.40004783],[0.13454357 0.13402847 0.11953954 ... 0.00013947 0.00016068 0.00016097],[2.03596505 2.06479416 2.09073568 ... 2.         2.         2.        ],"[4.56739978e-02 7.89833879e-02 9.42334666e-02 ... 3.01332337e-15
 3.01332337e-15 3.01332337e-15]",[1.96403495 1.93520584 1.90926432 ... 2.         2.         2.        ],"[4.56739978e-02 7.89833879e-02 9.42334666e-02 ... 2.97386454e-15
 2.97386454e-15 2.97386454e-15]"
F1_BentCigar,30,UAPSO,function_evaluations,300000,,300000,25,25,5999.0,0.0,5999,5999,300000.0,0.0,300000,300000,"[1.41832857e+09 1.34937753e+10 4.54654050e+09 6.63690414e+08
 5.28578330e+09 1.04971296e+10 3.91493683e+09 2.73634095e+09
 5.09752733e+09 8.56330658e+09 3.87574221e+09 4.52959026e+09
 1.21017111e+08 1.17253308e+09 3.01315071e+08 9.44166223e+09
 3.14341054e+09 7.84870571e+08 3.94207157e+08 7.48891979e+09
 1.24767337e+08 8.98857410e+07 5.12500797e+09 1.42851543e+09
 7.69561278e+08]","[1.41832857e+09 1.34937753e+10 4.54654050e+09 6.63690414e+08
 5.28578330e+09 1.04971296e+10 3.91493683e+09 2.73634095e+09
 5.09752733e+09 8.56330658e+09 3.87574221e+09 4.52959026e+09
 1.21017111e+08 1.17253308e+09 3.01315071e+08 9.44166223e+09
 3.14341054e+09 7.84870571e+08 3.94207157e+08 7.48891979e+09
 1.24767337e+08 8.98857410e+07 5.12500797e+09 1.42851543e+09
 7.69561278e+08]",3800334602.006041,3686815026.207707,3143410540.702482,769561278.3844092,5125007966.283008,89885740.96201366,13493775252.599594,11.461430162599996,2.7849321605564827,12.098360164999974,0.00037978735999786293,6.803381282896932e-05,[   1    2    3 ... 5997 5998 5999],"[1.02825398e+11 6.93063588e+10 5.54313097e+10 ... 3.80033460e+09
 3.80033460e+09 3.80033460e+09]","[2.17101471e+10 1.65857678e+10 1.36456166e+10 ... 3.68681503e+09
 3.68681503e+09 3.68681503e+09]",[    50    100    150 ... 299900 299950 300000],"[1.24150193e+11 1.02825398e+11 6.93063588e+10 ... 3.80033460e+09
 3.80033460e+09 3.80033460e+09]","[1.64346617e+10 2.17101471e+10 1.65857678e+10 ... 3.68681503e+09
 3.68681503e+09 3.68681503e+09]",1.3879501724243164,0.12529490458410875,1.3399791717529297,1.8450956344604492,1.2839585494995118,[0.54315789 0.31789474 0.57052632 ... 0.45263158 0.46526316 0.51578947],[0.30678688 0.21672881 0.23570879 ... 0.2713633  0.29565958 0.31358882],[1.09333333 0.78222222 1.21777778 ... 0.91555556 0.94222222 0.96888889],[0.75881649 0.65143084 0.57777778 ... 0.49408018 0.52226162 0.64431672],[0.67555556 1.16444444 0.77333333 ... 1.07555556 1.04       0.94222222],[0.67427754 0.55659163 0.66083872 ... 0.63401523 0.61101009 0.70354774],[   100    150    200 ... 299900 299950 300000],[0.54315789 0.31789474 0.57052632 ... 0.45263158 0.46526316 0.51578947],[0.30678688 0.21672881 0.23570879 ... 0.2713633  0.29565958 0.31358882],[1.09333333 0.78222222 1.21777778 ... 0.91555556 0.94222222 0.96888889],[0.75881649 0.65143084 0.57777778 ... 0.49408018 0.52226162 0.64431672],[0.67555556 1.16444444 0.77333333 ... 1.07555556 1.04       0.94222222],[0.67427754 0.55659163 0.66083872 ... 0.63401523 0.61101009 0.70354774]
F3_Zakharov,30,PSO,function_evaluations,300000,,300000,25,25,5999.0,0.0,5999,5999,300000.0,0.0,300000,300000,"[ 62.43324786 264.24899295  44.39945985  77.2323277  223.36806893
 194.30270394 107.88885281  77.20676354 175.6675535   46.59884643
  45.21723648 119.28497212  50.21724631 386.4566796   47.61052359
 294.71128257 190.50450604 126.86485734  51.56344392 293.31275633
 161.98176353 111.26624913 128.01275118 394.70646573 345.07656065]","[ 62.43324786 264.24899295  44.39945985  77.2323277  223.36806893
 194.30270394 107.88885281  77.20676354 175.6675535   46.59884643
  45.21723648 119.28497212  50.21724631 386.4566796   47.61052359
 294.71128257 190.50450604 126.86485734  51.56344392 293.31275633
 161.98176353 111.26624913 128.01275118 394.70646573 345.07656065]",160.80536448032524,112.11984727546523,126.8648573356515,62.433247860589006,223.36806892927962,44.39945984889914,394.70646573264366,17.50428430452,3.3021263448817657,17.977844551999965,0.00022197391999497995,2.5882382874520436e-05,[   1    2    3 ... 5997 5998 5999],"[25717.76583052 13456.92350653 10708.53729606 ...   160.80536545
   160.80536491   160.80536448]","[6044.4790387  4326.73408701 2684.30383505 ...  112.11984848  112.11984781
  112.11984728]",[    50    100    150 ... 299900 299950 300000],"[49700.36563293 25717.76583052 13456.92350653 ...   160.80536545
   160.80536491   160.80536448]","[11851.00038909  6044.4790387   4326.73408701 ...   112.11984848
   112.11984781   112.11984728]",0.8365634918212891,0.014769864298198439,0.8346271514892578,0.8716144561767578,0.7418026733398437,[0.8 0.8 0.8 ... 0.8 0.8 0.8],"[2.26623326e-16 2.26623326e-16 2.26623326e-16 ... 2.26623326e-16
 2.26623326e-16 2.26623326e-16]",[2. 2. 2. ... 2. 2. 2.],[0. 0. 0. ... 0. 0. 0.],[2. 2. 2. ... 2. 2. 2.],[0. 0. 0. ... 0. 0. 0.],[   100    150    200 ... 299900 299950 300000],[0.8 0.8 0.8 ... 0.8 0.8 0.8],"[2.26623326e-16 2.26623326e-16 2.26623326e-16 ... 2.26623326e-16
 2.26623326e-16 2.26623326e-16]",[2. 2. 2. ... 2. 2. 2.],[0. 0. 0. ... 0. 0. 0.],[2. 2. 2. ... 2. 2. 2.],[0. 0. 0. ... 0. 0. 0.]
F3_Zakharov,30,PSOLVIW,function_evaluations,300000,,300000,25,25,5999.0,0.0,5999,5999,300000.0,0.0,300000,300000,"[  70.37430623  237.74497267  258.81574567  101.05884318  104.58346353
   36.42609869  104.58346353  128.79617128  154.90290367  113.44942981
   36.42609869  114.20956671  120.36451232  111.91540396   35.83731628
  118.08209795   87.10871455   63.92473941  175.80726184  104.58346353
 1510.45128533   81.79717819  289.69725735  180.66528956  338.99426176]","[  70.37430623  237.74497267  258.81574567  101.05884318  104.58346353
   36.42609869  104.58346353  128.79617128  154.90290367  113.44942981
   36.42609869  114.20956671  120.36451232  111.91540396   35.83731628
  118.08209795   87.10871455   63.92473941  175.80726184  104.58346353
 1510.45128533   81.79717819  289.69725735  180.66528956  338.99426176]",187.22399382787881,286.4128843064788,113.44942981062377,87.10871455239675,175.8072618429851,35.83731627920554,1510.4512853293613,17.589313544080014,3.8799074007883436,18.081287410000016,0.0002276872400011598,3.6142679688424406e-05,[   1    2    3 ... 5997 5998 5999],"[25717.76583052 13610.18397387 10906.80723744 ...   187.22400125
   187.22399743   187.22399383]","[6044.4790387  4387.12203647 3035.30492729 ...  286.41288244  286.4128834
  286.41288431]",[    50    100    150 ... 299900 299950 300000],"[49700.36563293 25717.76583052 13610.18397387 ...   187.22400125
   187.22399743   187.22399383]","[11851.00038909  6044.4790387   4387.12203647 ...   286.41288244
   286.4128834    286.41288431]",1.0635160064697267,0.06104996942212747,1.0413074493408203,1.2118549346923828,0.966497802734375,[0.9        0.89991664 0.89983328 ... 0.40016672 0.40008336 0.4       ],"[3.39934989e-16 0.00000000e+00 0.00000000e+00 ... 5.66558315e-17
 1.69967494e-16 1.13311663e-16]",[2. 2. 2. ... 2. 2. 2.],[0. 0. 0. ... 0. 0. 0.],[2. 2. 2. ... 2. 2. 2.],[0. 0. 0. ... 0. 0. 0.],[   100    150    200 ... 299900 299950 300000],[0.9        0.89991664 0.89983328 ... 0.40016672 0.40008336 0.4       ],"[3.39934989e-16 0.00000000e+00 0.00000000e+00 ... 5.66558315e-17
 1.69967494e-16 1.13311663e-16]",[2. 2. 2. ... 2. 2. 2.],[0. 0. 0. ... 0. 0. 0.],[2. 2. 2. ... 2. 2. 2.],[0. 0. 0. ... 0. 0. 0.]
F3_Zakharov,30,PSOTVAC,function_evaluations,300000,,300000,25,25,5999.0,0.0,5999,5999,300000.0,0.0,300000,300000,"[ 31.86318328  32.41442508  31.86318328  34.65796823  36.42609869
  33.49100592  33.27811313  32.00248392  33.86881032  98.98705021
  82.58071045 213.13495774 202.96010581  32.3735035   33.3298982
 101.59628561  32.41793766  94.90392242 143.79756617  31.81071166
  31.86318328  31.86318328  78.92475714 168.55133196  35.19903621]","[ 31.86318328  32.41442508  31.86318328  34.65796823  36.42609869
  33.49100592  33.27811313  32.00248392  33.86881032  98.98705021
  82.58071045 213.13495774 202.96010581  32.3735035   33.3298982
 101.59628561  32.41793766  94.90392242 143.79756617  31.81071166
  31.86318328  31.86318328  78.92475714 168.55133196  35.19903621]",68.56637652583902,56.953728016832976,33.86881031652922,32.373503503707354,94.90392241960694,31.81071166470616,213.13495773804505,17.449747835279997,3.475429127523077,17.829010512000025,0.00022055023999882905,3.909694866053671e-05,[   1    2    3 ... 5997 5998 5999],"[34244.55619866 16557.5215366  12129.81939131 ...    68.56750342
    68.56683238    68.56637653]","[7996.21920919 3425.74429768 3288.55318237 ...   56.95391531   56.95380103
   56.95372802]",[    50    100    150 ... 299900 299950 300000],"[49700.36563293 34244.55619866 16557.5215366  ...    68.56750342
    68.56683238    68.56637653]","[11851.00038909  7996.21920919  3425.74429768 ...    56.95391531
    56.95380103    56.95372802]",1.6588459014892578,0.46422206840657826,1.3463687896728516,2.4507617950439453,1.507879638671875,[0.9        0.89991664 0.89983328 ... 0.40016672 0.40008336 0.4       ],"[3.39934989e-16 0.00000000e+00 0.00000000e+00 ... 5.66558315e-17
 1.69967494e-16 1.13311663e-16]",[2.5        2.49966656 2.49933311 ... 0.50066689 0.50033344 0.5       ],"[0.00000000e+00 9.06493304e-16 1.35973996e-15 ... 1.13311663e-16
 3.39934989e-16 0.00000000e+00]",[0.5        0.50033344 0.50066689 ... 2.49933311 2.49966656 2.5       ],"[0.00000000e+00 3.39934989e-16 0.00000000e+00 ... 1.35973996e-15
 9.06493304e-16 0.00000000e+00]",[   100    150    200 ... 299900 299950 300000],[0.9        0.89991664 0.89983328 ... 0.40016672 0.40008336 0.4       ],"[3.39934989e-16 0.00000000e+00 0.00000000e+00 ... 5.66558315e-17
 1.69967494e-16 1.13311663e-16]",[2.5        2.49966656 2.49933311 ... 0.50066689 0.50033344 0.5       ],"[0.00000000e+00 9.06493304e-16 1.35973996e-15 ... 1.13311663e-16
 3.39934989e-16 0.00000000e+00]",[0.5        0.50033344 0.50066689 ... 2.49933311 2.49966656 2.5       ],"[0.00000000e+00 3.39934989e-16 0.00000000e+00 ... 1.35973996e-15
 9.06493304e-16 0.00000000e+00]"
F3_Zakharov,30,APSOVI,function_evaluations,300000,,300000,25,25,5999.0,0.0,5999,5999,300000.0,0.0,300000,300000,"[153.90617414 102.83479593 125.42033361  36.42610479 102.77948508
  31.89089872  61.5541975  188.84572013 104.58347731 135.90810609
 233.26481825 114.74114193 104.58352247 391.67055689  36.42611269
 153.65130556  87.90400713 106.56074921 109.01205635 120.51203552
  60.45007734 613.15295754 171.99734604 349.9496108  221.61134859]","[153.90617414 102.83479593 125.42033361  36.42610479 102.77948508
  31.89089872  61.5541975  188.84572013 104.58347731 135.90810609
 233.26481825 114.74114193 104.58352247 391.67055689  36.42611269
 153.65130556  87.90400713 106.56074921 109.01205635 120.51203552
  60.45007734 613.15295754 171.99734604 349.9496108  221.61134859]",156.78547758342728,129.15340610619816,114.741141925004,102.77948507504209,171.99734604100377,31.890898715352478,613.1529575418847,18.002537955639994,3.750185154927749,18.946165560999987,0.0002210913599947162,2.5922221623840302e-05,[   1    2    3 ... 5997 5998 5999],"[26402.19686948 14273.57337323 11902.72932739 ...   156.7855871
   156.78553265   156.78547758]","[6748.96965651 4262.90271901 3828.14581174 ...  129.15341604  129.15341121
  129.15340611]",[    50    100    150 ... 299900 299950 300000],"[49700.36563293 26402.19686948 14273.57337323 ...   156.7855871
   156.78553265   156.78547758]","[11851.00038909  6748.96965651  4262.90271901 ...   129.15341604
   129.15341121   129.15340611]",1.0758588409423828,0.04361155372628232,1.078744888305664,1.211984634399414,0.9793917846679687,[0.9 0.9 0.9 ... 0.3 0.3 0.3],"[3.39934989e-16 3.39934989e-16 3.39934989e-16 ... 1.13311663e-16
 1.13311663e-16 1.13311663e-16]",[1.49618 1.49618 1.49618 ... 1.49618 1.49618 1.49618],"[2.26623326e-16 2.26623326e-16 2.26623326e-16 ... 2.26623326e-16
 2.26623326e-16 2.26623326e-16]",[1.49618 1.49618 1.49618 ... 1.49618 1.49618 1.49618],"[2.26623326e-16 2.26623326e-16 2.26623326e-16 ... 2.26623326e-16
 2.26623326e-16 2.26623326e-16]",[   100    150    200 ... 299900 299950 300000],[0.9 0.9 0.9 ... 0.3 0.3 0.3],"[3.39934989e-16 3.39934989e-16 3.39934989e-16 ... 1.13311663e-16
 1.13311663e-16 1.13311663e-16]",[1.49618 1.49618 1.49618 ... 1.49618 1.49618 1.49618],"[2.26623326e-16 2.26623326e-16 2.26623326e-16 ... 2.26623326e-16
 2.26623326e-16 2.26623326e-16]",[1.49618 1.49618 1.49618 ... 1.49618 1.49618 1.49618],"[2.26623326e-16 2.26623326e-16 2.26623326e-16 ... 2.26623326e-16
 2.26623326e-16 2.26623326e-16]"
F3_Zakharov,30,APSO,function_evaluations,300000,,300000,25,25,5881.0,0.0,5881,5881,300000.0,0.0,300000,300000,"[31.81078762 31.81071167 34.35407379 31.89705713 31.81071166 31.81071166
  2.16101051 31.81071166 31.81071166 31.81071166 68.33100208 32.01037514
 31.81071166 31.81071166 21.33542443 31.81071166 31.81535483 29.82168913
 31.81184377 29.98851502 14.22022205 31.81071166 78.45012071 72.50284808
 31.81071166]","[31.81078762 31.81071167 34.35407379 31.89705713 31.81071166 31.81071166
  2.16101051 31.81071166 31.81071166 31.81071166 68.33100208 32.01037514
 31.81071166 31.81071166 21.33542443 31.81071166 31.81535483 29.82168913
 31.81184377 29.98851502 14.22022205 31.81071166 78.45012071 72.50284808
 31.81071166]",34.417126103858706,16.210895951309418,31.81071166470548,31.81071166470531,31.815354828907175,2.161010508187985,78.45012071176717,22.85552536895999,4.180575641050444,23.849158442000032,0.0003861149599970304,0.00016648965256798904,[   1    2    3 ... 5879 5880 5881],"[26069.31204256 13639.09947191 10050.68767101 ...    34.41786935
    34.41771877    34.41721693]","[6491.09101054 3677.48584578 3210.94151197 ...   16.21094999   16.21107541
   16.21092866]",[    50    100    150 ... 299900 299950 300000],"[4.97003656e+04 2.60693120e+04 1.36390995e+04 ... 3.44178240e+01
 3.44172232e+01 3.44171261e+01]","[11851.00038909  6491.09101054  3677.48584578 ...    16.21103001
    16.21092683    16.21089595]",2.90130485534668,0.1760717660116241,2.949178695678711,3.298755645751953,1.656449661254883,[0.62144642 0.59173181 0.65137789 ... 0.40017025 0.4002344  0.40018562],[0.12328483 0.13075702 0.13197153 ... 0.00038803 0.00042034 0.00043079],[2.03960148 2.07026271 2.09608406 ... 2.         2.         2.        ],"[3.87812633e-02 5.31345851e-02 6.38670510e-02 ... 1.95474935e-15
 1.95474935e-15 1.95474935e-15]",[1.96039852 1.92973729 1.90391594 ... 2.         2.         2.        ],"[3.87812633e-02 5.31345851e-02 6.38670510e-02 ... 1.81298661e-15
 1.81298661e-15 1.81298661e-15]",[   101    151    201 ... 299901 299951 299957],[0.62144642 0.58532975 0.63743332 ... 0.40017025 0.4002344  0.4002344 ],[0.12328483 0.13532295 0.13344754 ... 0.00038803 0.00042034 0.00042034],[2.03960148 2.07026271 2.09121942 ... 2.         2.         2.        ],"[3.87812633e-02 5.31345851e-02 6.85484533e-02 ... 1.95474935e-15
 1.95474935e-15 1.95474935e-15]",[1.96039852 1.92973729 1.90878058 ... 2.         2.         2.        ],"[3.87812633e-02 5.31345851e-02 6.85484533e-02 ... 1.81298661e-15
 1.81298661e-15 1.81298661e-15]"
F3_Zakharov,30,UAPSO,function_evaluations,300000,,300000,25,25,5999.0,0.0,5999,5999,300000.0,0.0,300000,300000,"[ 566.9171618  1630.58171691  795.81095858  228.01587854  947.61214689
 4069.4278023   350.21350818  478.57821079  691.81743494 1514.99295679
  328.07744223  753.6756071   654.49167296  944.19370039  233.77292492
 1361.40420562  767.94658355  511.25402943  390.38509711  519.69658386
  112.0380642   336.89787116  759.02088344  364.70699724  270.16093342]","[ 566.9171618  1630.58171691  795.81095858  228.01587854  947.61214689
 4069.4278023   350.21350818  478.57821079  691.81743494 1514.99295679
  328.07744223  753.6756071   654.49167296  944.19370039  233.77292492
 1361.40420562  767.94658355  511.25402943  390.38509711  519.69658386
  112.0380642   336.89787116  759.02088344  364.70699724  270.16093342]",783.2676148941225,790.486993979105,566.9171617951279,350.21350818401356,795.8109585756099,112.03806420485682,4069.427802299706,19.652024397560012,4.530207308757269,20.73086128600005,0.00043647331999636664,0.00011802363543951796,[   1    2    3 ... 5997 5998 5999],"[37579.12703649 21287.39688893 15684.77287226 ...   783.26761489
   783.26761489   783.26761489]","[13160.55121026  6184.94204704  5761.71064216 ...   790.48699398
   790.48699398   790.48699398]",[    50    100    150 ... 299900 299950 300000],"[49700.36563293 37579.12703649 21287.39688893 ...   783.26761489
   783.26761489   783.26761489]","[11851.00038909 13160.55121026  6184.94204704 ...   790.48699398
   790.48699398   790.48699398]",1.3739583587646484,0.0770658348615678,1.3599414825439453,1.5824155807495117,1.272829818725586,[0.54315789 0.31789474 0.57052632 ... 0.45052632 0.46736842 0.51789474],[0.30678688 0.21672881 0.23570879 ... 0.27224656 0.29277227 0.31199474],[1.09333333 0.78222222 1.21777778 ... 0.91555556 0.94222222 0.97777778],[0.75881649 0.65143084 0.57777778 ... 0.49408018 0.52226162 0.64788354],[0.67555556 1.16444444 0.77333333 ... 1.06666667 1.04       0.94222222],[0.67427754 0.55659163 0.66083872 ... 0.62525715 0.61101009 0.70354774],[   100    150    200 ... 299900 299950 300000],[0.54315789 0.31789474 0.57052632 ... 0.45052632 0.46736842 0.51789474],[0.30678688 0.21672881 0.23570879 ... 0.27224656 0.29277227 0.31199474],[1.09333333 0.78222222 1.21777778 ... 0.91555556 0.94222222 0.97777778],[0.75881649 0.65143084 0.57777778 ... 0.49408018 0.52226162 0.64788354],[0.67555556 1.16444444 0.77333333 ... 1.06666667 1.04       0.94222222],[0.67427754 0.55659163 0.66083872 ... 0.62525715 0.61101009 0.70354774]
F5_Rastrigin_SR,30,PSO,function_evaluations,300000,,300000,25,25,5999.0,0.0,5999,5999,300000.0,0.0,300000,300000,"[0.0063334  0.00345415 0.00506124 0.00506693 0.00363849 0.00217321
 0.01158794 0.00727042 0.0054286  0.00076599 0.0025689  0.00326833
 0.00430984 0.00040123 0.00191293 0.00064819 0.00215051 0.00702488
 0.00522157 0.00161331 0.00320317 0.00169815 0.0023011  0.00601962
 0.00179874]","[0.0063334  0.00345415 0.00506124 0.00506693 0.00363849 0.00217321
 0.01158794 0.00727042 0.0054286  0.00076599 0.0025689  0.00326833
 0.00430984 0.00040123 0.00191293 0.00064819 0.00215051 0.00702488
 0.00522157 0.00161331 0.00320317 0.00169815 0.0023011  0.00601962
 0.00179874]",0.003796833367728141,0.0025815000557301336,0.003268332024333631,0.0019129296443338717,0.005221570385060659,0.00040123019596194354,0.011587936395869747,90.6873670578,16.396251567067477,97.02153231499994,0.00020949427999767068,2.7237366259853386e-05,[   1    2    3 ... 5997 5998 5999],[0.08963375 0.07567233 0.06778062 ... 0.00379683 0.00379683 0.00379683],[0.02394892 0.02350786 0.02559425 ... 0.0025815  0.0025815  0.0025815 ],[    50    100    150 ... 299900 299950 300000],[0.13855379 0.08963375 0.07567233 ... 0.00379683 0.00379683 0.00379683],[0.03407711 0.02394892 0.02350786 ... 0.0025815  0.0025815  0.0025815 ],0.8069879913330078,0.007486478401796948,0.8040485382080078,0.8239765167236328,0.7127151489257812,[0.8 0.8 0.8 ... 0.8 0.8 0.8],"[2.26623326e-16 2.26623326e-16 2.26623326e-16 ... 2.26623326e-16
 2.26623326e-16 2.26623326e-16]",[2. 2. 2. ... 2. 2. 2.],[0. 0. 0. ... 0. 0. 0.],[2. 2. 2. ... 2. 2. 2.],[0. 0. 0. ... 0. 0. 0.],[   100    150    200 ... 299900 299950 300000],[0.8 0.8 0.8 ... 0.8 0.8 0.8],"[2.26623326e-16 2.26623326e-16 2.26623326e-16 ... 2.26623326e-16
 2.26623326e-16 2.26623326e-16]",[2. 2. 2. ... 2. 2. 2.],[0. 0. 0. ... 0. 0. 0.],[2. 2. 2. ... 2. 2. 2.],[0. 0. 0. ... 0. 0. 0.]
F5_Rastrigin_SR,30,PSOLVIW,function_evaluations,300000,,300000,25,25,5999.0,0.0,5999,5999,300000.0,0.0,300000,300000,"[7.00226792e-07 1.45933910e-06 2.25716182e-05 1.03041785e-05
 5.15129756e-04 1.68668140e-06 2.08119997e-05 8.96462780e-08
 6.66630910e-07 4.05866338e-05 3.18497122e-05 4.33228162e-05
 8.35285642e-05 9.19372582e-06 1.07048851e-04 3.83863039e-08
 1.15455265e-04 6.33983007e-07 5.54696101e-07 3.47137999e-04
 3.92375632e-05 5.62383622e-06 1.03514094e-06 4.89468448e-07
 1.61738151e-04]","[7.00226792e-07 1.45933910e-06 2.25716182e-05 1.03041785e-05
 5.15129756e-04 1.68668140e-06 2.08119997e-05 8.96462780e-08
 6.66630910e-07 4.05866338e-05 3.18497122e-05 4.33228162e-05
 8.35285642e-05 9.19372582e-06 1.07048851e-04 3.83863039e-08
 1.15455265e-04 6.33983007e-07 5.54696101e-07 3.47137999e-04
 3.92375632e-05 5.62383622e-06 1.03514094e-06 4.89468448e-07
 1.61738151e-04]",6.243579480042172e-05,0.00012137826317183284,1.0304178545084142e-05,7.002267921052407e-07,4.3322816225099814e-05,3.838630391328479e-08,0.0005151297563088519,91.54574000500001,15.139741051422096,98.08644238399995,0.00021426507998512534,3.644150990778847e-05,[   1    2    3 ... 5997 5998 5999],"[8.96337461e-02 7.53801444e-02 6.69527187e-02 ... 6.24366763e-05
 6.24363522e-05 6.24357948e-05]",[0.02394892 0.02345612 0.02514762 ... 0.00012138 0.00012138 0.00012138],[    50    100    150 ... 299900 299950 300000],"[1.38553788e-01 8.96337461e-02 7.53801444e-02 ... 6.24366763e-05
 6.24363522e-05 6.24357948e-05]",[0.03407711 0.02394892 0.02345612 ... 0.00012138 0.00012138 0.00012138],1.1385169219970703,0.02734218383246216,1.1331653594970703,1.2031269073486328,1.0399380493164063,[0.9        0.89991664 0.89983328 ... 0.40016672 0.40008336 0.4       ],"[3.39934989e-16 0.00000000e+00 0.00000000e+00 ... 5.66558315e-17
 1.69967494e-16 1.13311663e-16]",[2. 2. 2. ... 2. 2. 2.],[0. 0. 0. ... 0. 0. 0.],[2. 2. 2. ... 2. 2. 2.],[0. 0. 0. ... 0. 0. 0.],[   100    150    200 ... 299900 299950 300000],[0.9        0.89991664 0.89983328 ... 0.40016672 0.40008336 0.4       ],"[3.39934989e-16 0.00000000e+00 0.00000000e+00 ... 5.66558315e-17
 1.69967494e-16 1.13311663e-16]",[2. 2. 2. ... 2. 2. 2.],[0. 0. 0. ... 0. 0. 0.],[2. 2. 2. ... 2. 2. 2.],[0. 0. 0. ... 0. 0. 0.]
F5_Rastrigin_SR,30,PSOTVAC,function_evaluations,300000,,300000,25,25,5999.0,0.0,5999,5999,300000.0,0.0,300000,300000,"[1.44805597e-07 4.14447710e-05 1.39256758e-06 1.15536881e-05
 3.60006482e-07 1.43143552e-07 2.18738427e-05 1.57589852e-05
 3.70588964e-08 1.94253295e-06 9.57867371e-07 4.70436822e-06
 2.68796881e-04 2.04499711e-05 5.53245513e-07 1.15401407e-04
 6.76384786e-07 6.28745507e-05 5.90059528e-07 5.58589036e-05
 4.22812036e-07 1.30837839e-06 5.55647546e-07 3.59079582e-05
 1.96038390e-05]","[1.44805597e-07 4.14447710e-05 1.39256758e-06 1.15536881e-05
 3.60006482e-07 1.43143552e-07 2.18738427e-05 1.57589852e-05
 3.70588964e-08 1.94253295e-06 9.57867371e-07 4.70436822e-06
 2.68796881e-04 2.04499711e-05 5.53245513e-07 1.15401407e-04
 6.76384786e-07 6.28745507e-05 5.90059528e-07 5.58589036e-05
 4.22812036e-07 1.30837839e-06 5.55647546e-07 3.59079582e-05
 1.96038390e-05]",2.7332547028890984e-05,5.725239307956072e-05,1.9425329469413555e-06,5.556475457524357e-07,2.187384274066062e-05,3.70588963960472e-08,0.00026879688073222496,91.43580783360001,16.363419493260896,95.92495991200008,0.00021438355999634951,3.2478873620087794e-05,[   1    2    3 ... 5997 5998 5999],"[1.05668095e-01 8.32918871e-02 7.70026014e-02 ... 2.73348798e-05
 2.73333837e-05 2.73325470e-05]","[2.81052859e-02 1.84623459e-02 1.73107762e-02 ... 5.72526595e-05
 5.72524678e-05 5.72523931e-05]",[    50    100    150 ... 299900 299950 300000],"[1.38553788e-01 1.05668095e-01 8.32918871e-02 ... 2.73348798e-05
 2.73333837e-05 2.73325470e-05]","[3.40771093e-02 2.81052859e-02 1.84623459e-02 ... 5.72526595e-05
 5.72524678e-05 5.72523931e-05]",2.192323989868164,0.15005062662085494,2.1845264434814453,2.429666519165039,1.954620361328125,[0.9        0.89991664 0.89983328 ... 0.40016672 0.40008336 0.4       ],"[3.39934989e-16 0.00000000e+00 0.00000000e+00 ... 5.66558315e-17
 1.69967494e-16 1.13311663e-16]",[2.5        2.49966656 2.49933311 ... 0.50066689 0.50033344 0.5       ],"[0.00000000e+00 9.06493304e-16 1.35973996e-15 ... 1.13311663e-16
 3.39934989e-16 0.00000000e+00]",[0.5        0.50033344 0.50066689 ... 2.49933311 2.49966656 2.5       ],"[0.00000000e+00 3.39934989e-16 0.00000000e+00 ... 1.35973996e-15
 9.06493304e-16 0.00000000e+00]",[   100    150    200 ... 299900 299950 300000],[0.9        0.89991664 0.89983328 ... 0.40016672 0.40008336 0.4       ],"[3.39934989e-16 0.00000000e+00 0.00000000e+00 ... 5.66558315e-17
 1.69967494e-16 1.13311663e-16]",[2.5        2.49966656 2.49933311 ... 0.50066689 0.50033344 0.5       ],"[0.00000000e+00 9.06493304e-16 1.35973996e-15 ... 1.13311663e-16
 3.39934989e-16 0.00000000e+00]",[0.5        0.50033344 0.50066689 ... 2.49933311 2.49966656 2.5       ],"[0.00000000e+00 3.39934989e-16 0.00000000e+00 ... 1.35973996e-15
 9.06493304e-16 0.00000000e+00]"
F5_Rastrigin_SR,30,APSOVI,function_evaluations,300000,,300000,25,25,5999.0,0.0,5999,5999,300000.0,0.0,300000,300000,"[3.17704641e-05 4.63045367e-05 2.36025056e-06 2.97995939e-09
 4.30545282e-06 3.19198707e-05 1.40590095e-06 8.09586028e-05
 1.26271759e-05 2.84446099e-06 1.19316828e-04 8.29433715e-05
 7.00422941e-05 1.93016893e-06 6.47012277e-05 1.11831844e-06
 9.17786167e-05 1.03653929e-04 1.00935829e-04 2.89403732e-06
 5.27005824e-05 5.70317525e-07 1.41586942e-05 1.42354374e-05
 1.96744850e-06]","[3.17704641e-05 4.63045367e-05 2.36025056e-06 2.97995939e-09
 4.30545282e-06 3.19198707e-05 1.40590095e-06 8.09586028e-05
 1.26271759e-05 2.84446099e-06 1.19316828e-04 8.29433715e-05
 7.00422941e-05 1.93016893e-06 6.47012277e-05 1.11831844e-06
 9.17786167e-05 1.03653929e-04 1.00935829e-04 2.89403732e-06
 5.27005824e-05 5.70317525e-07 1.41586942e-05 1.42354374e-05
 1.96744850e-06]",3.7497871853702234e-05,4.0067544884275626e-05,1.4235437390652805e-05,2.360250562105648e-06,7.004229405538354e-05,2.9799593903589994e-09,0.00011931682837484914,90.53792585336004,16.08649250300297,97.53350279900019,0.00022235112000089428,3.704969385768038e-05,[   1    2    3 ... 5997 5998 5999],"[9.12272547e-02 7.34898117e-02 6.85975049e-02 ... 3.74990540e-05
 3.74983034e-05 3.74978719e-05]","[2.36634930e-02 1.97963638e-02 2.25496693e-02 ... 4.00694623e-05
 4.00682332e-05 4.00675449e-05]",[    50    100    150 ... 299900 299950 300000],"[1.38553788e-01 9.12272547e-02 7.34898117e-02 ... 3.74990540e-05
 3.74983034e-05 3.74978719e-05]","[3.40771093e-02 2.36634930e-02 1.97963638e-02 ... 4.00694623e-05
 4.00682332e-05 4.00675449e-05]",1.1627533721923828,0.06654025251813152,1.1705646514892578,1.2900867462158203,1.0557244873046876,[0.9 0.9 0.9 ... 0.3 0.3 0.3],"[3.39934989e-16 3.39934989e-16 3.39934989e-16 ... 1.13311663e-16
 1.13311663e-16 1.13311663e-16]",[1.49618 1.49618 1.49618 ... 1.49618 1.49618 1.49618],"[2.26623326e-16 2.26623326e-16 2.26623326e-16 ... 2.26623326e-16
 2.26623326e-16 2.26623326e-16]",[1.49618 1.49618 1.49618 ... 1.49618 1.49618 1.49618],"[2.26623326e-16 2.26623326e-16 2.26623326e-16 ... 2.26623326e-16
 2.26623326e-16 2.26623326e-16]",[   100    150    200 ... 299900 299950 300000],[0.9 0.9 0.9 ... 0.3 0.3 0.3],"[3.39934989e-16 3.39934989e-16 3.39934989e-16 ... 1.13311663e-16
 1.13311663e-16 1.13311663e-16]",[1.49618 1.49618 1.49618 ... 1.49618 1.49618 1.49618],"[2.26623326e-16 2.26623326e-16 2.26623326e-16 ... 2.26623326e-16
 2.26623326e-16 2.26623326e-16]",[1.49618 1.49618 1.49618 ... 1.49618 1.49618 1.49618],"[2.26623326e-16 2.26623326e-16 2.26623326e-16 ... 2.26623326e-16
 2.26623326e-16 2.26623326e-16]"
F5_Rastrigin_SR,30,APSO,function_evaluations,300000,,300000,25,25,5885.68,23.19252753223187,5881,5997,300000.0,0.0,300000,300000,"[5.96500314e-06 5.95705009e-05 7.25489949e-05 3.75433442e-05
 3.48306311e-05 2.68074210e-05 1.20959294e-06 1.62824328e-03
 1.09003154e-04 4.30472623e-04 7.19567474e-05 1.18279469e-05
 4.93642560e-04 8.65030775e-04 5.14548390e-07 1.12642225e-04
 1.57193057e-05 6.81795089e-05 4.33673869e-04 1.53358362e-05
 2.11032490e-04 4.25720734e-05 2.87627049e-04 1.57229865e-05
 1.79986728e-08]","[5.96500314e-06 5.95705009e-05 7.25489949e-05 3.75433442e-05
 3.48306311e-05 2.68074210e-05 1.20959294e-06 1.62824328e-03
 1.09003154e-04 4.30472623e-04 7.19567474e-05 1.18279469e-05
 4.93642560e-04 8.65030775e-04 5.14548390e-07 1.12642225e-04
 1.57193057e-05 6.81795089e-05 4.33673869e-04 1.53358362e-05
 2.11032490e-04 4.25720734e-05 2.87627049e-04 1.57229865e-05
 1.79986728e-08]",0.00020206761867029853,0.0003635626181199831,5.957050086635718e-05,1.5719305679340323e-05,0.0002110324895170379,1.7998672774410807e-08,0.001628243281459163,95.86258477103998,16.24323524611874,102.34029879800005,0.000344239199976073,0.00040916802443694906,[   1    2    3 ... 5879 5880 5881],[0.09447004 0.07442152 0.06583158 ... 0.00020207 0.00020207 0.00020207],[0.01917341 0.01856208 0.0162571  ... 0.00036357 0.00036357 0.00036356],[    50    100    150 ... 299900 299950 300000],[0.13855379 0.09447004 0.07442152 ... 0.00020207 0.00020207 0.00020207],[0.03407711 0.01917341 0.01856208 ... 0.00036357 0.00036356 0.00036356],3.028340950012207,0.09673646325431774,3.042102813720703,3.1243085861206055,1.781777992248535,[0.61991406 0.62689927 0.54308811 ... 0.41256196 0.41322784 0.41132025],[0.13062302 0.09242813 0.13126056 ... 0.06235004 0.06573693 0.05619608],[2.0327928  2.07406919 2.08348339 ... 2.02000001 2.02000001 2.02000001],[0.03882894 0.05194023 0.06420841 ... 0.1        0.1        0.1       ],[1.9672072  1.92593081 1.91651661 ... 1.97999999 1.97999999 1.97999999],[0.03882894 0.05194023 0.06420841 ... 0.1        0.1        0.1       ],[   101    151    201 ... 299901 299951 299962],[0.61991406 0.62940381 0.56789993 ... 0.41239643 0.41247173 0.41246826],[0.13062302 0.08753843 0.12552398 ... 0.06154991 0.06196782 0.06196855],[2.0327928  2.07406919 2.08357744 ... 2.02000001 2.02000001 2.02000001],[0.03882894 0.05194023 0.06413428 ... 0.1        0.1        0.1       ],[1.9672072  1.92593081 1.91642256 ... 1.97999999 1.97999999 1.97999999],[0.03882894 0.05194023 0.06413428 ... 0.1        0.1        0.1       ]
F5_Rastrigin_SR,30,UAPSO,function_evaluations,300000,,300000,25,25,5999.0,0.0,5999,5999,300000.0,0.0,300000,300000,"[1.76449551e-03 2.50276627e-03 7.30477654e-03 2.93200117e-06
 1.26462778e-03 6.09268922e-04 1.81121416e-04 1.51962348e-03
 3.74988311e-04 1.50447449e-03 4.50939806e-04 7.44058069e-04
 8.37924484e-04 2.82242126e-03 7.69902903e-05 2.66653208e-03
 5.27539385e-04 5.84046696e-04 1.02090995e-03 4.48335513e-04
 3.99082931e-05 2.91910869e-04 5.15171155e-04 3.78158572e-04
 2.48232634e-04]","[1.76449551e-03 2.50276627e-03 7.30477654e-03 2.93200117e-06
 1.26462778e-03 6.09268922e-04 1.81121416e-04 1.51962348e-03
 3.74988311e-04 1.50447449e-03 4.50939806e-04 7.44058069e-04
 8.37924484e-04 2.82242126e-03 7.69902903e-05 2.66653208e-03
 5.27539385e-04 5.84046696e-04 1.02090995e-03 4.48335513e-04
 3.99082931e-05 2.91910869e-04 5.15171155e-04 3.78158572e-04
 2.48232634e-04]",0.001147286150655873,0.0015208001653792451,0.0005840466955078227,0.0003749883105115259,0.001504474488683627,2.9320011663003243e-06,0.007304776542639502,93.54436344755999,15.564179252675654,100.89135111699989,0.0003782368400243286,8.915242019722667e-05,[   1    2    3 ... 5997 5998 5999],[0.10914053 0.07813365 0.06866452 ... 0.00114729 0.00114729 0.00114729],[0.03654317 0.02506867 0.02841065 ... 0.0015208  0.0015208  0.0015208 ],[    50    100    150 ... 299900 299950 300000],[0.13855379 0.10914053 0.07813365 ... 0.00114729 0.00114729 0.00114729],[0.03407711 0.03654317 0.02506867 ... 0.0015208  0.0015208  0.0015208 ],1.31716796875,0.059586582703962145,1.3040742874145508,1.4853954315185547,1.2196430587768554,[0.54315789 0.31789474 0.57052632 ... 0.45263158 0.46526316 0.51789474],[0.30678688 0.21672881 0.23570879 ... 0.2713633  0.28934606 0.31199474],[1.09333333 0.78222222 1.21777778 ... 0.91555556 0.94222222 0.96888889],[0.75881649 0.65143084 0.57777778 ... 0.49408018 0.52226162 0.64431672],[0.67555556 1.16444444 0.77333333 ... 1.07555556 1.04       0.95111111],[0.67427754 0.55659163 0.66083872 ... 0.63401523 0.61101009 0.69542893],[   100    150    200 ... 299900 299950 300000],[0.54315789 0.31789474 0.57052632 ... 0.45263158 0.46526316 0.51789474],[0.30678688 0.21672881 0.23570879 ... 0.2713633  0.28934606 0.31199474],[1.09333333 0.78222222 1.21777778 ... 0.91555556 0.94222222 0.96888889],[0.75881649 0.65143084 0.57777778 ... 0.49408018 0.52226162 0.64431672],[0.67555556 1.16444444 0.77333333 ... 1.07555556 1.04       0.95111111],[0.67427754 0.55659163 0.66083872 ... 0.63401523 0.61101009 0.69542893]
F6_Scaffer,30,PSO,function_evaluations,300000,,300000,25,25,5999.0,0.0,5999,5999,300000.0,0.0,300000,300000,"[150622.16640283  68020.53221669 132971.08485146  40034.61565517
 110132.85970603 147618.55115696 120086.91057786 129832.04715277
  66964.55219514  87904.36714509  80306.50323237  28033.65032795
  47704.26969039 133035.31042715 145797.08174239  75477.97988263
  71847.48937968 117923.50674725  54665.00114877  65264.54369616
 102941.5165716   65434.3331075   55732.54448352  71726.61087058
  97235.07672725]","[150622.16640283  68020.53221669 132971.08485146  40034.61565517
 110132.85970603 147618.55115696 120086.91057786 129832.04715277
  66964.55219514  87904.36714509  80306.50323237  28033.65032795
  47704.26969039 133035.31042715 145797.08174239  75477.97988263
  71847.48937968 117923.50674725  54665.00114877  65264.54369616
 102941.5165716   65434.3331075   55732.54448352  71726.61087058
  97235.07672725]",90692.52420380752,36194.7020913382,80306.50323237403,65434.333107503306,120086.91057786453,28033.650327949672,150622.16640283156,27.136664289279935,5.393230443279549,28.55904080299979,0.0002186255199922016,2.6175289302916814e-05,[   1    2    3 ... 5997 5998 5999],"[3489431.49346973 2645360.86089741 2248822.57731829 ...   90692.52420563
   90692.52420462   90692.52420381]","[560037.67389468 285016.16671298 284391.86050536 ...  36194.70209276
  36194.70209197  36194.70209134]",[    50    100    150 ... 299900 299950 300000],"[4991338.4467237  3489431.49346973 2645360.86089741 ...   90692.52420563
   90692.52420462   90692.52420381]","[704083.08467582 560037.67389468 285016.16671298 ...  36194.70209276
  36194.70209197  36194.70209134]",0.8281000518798828,0.014339522645451025,0.8246479034423828,0.8665180206298828,0.7335879516601562,[0.8 0.8 0.8 ... 0.8 0.8 0.8],"[2.26623326e-16 2.26623326e-16 2.26623326e-16 ... 2.26623326e-16
 2.26623326e-16 2.26623326e-16]",[2. 2. 2. ... 2. 2. 2.],[0. 0. 0. ... 0. 0. 0.],[2. 2. 2. ... 2. 2. 2.],[0. 0. 0. ... 0. 0. 0.],[   100    150    200 ... 299900 299950 300000],[0.8 0.8 0.8 ... 0.8 0.8 0.8],"[2.26623326e-16 2.26623326e-16 2.26623326e-16 ... 2.26623326e-16
 2.26623326e-16 2.26623326e-16]",[2. 2. 2. ... 2. 2. 2.],[0. 0. 0. ... 0. 0. 0.],[2. 2. 2. ... 2. 2. 2.],[0. 0. 0. ... 0. 0. 0.]
F6_Scaffer,30,PSOLVIW,function_evaluations,300000,,300000,25,25,5999.0,0.0,5999,5999,300000.0,0.0,300000,300000,"[225087.47111609  69612.06077626 130193.86919986 102562.10160303
 107167.93054832  93719.62294181  94903.99748595 488782.72054254
 100007.20736556 206962.68502759  40969.04681927  26960.79360498
 114227.01890412  57458.24072538 110257.52398147 439866.03704246
 102866.7337479   69499.17392686  38670.46806157 204331.24658477
  29267.96035752 179601.48048028 110216.84539911  93495.08181313
  78536.3222404 ]","[225087.47111609  69612.06077626 130193.86919986 102562.10160303
 107167.93054832  93719.62294181  94903.99748595 488782.72054254
 100007.20736556 206962.68502759  40969.04681927  26960.79360498
 114227.01890412  57458.24072538 110257.52398147 439866.03704246
 102866.7337479   69499.17392686  38670.46806157 204331.24658477
  29267.96035752 179601.48048028 110216.84539911  93495.08181313
  78536.3222404 ]",132608.94561184986,113209.27089447503,102562.10160303449,69612.06077625614,130193.86919986068,26960.793604983737,488782.72054254485,27.569872620600055,5.535619799546181,28.663262737999958,0.00021407640000688843,4.8466002675061324e-05,[   1    2    3 ... 5997 5998 5999],"[3489431.49346973 2660044.38973053 2306603.97305451 ...  132609.31180387
  132609.12756185  132608.94561185]","[560037.67389468 290270.51944264 306160.07040815 ... 113209.51257186
 113209.39097319 113209.27089448]",[    50    100    150 ... 299900 299950 300000],"[4991338.4467237  3489431.49346973 2660044.38973053 ...  132609.31180387
  132609.12756185  132608.94561185]","[704083.08467582 560037.67389468 290270.51944264 ... 113209.51257186
 113209.39097319 113209.27089448]",1.0434870147705078,0.02205936849250651,1.0410709381103516,1.0993289947509766,0.948065185546875,[0.9        0.89991664 0.89983328 ... 0.40016672 0.40008336 0.4       ],"[3.39934989e-16 0.00000000e+00 0.00000000e+00 ... 5.66558315e-17
 1.69967494e-16 1.13311663e-16]",[2. 2. 2. ... 2. 2. 2.],[0. 0. 0. ... 0. 0. 0.],[2. 2. 2. ... 2. 2. 2.],[0. 0. 0. ... 0. 0. 0.],[   100    150    200 ... 299900 299950 300000],[0.9        0.89991664 0.89983328 ... 0.40016672 0.40008336 0.4       ],"[3.39934989e-16 0.00000000e+00 0.00000000e+00 ... 5.66558315e-17
 1.69967494e-16 1.13311663e-16]",[2. 2. 2. ... 2. 2. 2.],[0. 0. 0. ... 0. 0. 0.],[2. 2. 2. ... 2. 2. 2.],[0. 0. 0. ... 0. 0. 0.]
F6_Scaffer,30,PSOTVAC,function_evaluations,300000,,300000,25,25,5999.0,0.0,5999,5999,300000.0,0.0,300000,300000,"[  128.97832374   264.11921374 15992.74063605 41635.67582475
   176.94819821 31173.11706008 29246.23423521 26980.56748723
 31188.82667955   101.48536836   177.3853873  31049.71806282
 41594.50799489 73736.71586069   100.49059722 31158.51197011
   128.82949774   161.50510644   153.90714846 26990.85551686
 31048.46396075 24509.46877718    77.9582331     94.72843071
   115.80919477]","[  128.97832374   264.11921374 15992.74063605 41635.67582475
   176.94819821 31173.11706008 29246.23423521 26980.56748723
 31188.82667955   101.48536836   177.3853873  31049.71806282
 41594.50799489 73736.71586069   100.49059722 31158.51197011
   128.82949774   161.50510644   153.90714846 26990.85551686
 31048.46396075 24509.46877718    77.9582331     94.72843071
   115.80919477]",17519.501950637827,19620.78934806682,15992.740636048795,128.97832373524625,31049.71806281911,77.95823309653451,73736.7158606931,27.82759759259994,5.678258910123439,29.416189486999883,0.0002161728000282892,3.0443942415859472e-05,[   1    2    3 ... 5997 5998 5999],"[4037617.91627429 2895156.07523724 2457252.47429496 ...   17519.50195064
   17519.50195064   17519.50195064]","[500211.19257514 318978.12854701 356471.21897915 ...  19620.78934807
  19620.78934807  19620.78934807]",[    50    100    150 ... 299900 299950 300000],"[4991338.4467237  4037617.91627429 2895156.07523724 ...   17519.50195064
   17519.50195064   17519.50195064]","[704083.08467582 500211.19257514 318978.12854701 ...  19620.78934807
  19620.78934807  19620.78934807]",1.3138074493408203,0.041955794317236714,1.3040485382080078,1.4286518096923828,1.2182498168945313,[0.9        0.89991664 0.89983328 ... 0.40016672 0.40008336 0.4       ],"[3.39934989e-16 0.00000000e+00 0.00000000e+00 ... 5.66558315e-17
 1.69967494e-16 1.13311663e-16]",[2.5        2.49966656 2.49933311 ... 0.50066689 0.50033344 0.5       ],"[0.00000000e+00 9.06493304e-16 1.35973996e-15 ... 1.13311663e-16
 3.39934989e-16 0.00000000e+00]",[0.5        0.50033344 0.50066689 ... 2.49933311 2.49966656 2.5       ],"[0.00000000e+00 3.39934989e-16 0.00000000e+00 ... 1.35973996e-15
 9.06493304e-16 0.00000000e+00]",[   100    150    200 ... 299900 299950 300000],[0.9        0.89991664 0.89983328 ... 0.40016672 0.40008336 0.4       ],"[3.39934989e-16 0.00000000e+00 0.00000000e+00 ... 5.66558315e-17
 1.69967494e-16 1.13311663e-16]",[2.5        2.49966656 2.49933311 ... 0.50066689 0.50033344 0.5       ],"[0.00000000e+00 9.06493304e-16 1.35973996e-15 ... 1.13311663e-16
 3.39934989e-16 0.00000000e+00]",[0.5        0.50033344 0.50066689 ... 2.49933311 2.49966656 2.5       ],"[0.00000000e+00 3.39934989e-16 0.00000000e+00 ... 1.35973996e-15
 9.06493304e-16 0.00000000e+00]"
F6_Scaffer,30,APSOVI,function_evaluations,300000,,300000,25,25,5999.0,0.0,5999,5999,300000.0,0.0,300000,300000,"[665983.94092888  92545.8427261  111564.09399856 384480.37767973
  71492.74666448 397129.95821707 142391.10803993  40937.65256366
 198260.25665898 173553.39652192 165686.05487975 180170.16855292
 224292.48932989 102301.43911632  89954.67056958 151733.73971865
  77022.8737521  116986.59794855 475582.83446353 154059.40052252
 369265.56707488 125546.35720039  86116.39145596  91899.12151055
 179431.28787287]","[665983.94092888  92545.8427261  111564.09399856 384480.37767973
  71492.74666448 397129.95821707 142391.10803993  40937.65256366
 198260.25665898 173553.39652192 165686.05487975 180170.16855292
 224292.48932989 102301.43911632  89954.67056958 151733.73971865
  77022.8737521  116986.59794855 475582.83446353 154059.40052252
 369265.56707488 125546.35720039  86116.39145596  91899.12151055
 179431.28787287]",194735.53471871116,150004.70170350172,151733.73971864564,92545.84272609677,198260.25665897847,40937.652563664364,665983.9409288804,28.00171327024007,5.607676755463392,29.52249502199993,0.0002095227999961935,3.335101581572736e-05,[   1    2    3 ... 5997 5998 5999],"[3555584.04466057 2749714.54077136 2428283.28272741 ...  194735.53495424
  194735.53482915  194735.53471871]","[559180.02798255 303894.70418527 334520.27678989 ... 150004.70170142
 150004.70170148 150004.7017035 ]",[    50    100    150 ... 299900 299950 300000],"[4991338.4467237  3555584.04466057 2749714.54077136 ...  194735.53495424
  194735.53482915  194735.53471871]","[704083.08467582 559180.02798255 303894.70418527 ... 150004.70170142
 150004.70170148 150004.7017035 ]",1.0617801666259765,0.029537769702833266,1.0637836456298828,1.1358356475830078,0.9661026000976562,[0.9 0.9 0.9 ... 0.3 0.3 0.3],"[3.39934989e-16 3.39934989e-16 3.39934989e-16 ... 1.13311663e-16
 1.13311663e-16 1.13311663e-16]",[1.49618 1.49618 1.49618 ... 1.49618 1.49618 1.49618],"[2.26623326e-16 2.26623326e-16 2.26623326e-16 ... 2.26623326e-16
 2.26623326e-16 2.26623326e-16]",[1.49618 1.49618 1.49618 ... 1.49618 1.49618 1.49618],"[2.26623326e-16 2.26623326e-16 2.26623326e-16 ... 2.26623326e-16
 2.26623326e-16 2.26623326e-16]",[   100    150    200 ... 299900 299950 300000],[0.9 0.9 0.9 ... 0.3 0.3 0.3],"[3.39934989e-16 3.39934989e-16 3.39934989e-16 ... 1.13311663e-16
 1.13311663e-16 1.13311663e-16]",[1.49618 1.49618 1.49618 ... 1.49618 1.49618 1.49618],"[2.26623326e-16 2.26623326e-16 2.26623326e-16 ... 2.26623326e-16
 2.26623326e-16 2.26623326e-16]",[1.49618 1.49618 1.49618 ... 1.49618 1.49618 1.49618],"[2.26623326e-16 2.26623326e-16 2.26623326e-16 ... 2.26623326e-16
 2.26623326e-16 2.26623326e-16]"
F6_Scaffer,30,APSO,function_evaluations,300000,,300000,25,25,5881.0,0.0,5881,5881,300000.0,0.0,300000,300000,"[126.48885125 163.72207738 170.92437382 189.78807673 239.97441486
 130.92300436 231.11619205 129.14300236 232.77208017 300.61291049
 153.98953627 219.66462188  99.28600365 165.25502869 155.37343194
 151.29413943 136.86461766 198.99072867 122.37048377 199.80907234
 204.09302996 129.82713031 206.70724103 173.80003246 265.38144162]","[126.48885125 163.72207738 170.92437382 189.78807673 239.97441486
 130.92300436 231.11619205 129.14300236 232.77208017 300.61291049
 153.98953627 219.66462188  99.28600365 165.25502869 155.37343194
 151.29413943 136.86461766 198.99072867 122.37048377 199.80907234
 204.09302996 129.82713031 206.70724103 173.80003246 265.38144162]",179.92686092657445,49.72023934219854,170.92437382471917,136.86461766137586,206.70724103177872,99.28600364801707,300.61291049066574,32.632551963240005,6.31835432273988,34.10971700100026,0.00024033524001424667,3.6108016433549936e-05,[   1    2    3 ... 5879 5880 5881],"[3.55073244e+06 2.57480268e+06 2.21569351e+06 ... 1.79926861e+02
 1.79926861e+02 1.79926861e+02]","[5.30694279e+05 4.04011279e+05 3.41072400e+05 ... 4.97202390e+01
 4.97202393e+01 4.97202393e+01]",[    50    100    150 ... 299900 299950 300000],"[4.99133845e+06 3.55897343e+06 2.57480268e+06 ... 1.79926861e+02
 1.79926861e+02 1.79926861e+02]","[7.04083085e+05 5.38541082e+05 4.04011279e+05 ... 4.97202393e+01
 4.97202393e+01 4.97202393e+01]",2.6604876708984375,0.10837731091065898,2.614987373352051,3.045821189880371,1.4181326293945313,[0.60656894 0.64914356 0.65633857 ... 0.4000003  0.40000042 0.40000008],"[1.10944487e-01 9.92186343e-02 1.20479123e-01 ... 1.49153715e-06
 2.09733719e-06 4.07623523e-07]",[2.04058518 2.07835779 2.11609243 ... 2.         2.         2.        ],"[3.11366571e-02 5.40957683e-02 5.32139902e-02 ... 4.13424555e-15
 4.13424555e-15 4.13424555e-15]",[1.95941482 1.92164221 1.88390757 ... 2.         2.         2.        ],"[3.11366571e-02 5.40957683e-02 5.32139902e-02 ... 4.07921987e-15
 4.07921987e-15 4.07921987e-15]",[   101    151    201 ... 299901 299951 299964],[0.60656894 0.64733993 0.6503216  ... 0.4000003  0.40000042 0.40000042],"[1.10944487e-01 1.01183025e-01 1.17096462e-01 ... 1.49153715e-06
 2.09733719e-06 2.09733719e-06]",[2.04058518 2.07835779 2.11139118 ... 2.         2.         2.        ],"[3.11366571e-02 5.40957683e-02 6.04881924e-02 ... 4.13424555e-15
 4.13424555e-15 4.13424555e-15]",[1.95941482 1.92164221 1.88860882 ... 2.         2.         2.        ],"[3.11366571e-02 5.40957683e-02 6.04881924e-02 ... 4.07921987e-15
 4.07921987e-15 4.07921987e-15]"
F6_Scaffer,30,UAPSO,function_evaluations,300000,,300000,25,25,5999.0,0.0,5999,5999,300000.0,0.0,300000,300000,"[ 61211.3492769  713097.6505401  601955.59759353  32353.25013589
 382338.71211479 628706.95086259 134182.33140251  62010.89303987
 535549.44752351 722535.71899562 238740.59156279 370292.22588752
  76280.31922009 142814.4760229   89842.7654325  559623.20556586
 206140.71459457  54035.05941564  89159.08632771 270152.02160047
 269533.60161078  52874.24062299 367227.40804088 208371.99320827
 146820.64384524]","[ 61211.3492769  713097.6505401  601955.59759353  32353.25013589
 382338.71211479 628706.95086259 134182.33140251  62010.89303987
 535549.44752351 722535.71899562 238740.59156279 370292.22588752
  76280.31922009 142814.4760229   89842.7654325  559623.20556586
 206140.71459457  54035.05941564  89159.08632771 270152.02160047
 269533.60161078  52874.24062299 367227.40804088 208371.99320827
 146820.64384524]",280634.0101777405,225660.25172550252,208371.9932082689,89159.08632771287,382338.71211478923,32353.250135891896,722535.7189956229,30.077455156240013,5.61831675503649,31.927037000999917,0.00036221676005879997,5.9328812394821586e-05,[   1    2    3 ... 5997 5998 5999],"[4248385.55577284 3198812.94090173 2723515.40499902 ...  280634.01017774
  280634.01017774  280634.01017774]","[783145.34974281 636743.80729469 485513.88089688 ... 225660.2517255
 225660.2517255  225660.2517255 ]",[    50    100    150 ... 299900 299950 300000],"[4991338.4467237  4248385.55577284 3198812.94090173 ...  280634.01017774
  280634.01017774  280634.01017774]","[704083.08467582 783145.34974281 636743.80729469 ... 225660.2517255
 225660.2517255  225660.2517255 ]",1.3430176162719727,0.07034348955411114,1.3264741897583008,1.5926342010498047,1.2442842102050782,[0.54315789 0.31789474 0.57052632 ... 0.45473684 0.46947368 0.51789474],[0.30678688 0.21672881 0.23570879 ... 0.27173734 0.29261454 0.31199474],[1.09333333 0.78222222 1.21777778 ... 0.91555556 0.94222222 0.96888889],[0.75881649 0.65143084 0.57777778 ... 0.49408018 0.52226162 0.64431672],[0.67555556 1.16444444 0.77333333 ... 1.07555556 1.04       0.94222222],[0.67427754 0.55659163 0.66083872 ... 0.63401523 0.61101009 0.70354774],[   100    150    200 ... 299900 299950 300000],[0.54315789 0.31789474 0.57052632 ... 0.45473684 0.46947368 0.51789474],[0.30678688 0.21672881 0.23570879 ... 0.27173734 0.29261454 0.31199474],[1.09333333 0.78222222 1.21777778 ... 0.91555556 0.94222222 0.96888889],[0.75881649 0.65143084 0.57777778 ... 0.49408018 0.52226162 0.64431672],[0.67555556 1.16444444 0.77333333 ... 1.07555556 1.04       0.94222222],[0.67427754 0.55659163 0.66083872 ... 0.63401523 0.61101009 0.70354774]
F7_LunacekBiRastr,30,PSO,function_evaluations,300000,,300000,25,25,5999.0,0.0,5999,5999,300000.0,0.0,300000,300000,"[374.74038306 291.69581892 352.04065816 267.27797982 269.3263774
 223.1462458  388.06161503 283.89549849 412.33652437 274.28422597
 327.303828   354.61297147 239.0236196  223.84980501 266.83626332
 392.85580003 390.82632403 425.03452285 385.20584248 299.40230561
 250.01324492 302.7744291  274.27110915 403.85652905 370.76792887]","[374.74038306 291.69581892 352.04065816 267.27797982 269.3263774
 223.1462458  388.06161503 283.89549849 412.33652437 274.28422597
 327.303828   354.61297147 239.0236196  223.84980501 266.83626332
 392.85580003 390.82632403 425.03452285 385.20584248 299.40230561
 250.01324492 302.7744291  274.27110915 403.85652905 370.76792887]",321.7375940203329,64.17310334985433,302.77442909993465,269.32637739538234,385.2058424752595,223.14624579766382,425.0345228491194,62.35300394012002,10.995337073499773,66.48390808299973,0.0002086530000269704,3.531490896902793e-05,[   1    2    3 ... 5997 5998 5999],"[984.68959037 830.97196386 792.44485728 ... 321.73759402 321.73759402
 321.73759402]","[101.05343858  65.78245591  65.11825825 ...  64.17310335  64.17310335
  64.17310335]",[    50    100    150 ... 299900 299950 300000],"[1234.22321184  984.68959037  830.97196386 ...  321.73759402  321.73759402
  321.73759402]","[ 84.49788047 101.05343858  65.78245591 ...  64.17310335  64.17310335
  64.17310335]",0.8076953887939453,0.005821270211343171,0.8066730499267578,0.8212375640869141,0.7134262084960937,[0.8 0.8 0.8 ... 0.8 0.8 0.8],"[2.26623326e-16 2.26623326e-16 2.26623326e-16 ... 2.26623326e-16
 2.26623326e-16 2.26623326e-16]",[2. 2. 2. ... 2. 2. 2.],[0. 0. 0. ... 0. 0. 0.],[2. 2. 2. ... 2. 2. 2.],[0. 0. 0. ... 0. 0. 0.],[   100    150    200 ... 299900 299950 300000],[0.8 0.8 0.8 ... 0.8 0.8 0.8],"[2.26623326e-16 2.26623326e-16 2.26623326e-16 ... 2.26623326e-16
 2.26623326e-16 2.26623326e-16]",[2. 2. 2. ... 2. 2. 2.],[0. 0. 0. ... 0. 0. 0.],[2. 2. 2. ... 2. 2. 2.],[0. 0. 0. ... 0. 0. 0.]
F7_LunacekBiRastr,30,PSOLVIW,function_evaluations,300000,,300000,25,25,5999.0,0.0,5999,5999,300000.0,0.0,300000,300000,"[220.         120.         276.         120.         126.
 122.         134.         168.         164.          92.
  92.         174.         136.         110.         154.
 142.         150.         217.05278076 230.         100.18624182
 166.         118.         118.         126.         104.        ]","[220.         120.         276.         120.         126.
 122.         134.         168.         164.          92.
  92.         174.         136.         110.         154.
 142.         150.         217.05278076 230.         100.18624182
 166.         118.         118.         126.         104.        ]",147.16956090320755,46.57663992179493,134.0,118.0,166.0,92.0,276.0,61.080742159440035,12.085046211229244,64.79721961099995,0.00023566972002299734,2.9494391889861944e-05,[   1    2    3 ... 5997 5998 5999],"[984.68959037 848.02472515 796.16490757 ... 147.1695609  147.1695609
 147.1695609 ]","[101.05343858  66.67784667  68.49376095 ...  46.57663992  46.57663992
  46.57663992]",[    50    100    150 ... 299900 299950 300000],"[1234.22321184  984.68959037  848.02472515 ...  147.1695609   147.1695609
  147.1695609 ]","[ 84.49788047 101.05343858  66.67784667 ...  46.57663992  46.57663992
  46.57663992]",1.0268126678466798,0.0319434047038659,1.0188846588134766,1.0983867645263672,0.9316328430175781,[0.9        0.89991664 0.89983328 ... 0.40016672 0.40008336 0.4       ],"[3.39934989e-16 0.00000000e+00 0.00000000e+00 ... 5.66558315e-17
 1.69967494e-16 1.13311663e-16]",[2. 2. 2. ... 2. 2. 2.],[0. 0. 0. ... 0. 0. 0.],[2. 2. 2. ... 2. 2. 2.],[0. 0. 0. ... 0. 0. 0.],[   100    150    200 ... 299900 299950 300000],[0.9        0.89991664 0.89983328 ... 0.40016672 0.40008336 0.4       ],"[3.39934989e-16 0.00000000e+00 0.00000000e+00 ... 5.66558315e-17
 1.69967494e-16 1.13311663e-16]",[2. 2. 2. ... 2. 2. 2.],[0. 0. 0. ... 0. 0. 0.],[2. 2. 2. ... 2. 2. 2.],[0. 0. 0. ... 0. 0. 0.]
F7_LunacekBiRastr,30,PSOTVAC,function_evaluations,300000,,300000,25,25,5999.0,0.0,5999,5999,300000.0,0.0,300000,300000,"[130. 158. 110. 174. 186. 104. 170. 122. 170. 112. 128. 202. 126. 118.
 124. 178. 120. 120. 102. 166. 166. 178. 188. 122. 104.]","[130. 158. 110. 174. 186. 104. 170. 122. 170. 112. 128. 202. 126. 118.
 124. 178. 120. 120. 102. 166. 166. 178. 188. 122. 104.]",143.12,31.549326458737593,128.0,120.0,170.0,102.0,202.0,60.98162417383999,12.250323147706137,65.15793450399997,0.00021568603995547164,3.184235476925974e-05,[   1    2    3 ... 5997 5998 5999],"[1053.39118333  866.03730771  796.11360393 ...  143.12        143.12
  143.12      ]","[ 79.62426598 107.02771832  87.62175377 ...  31.54932646  31.54932646
  31.54932646]",[    50    100    150 ... 299900 299950 300000],"[1234.22321184 1053.39118333  866.03730771 ...  143.12        143.12
  143.12      ]","[ 84.49788047  79.62426598 107.02771832 ...  31.54932646  31.54932646
  31.54932646]",1.2595554351806642,0.019215052147343672,1.2566547393798828,1.3178386688232422,1.1649160766601563,[0.9        0.89991664 0.89983328 ... 0.40016672 0.40008336 0.4       ],"[3.39934989e-16 0.00000000e+00 0.00000000e+00 ... 5.66558315e-17
 1.69967494e-16 1.13311663e-16]",[2.5        2.49966656 2.49933311 ... 0.50066689 0.50033344 0.5       ],"[0.00000000e+00 9.06493304e-16 1.35973996e-15 ... 1.13311663e-16
 3.39934989e-16 0.00000000e+00]",[0.5        0.50033344 0.50066689 ... 2.49933311 2.49966656 2.5       ],"[0.00000000e+00 3.39934989e-16 0.00000000e+00 ... 1.35973996e-15
 9.06493304e-16 0.00000000e+00]",[   100    150    200 ... 299900 299950 300000],[0.9        0.89991664 0.89983328 ... 0.40016672 0.40008336 0.4       ],"[3.39934989e-16 0.00000000e+00 0.00000000e+00 ... 5.66558315e-17
 1.69967494e-16 1.13311663e-16]",[2.5        2.49966656 2.49933311 ... 0.50066689 0.50033344 0.5       ],"[0.00000000e+00 9.06493304e-16 1.35973996e-15 ... 1.13311663e-16
 3.39934989e-16 0.00000000e+00]",[0.5        0.50033344 0.50066689 ... 2.49933311 2.49966656 2.5       ],"[0.00000000e+00 3.39934989e-16 0.00000000e+00 ... 1.35973996e-15
 9.06493304e-16 0.00000000e+00]"
F7_LunacekBiRastr,30,APSOVI,function_evaluations,300000,,300000,25,25,5999.0,0.0,5999,5999,300000.0,0.0,300000,300000,"[184.5        192.         140.00000897 199.01037893 118.39971955
 266.5        170.         129.63284734 246.         148.
 130.         237.28825256 268.46117043 282.         280.5
 228.         190.         268.5        255.86658061 256.50029132
 218.5        150.         138.         194.5        152.        ]","[184.5        192.         140.00000897 199.01037893 118.39971955
 266.5        170.         129.63284734 246.         148.
 130.         237.28825256 268.46117043 282.         280.5
 228.         190.         268.5        255.86658061 256.50029132
 218.5        150.         138.         194.5        152.        ]",201.76636998792063,54.26452264407117,194.5,150.0,255.8665806072628,118.39971954534337,282.0,61.50086323600002,12.777200690315896,65.59909054799982,0.0002230802399753884,3.480403953072945e-05,[   1    2    3 ... 5997 5998 5999],"[994.17223292 874.25469232 846.53158312 ... 201.77106044 201.76900824
 201.76636999]","[93.83475141 80.74822343 81.414064   ... 54.26430281 54.26439456
 54.26452264]",[    50    100    150 ... 299900 299950 300000],"[1234.22321184  994.17223292  874.25469232 ...  201.77106044  201.76900824
  201.76636999]","[84.49788047 93.83475141 80.74822343 ... 54.26430281 54.26439456
 54.26452264]",1.0433003997802734,0.09044692629894949,1.0106220245361328,1.2431621551513672,0.9453218078613281,[0.9 0.9 0.9 ... 0.3 0.3 0.3],"[3.39934989e-16 3.39934989e-16 3.39934989e-16 ... 1.13311663e-16
 1.13311663e-16 1.13311663e-16]",[1.49618 1.49618 1.49618 ... 1.49618 1.49618 1.49618],"[2.26623326e-16 2.26623326e-16 2.26623326e-16 ... 2.26623326e-16
 2.26623326e-16 2.26623326e-16]",[1.49618 1.49618 1.49618 ... 1.49618 1.49618 1.49618],"[2.26623326e-16 2.26623326e-16 2.26623326e-16 ... 2.26623326e-16
 2.26623326e-16 2.26623326e-16]",[   100    150    200 ... 299900 299950 300000],[0.9 0.9 0.9 ... 0.3 0.3 0.3],"[3.39934989e-16 3.39934989e-16 3.39934989e-16 ... 1.13311663e-16
 1.13311663e-16 1.13311663e-16]",[1.49618 1.49618 1.49618 ... 1.49618 1.49618 1.49618],"[2.26623326e-16 2.26623326e-16 2.26623326e-16 ... 2.26623326e-16
 2.26623326e-16 2.26623326e-16]",[1.49618 1.49618 1.49618 ... 1.49618 1.49618 1.49618],"[2.26623326e-16 2.26623326e-16 2.26623326e-16 ... 2.26623326e-16
 2.26623326e-16 2.26623326e-16]"
F7_LunacekBiRastr,30,APSO,function_evaluations,300000,,300000,25,25,5886.68,16.239663379105696,5881,5954,300000.0,0.0,300000,300000,"[238. 178. 148. 186. 198. 140. 178. 328. 278. 104.  90. 132. 170. 204.
 182. 230. 176. 182. 124. 270. 194. 192. 162. 218. 250.]","[238. 178. 148. 186. 198. 140. 178. 328. 278. 104.  90. 132. 170. 204.
 182. 230. 176. 182. 124. 270. 194. 192. 162. 218. 250.]",190.08,55.131600133982445,182.0,162.0,218.0,90.0,328.0,67.12216643712007,12.719323197207196,70.77155590300026,0.00029695455996261446,0.0003488192072794944,[   1    2    3 ... 5879 5880 5881],"[995.95649595 852.19181308 795.8095704  ... 190.08       190.08
 190.08      ]","[72.15553779 77.95582861 77.13691124 ... 55.13160013 55.13160013
 55.13160013]",[    50    100    150 ... 299900 299950 300000],"[1234.22321184  995.95649595  854.03882444 ...  190.08        190.08
  190.08      ]","[84.49788047 72.15553779 80.73387217 ... 55.13160013 55.13160013
 55.13160013]",2.5805408477783205,0.029947656290857258,2.572345733642578,2.678150177001953,1.339244155883789,[0.61102608 0.62581957 0.58107248 ... 0.4        0.40000004 0.40000002],"[1.44971022e-01 1.32333223e-01 1.19781612e-01 ... 1.25370459e-09
 1.59791695e-07 9.73877793e-08]",[2.04189938 2.0728062  2.09894493 ... 1.99999553 1.9999956  1.9999957 ],"[3.42680421e-02 5.68754807e-02 7.13638245e-02 ... 2.22895105e-05
 2.19508981e-05 2.14168379e-05]",[1.95810062 1.9271938  1.90105507 ... 2.00000447 2.0000044  2.0000043 ],"[3.42680421e-02 5.68754807e-02 7.13638245e-02 ... 2.22895105e-05
 2.19508981e-05 2.14168379e-05]",[   101    151    201 ... 299901 299951 299952],[0.61102608 0.61495689 0.59486222 ... 0.4        0.40000004 0.40000004],"[1.44971022e-01 1.43830384e-01 1.22230939e-01 ... 1.33117969e-08
 1.59831118e-07 1.59940079e-07]",[2.04189938 2.0728062  2.097851   ... 1.9999956  1.9999957  1.9999957 ],"[3.42680421e-02 5.68754807e-02 7.27637563e-02 ... 2.19508591e-05
 2.14168015e-05 2.14168015e-05]",[1.95810062 1.9271938  1.902149   ... 2.0000044  2.0000043  2.0000043 ],"[3.42680421e-02 5.68754807e-02 7.27637563e-02 ... 2.19508591e-05
 2.14168015e-05 2.14168015e-05]"
F7_LunacekBiRastr,30,UAPSO,function_evaluations,300000,,300000,25,25,5999.0,0.0,5999,5999,300000.0,0.0,300000,300000,"[328.5        306.         314.5        403.         363.50007939
 444.         182.         222.         330.         178.
 360.5        236.00004716 400.5        338.5        274.
 483.5        236.24565962 354.         334.5        334.
 372.         366.         244.         344.5        310.5       ]","[328.5        306.         314.5        403.         363.50007939
 444.         182.         222.         330.         178.
 360.5        236.00004716 400.5        338.5        274.
 483.5        236.24565962 354.         334.5        334.
 372.         366.         244.         344.5        310.5       ]",322.40983144717165,75.67835069265686,334.0,274.0,363.50007939220814,178.0,483.5,63.82825982160001,12.148214538563318,68.15666118699983,0.00033769720004784177,6.976913058724963e-05,[   1    2    3 ... 5997 5998 5999],"[1114.21547304  924.82688311  832.16344308 ...  322.40983145  322.40983145
  322.40983145]","[119.73329888 109.14062034  91.72438747 ...  75.67835069  75.67835069
  75.67835069]",[    50    100    150 ... 299900 299950 300000],"[1234.22321184 1114.21547304  924.82688311 ...  322.40983145  322.40983145
  322.40983145]","[ 84.49788047 119.73329888 109.14062034 ...  75.67835069  75.67835069
  75.67835069]",1.2494520950317383,0.07786435724698759,1.2199106216430664,1.559617042541504,1.1529314422607422,[0.54315789 0.31789474 0.57052632 ... 0.44842105 0.45684211 0.51368421],[0.30678688 0.21672881 0.23570879 ... 0.26885071 0.28856316 0.31295512],[1.09333333 0.78222222 1.21777778 ... 0.90666667 0.94222222 0.96888889],[0.75881649 0.65143084 0.57777778 ... 0.47971185 0.52226162 0.64431672],[0.67555556 1.16444444 0.77333333 ... 1.07555556 1.04888889 0.94222222],[0.67427754 0.55659163 0.66083872 ... 0.63401523 0.60355599 0.72373062],[   100    150    200 ... 299900 299950 300000],[0.54315789 0.31789474 0.57052632 ... 0.44842105 0.45684211 0.51368421],[0.30678688 0.21672881 0.23570879 ... 0.26885071 0.28856316 0.31295512],[1.09333333 0.78222222 1.21777778 ... 0.90666667 0.94222222 0.96888889],[0.75881649 0.65143084 0.57777778 ... 0.47971185 0.52226162 0.64431672],[0.67555556 1.16444444 0.77333333 ... 1.07555556 1.04888889 0.94222222],[0.67427754 0.55659163 0.66083872 ... 0.63401523 0.60355599 0.72373062]
F9_Levy,30,PSO,function_evaluations,300000,,300000,25,25,5999.0,0.0,5999,5999,300000.0,0.0,300000,300000,"[5775.97395285 4971.92253904 5940.94553592 5490.76024588 5303.4220418
 5517.36277194 4872.51142461 5623.32196568 5628.63494154 5413.58513567
 6197.26448253 5762.99745333 5560.44557326 5944.99599925 4879.85152483
 4411.4861815  5949.70014878 4646.78161938 4673.16130743 5828.82413111
 5915.8709079  4796.08760707 6385.14690903 5650.33618784 5600.83762984]","[5775.97395285 4971.92253904 5940.94553592 5490.76024588 5303.4220418
 5517.36277194 4872.51142461 5623.32196568 5628.63494154 5413.58513567
 6197.26448253 5762.99745333 5560.44557326 5944.99599925 4879.85152483
 4411.4861815  5949.70014878 4646.78161938 4673.16130743 5828.82413111
 5915.8709079  4796.08760707 6385.14690903 5650.33618784 5600.83762984]",5469.689128720718,521.6818941028669,5600.837629835492,4971.92253904341,5828.824131113116,4411.486181499957,6385.146909033167,66.13303703384003,11.010373286388445,71.59575611599985,0.00021329144003175314,3.271071505022147e-05,[   1    2    3 ... 5997 5998 5999],"[9002.68775553 8876.32247001 8676.40077261 ... 5469.68912872 5469.68912872
 5469.68912872]","[587.44033307 500.32436211 384.90841919 ... 521.6818941  521.6818941
 521.6818941 ]",[    50    100    150 ... 299900 299950 300000],"[9341.31426134 9002.68775553 8876.32247001 ... 5469.68912872 5469.68912872
 5469.68912872]","[612.66290444 587.44033307 500.32436211 ... 521.6818941  521.6818941
 521.6818941 ]",0.8064871978759766,0.006636034352305951,0.8041095733642578,0.8205890655517578,0.71212158203125,[0.8 0.8 0.8 ... 0.8 0.8 0.8],"[2.26623326e-16 2.26623326e-16 2.26623326e-16 ... 2.26623326e-16
 2.26623326e-16 2.26623326e-16]",[2. 2. 2. ... 2. 2. 2.],[0. 0. 0. ... 0. 0. 0.],[2. 2. 2. ... 2. 2. 2.],[0. 0. 0. ... 0. 0. 0.],[   100    150    200 ... 299900 299950 300000],[0.8 0.8 0.8 ... 0.8 0.8 0.8],"[2.26623326e-16 2.26623326e-16 2.26623326e-16 ... 2.26623326e-16
 2.26623326e-16 2.26623326e-16]",[2. 2. 2. ... 2. 2. 2.],[0. 0. 0. ... 0. 0. 0.],[2. 2. 2. ... 2. 2. 2.],[0. 0. 0. ... 0. 0. 0.]
F9_Levy,30,PSOLVIW,function_evaluations,300000,,300000,25,25,5999.0,0.0,5999,5999,300000.0,0.0,300000,300000,"[3398.43461913 2125.13738399 2478.01982641 2400.07934185 2165.08208168
 2578.5287281  1824.5600923  1692.11447218 2377.77983829 2331.07468983
 1891.71717139 2076.60895437 2302.61972885 3371.03864216 2175.53648407
 1603.04720869 2374.5317011  2319.30382087 2089.68041305 2992.07259672
 1625.59298007 2004.2521643  2878.90960611 2701.48825467 2251.31616452]","[3398.43461913 2125.13738399 2478.01982641 2400.07934185 2165.08208168
 2578.5287281  1824.5600923  1692.11447218 2377.77983829 2331.07468983
 1891.71717139 2076.60895437 2302.61972885 3371.03864216 2175.53648407
 1603.04720869 2374.5317011  2319.30382087 2089.68041305 2992.07259672
 1625.59298007 2004.2521643  2878.90960611 2701.48825467 2251.31616452]",2321.141078588218,474.39057081127515,2302.619728853497,2076.6089543703383,2478.0198264093306,1603.047208692018,3398.4346191280165,66.31680233400002,12.250241631425178,68.50138084799983,0.00021074879998195684,3.1949430177016406e-05,[   1    2    3 ... 5997 5998 5999],"[9002.68775553 8903.19930872 8817.44386571 ... 2321.14122209 2321.14121854
 2321.14107859]","[587.44033307 515.39170462 522.11267505 ... 474.39057395 474.39057388
 474.39057081]",[    50    100    150 ... 299900 299950 300000],"[9341.31426134 9002.68775553 8903.19930872 ... 2321.14122209 2321.14121854
 2321.14107859]","[612.66290444 587.44033307 515.39170462 ... 474.39057395 474.39057388
 474.39057081]",1.031836624145508,0.015082384510885574,1.033823013305664,1.0736713409423828,0.93676025390625,[0.9        0.89991664 0.89983328 ... 0.40016672 0.40008336 0.4       ],"[3.39934989e-16 0.00000000e+00 0.00000000e+00 ... 5.66558315e-17
 1.69967494e-16 1.13311663e-16]",[2. 2. 2. ... 2. 2. 2.],[0. 0. 0. ... 0. 0. 0.],[2. 2. 2. ... 2. 2. 2.],[0. 0. 0. ... 0. 0. 0.],[   100    150    200 ... 299900 299950 300000],[0.9        0.89991664 0.89983328 ... 0.40016672 0.40008336 0.4       ],"[3.39934989e-16 0.00000000e+00 0.00000000e+00 ... 5.66558315e-17
 1.69967494e-16 1.13311663e-16]",[2. 2. 2. ... 2. 2. 2.],[0. 0. 0. ... 0. 0. 0.],[2. 2. 2. ... 2. 2. 2.],[0. 0. 0. ... 0. 0. 0.]
F9_Levy,30,PSOTVAC,function_evaluations,300000,,300000,25,25,5999.0,0.0,5999,5999,300000.0,0.0,300000,300000,"[2646.27391613 1980.71440302 2835.79617036 2226.24681896 2005.17128577
 2925.76239748 1770.73873803 4211.97034005 2254.97362164 3190.49509242
 1868.18959763 2719.28186612 2464.81167663 2642.98352578 1821.24957806
 2321.85837792 3203.94106979 2078.19671907 2247.68340771 1936.23646682
 2726.12678497 2546.06588196 1754.06151155 2831.04363757 2658.08204857]","[2646.27391613 1980.71440302 2835.79617036 2226.24681896 2005.17128577
 2925.76239748 1770.73873803 4211.97034005 2254.97362164 3190.49509242
 1868.18959763 2719.28186612 2464.81167663 2642.98352578 1821.24957806
 2321.85837792 3203.94106979 2078.19671907 2247.68340771 1936.23646682
 2726.12678497 2546.06588196 1754.06151155 2831.04363757 2658.08204857]",2474.718197360398,564.541871583356,2464.8116766342973,2005.1712857684633,2726.126784966369,1754.0615115477958,4211.970340048989,66.55977731203998,11.34093735900933,70.54046647699988,0.00021961243999612634,2.883538356854164e-05,[   1    2    3 ... 5997 5998 5999],"[9098.59152668 8858.65995598 8838.74609188 ... 2474.71819737 2474.71819737
 2474.71819736]","[520.60856093 523.09831533 502.96428355 ... 564.54187159 564.54187159
 564.54187158]",[    50    100    150 ... 299900 299950 300000],"[9341.31426134 9098.59152668 8858.65995598 ... 2474.71819737 2474.71819737
 2474.71819736]","[612.66290444 520.60856093 523.09831533 ... 564.54187159 564.54187159
 564.54187158]",1.4290082550048828,0.11119504264803354,1.3807010650634766,1.701089859008789,1.322119140625,[0.9        0.89991664 0.89983328 ... 0.40016672 0.40008336 0.4       ],"[3.39934989e-16 0.00000000e+00 0.00000000e+00 ... 5.66558315e-17
 1.69967494e-16 1.13311663e-16]",[2.5        2.49966656 2.49933311 ... 0.50066689 0.50033344 0.5       ],"[0.00000000e+00 9.06493304e-16 1.35973996e-15 ... 1.13311663e-16
 3.39934989e-16 0.00000000e+00]",[0.5        0.50033344 0.50066689 ... 2.49933311 2.49966656 2.5       ],"[0.00000000e+00 3.39934989e-16 0.00000000e+00 ... 1.35973996e-15
 9.06493304e-16 0.00000000e+00]",[   100    150    200 ... 299900 299950 300000],[0.9        0.89991664 0.89983328 ... 0.40016672 0.40008336 0.4       ],"[3.39934989e-16 0.00000000e+00 0.00000000e+00 ... 5.66558315e-17
 1.69967494e-16 1.13311663e-16]",[2.5        2.49966656 2.49933311 ... 0.50066689 0.50033344 0.5       ],"[0.00000000e+00 9.06493304e-16 1.35973996e-15 ... 1.13311663e-16
 3.39934989e-16 0.00000000e+00]",[0.5        0.50033344 0.50066689 ... 2.49933311 2.49966656 2.5       ],"[0.00000000e+00 3.39934989e-16 0.00000000e+00 ... 1.35973996e-15
 9.06493304e-16 0.00000000e+00]"
F9_Levy,30,APSOVI,function_evaluations,300000,,300000,25,25,5999.0,0.0,5999,5999,300000.0,0.0,300000,300000,"[1788.28974714 3232.89306439 4201.88419506 1950.88625298 3191.52838495
 2236.69367605 1511.73672161 2975.09692032 3244.44730623 2789.1278847
 2602.67569206 2132.81726687 3272.45010673 3802.10211456 2794.76909279
 2905.27213569 3765.28534058 2375.06827532 3136.05831336 2382.68968706
 2363.12136845 3577.49447111 3547.45540739 2672.38455877 3337.29296068]","[1788.28974714 3232.89306439 4201.88419506 1950.88625298 3191.52838495
 2236.69367605 1511.73672161 2975.09692032 3244.44730623 2789.1278847
 2602.67569206 2132.81726687 3272.45010673 3802.10211456 2794.76909279
 2905.27213569 3765.28534058 2375.06827532 3136.05831336 2382.68968706
 2363.12136845 3577.49447111 3547.45540739 2672.38455877 3337.29296068]",2871.5808377943154,674.1882730521278,2905.272135688603,2375.0682753201054,3272.450106733566,1511.7367216136154,4201.884195063971,67.93603868856,12.728380611074464,72.4983089719999,0.00022408375998566042,3.598797946726193e-05,[   1    2    3 ... 5997 5998 5999],"[9064.65277798 8912.7684194  8772.1621078  ... 2871.58225422 2871.58148763
 2871.58083779]","[574.81857851 454.85970674 511.93598438 ... 674.19076972 674.18938621
 674.18827305]",[    50    100    150 ... 299900 299950 300000],"[9341.31426134 9064.65277798 8912.7684194  ... 2871.58225422 2871.58148763
 2871.58083779]","[612.66290444 574.81857851 454.85970674 ... 674.19076972 674.18938621
 674.18827305]",1.204219741821289,0.09642287239148617,1.2209491729736328,1.3503055572509766,1.08881591796875,[0.9 0.9 0.9 ... 0.3 0.3 0.3],"[3.39934989e-16 3.39934989e-16 3.39934989e-16 ... 1.13311663e-16
 1.13311663e-16 1.13311663e-16]",[1.49618 1.49618 1.49618 ... 1.49618 1.49618 1.49618],"[2.26623326e-16 2.26623326e-16 2.26623326e-16 ... 2.26623326e-16
 2.26623326e-16 2.26623326e-16]",[1.49618 1.49618 1.49618 ... 1.49618 1.49618 1.49618],"[2.26623326e-16 2.26623326e-16 2.26623326e-16 ... 2.26623326e-16
 2.26623326e-16 2.26623326e-16]",[   100    150    200 ... 299900 299950 300000],[0.9 0.9 0.9 ... 0.3 0.3 0.3],"[3.39934989e-16 3.39934989e-16 3.39934989e-16 ... 1.13311663e-16
 1.13311663e-16 1.13311663e-16]",[1.49618 1.49618 1.49618 ... 1.49618 1.49618 1.49618],"[2.26623326e-16 2.26623326e-16 2.26623326e-16 ... 2.26623326e-16
 2.26623326e-16 2.26623326e-16]",[1.49618 1.49618 1.49618 ... 1.49618 1.49618 1.49618],"[2.26623326e-16 2.26623326e-16 2.26623326e-16 ... 2.26623326e-16
 2.26623326e-16 2.26623326e-16]"
F9_Levy,30,APSO,function_evaluations,300000,,300000,25,25,5898.64,39.40693678360025,5881,5996,300000.0,0.0,300000,300000,"[2425.14738658 3616.13068243 2273.10501634 3266.53432171 2407.65541959
 2906.75162713 2939.08595773 3432.79972811 3153.85442916 1868.67377468
 3934.80451374 2507.4016843  1459.67673664 2710.23251741 2449.62345555
 3487.09526643 2362.71514457 3223.05851982 2948.91322058 3798.91504963
 2434.23673502 1979.89357605 2675.66342642 2392.19902657 1862.13824028]","[2425.14738658 3616.13068243 2273.10501634 3266.53432171 2407.65541959
 2906.75162713 2939.08595773 3432.79972811 3153.85442916 1868.67377468
 3934.80451374 2507.4016843  1459.67673664 2710.23251741 2449.62345555
 3487.09526643 2362.71514457 3223.05851982 2948.91322058 3798.91504963
 2434.23673502 1979.89357605 2675.66342642 2392.19902657 1862.13824028]",2740.652218258778,639.7324959203842,2675.6634264231634,2392.1990265685854,3223.058519818411,1459.6767366437507,3934.804513743924,71.17746101351997,12.47319978089949,74.57903965500009,0.00022116860003734473,4.248303468746601e-05,[   1    2    3 ... 5879 5880 5881],"[9017.16115891 8909.63361269 8789.0344607  ... 2740.65234091 2740.65233155
 2740.65233153]","[571.07762074 519.39920548 480.2666359  ... 639.73257286 639.73257996
 639.73257995]",[    50    100    150 ... 299900 299950 300000],"[9341.31426134 9017.16115891 8909.63361269 ... 2740.65233109 2740.65226629
 2740.65221826]","[612.66290444 571.07762074 519.39920548 ... 639.73257981 639.73252892
 639.73249592]",2.700406036376953,0.0653317453990983,2.7061872482299805,2.8076648712158203,1.457569580078125,[0.66026872 0.64688268 0.49122905 ... 0.45917947 0.4642061  0.46623522],[0.12375272 0.12543783 0.11699051 ... 0.13879914 0.15109843 0.15547705],[2.05129769 2.08301515 2.09728405 ... 2.08008    2.07752651 2.07162365],[0.03303704 0.06819174 0.07894107 ... 0.18704766 0.18143111 0.16891792],[1.94870231 1.91698485 1.90271595 ... 1.91992    1.92247349 1.92837635],[0.03303704 0.06819174 0.07894107 ... 0.18704766 0.18143111 0.16891792],[   101    151    201 ... 299901 299951 299954],[0.66026872 0.64901356 0.5057561  ... 0.45827882 0.46418518 0.46418519],[0.12375272 0.12070357 0.1185739  ... 0.13648123 0.1513449  0.1513449 ],[2.05129769 2.08301515 2.09735417 ... 2.07652506 2.07282939 2.07282939],[0.03303704 0.06819174 0.07888129 ... 0.17942687 0.17308874 0.17308874],[1.94870231 1.91698485 1.90264583 ... 1.92347494 1.92717061 1.92717061],[0.03303704 0.06819174 0.07888129 ... 0.17942687 0.17308874 0.17308874]
F9_Levy,30,UAPSO,function_evaluations,300000,,300000,25,25,5999.0,0.0,5999,5999,300000.0,0.0,300000,300000,"[4512.15564584 4489.42982905 5574.29894878 3132.27472709 3925.44168851
 4601.71243964 4664.31994937 3034.35153369 3815.08449748 3248.01776718
 4680.9520227  3894.42939454 3125.90703086 4563.64261507 3903.11199511
 3833.33915595 3652.83376056 3777.4201143  3928.31008648 3677.48738367
 4038.56823217 2425.30667001 4238.7515751  4283.10265436 3254.0477416 ]","[4512.15564584 4489.42982905 5574.29894878 3132.27472709 3925.44168851
 4601.71243964 4664.31994937 3034.35153369 3815.08449748 3248.01776718
 4680.9520227  3894.42939454 3125.90703086 4563.64261507 3903.11199511
 3833.33915595 3652.83376056 3777.4201143  3928.31008648 3677.48738367
 4038.56823217 2425.30667001 4238.7515751  4283.10265436 3254.0477416 ]",3930.971898365012,677.0914935655796,3903.111995111938,3652.8337605593297,4489.429829049242,2425.3066700142826,5574.298948784052,69.8092945133999,12.524544707082601,75.31486163799946,0.00035146128000633324,5.165633419469552e-05,[   1    2    3 ... 5997 5998 5999],"[9112.31560274 8925.20571393 8777.4723697  ... 3930.97189837 3930.97189837
 3930.97189837]","[542.4630546  529.87707984 518.51142487 ... 677.09149357 677.09149357
 677.09149357]",[    50    100    150 ... 299900 299950 300000],"[9341.31426134 9112.31560274 8925.20571393 ... 3930.97189837 3930.97189837
 3930.97189837]","[612.66290444 542.4630546  529.87707984 ... 677.09149357 677.09149357
 677.09149357]",1.4228662109375,0.11975757905592171,1.3989601135253906,1.6856231689453125,1.3147590255737305,[0.54315789 0.31789474 0.57052632 ... 0.44842105 0.45684211 0.50736842],[0.30678688 0.21672881 0.23570879 ... 0.2764703  0.29645489 0.31428002],[1.09333333 0.77333333 1.22666667 ... 0.89777778 0.92444444 0.96      ],[0.75881649 0.6450827  0.57061082 ... 0.4905695  0.51989236 0.63414503],[0.67555556 1.16444444 0.77333333 ... 1.07555556 1.03111111 0.94222222],[0.67427754 0.55659163 0.66083872 ... 0.63401523 0.61490405 0.70354774],[   100    150    200 ... 299900 299950 300000],[0.54315789 0.31789474 0.57052632 ... 0.44842105 0.45684211 0.50736842],[0.30678688 0.21672881 0.23570879 ... 0.2764703  0.29645489 0.31428002],[1.09333333 0.77333333 1.22666667 ... 0.89777778 0.92444444 0.96      ],[0.75881649 0.6450827  0.57061082 ... 0.4905695  0.51989236 0.63414503],[0.67555556 1.16444444 0.77333333 ... 1.07555556 1.03111111 0.94222222],[0.67427754 0.55659163 0.66083872 ... 0.63401523 0.61490405 0.70354774]
F10_Schwefel,30,PSO,function_evaluations,300000,,300000,25,25,5999.0,0.0,5999,5999,300000.0,0.0,300000,300000,"[156085.9811651  161138.19677003 321968.56016971 155151.45298986
 226872.78510004 138097.52183217 134245.20984981 150695.68350561
 280185.13397141 214978.64138598 320188.19685004 106350.23570307
 184021.31841857 218063.0711458  181698.13136582 230150.3570067
 138630.77467512 228212.00483911 103674.54573367 205029.94502091
 255775.18185664 141251.41973342 135109.46892393 194550.93510238
 104256.7707394 ]","[156085.9811651  161138.19677003 321968.56016971 155151.45298986
 226872.78510004 138097.52183217 134245.20984981 150695.68350561
 280185.13397141 214978.64138598 320188.19685004 106350.23570307
 184021.31841857 218063.0711458  181698.13136582 230150.3570067
 138630.77467512 228212.00483911 103674.54573367 205029.94502091
 255775.18185664 141251.41973342 135109.46892393 194550.93510238
 104256.7707394 ]",187455.26095417206,62326.89433448025,181698.13136582467,138630.77467511978,226872.78510003543,103674.54573366638,321968.5601697097,34.178395698040006,6.524436462483398,35.826201068000046,0.00021413583981484409,2.5300121092884426e-05,[   1    2    3 ... 5997 5998 5999],"[6.68203943e+09 2.83389837e+09 1.65473428e+09 ... 1.87461587e+05
 1.87456452e+05 1.87455261e+05]","[3.19452869e+09 1.55554829e+09 1.16130557e+09 ... 6.23276525e+04
 6.23270359e+04 6.23268943e+04]",[    50    100    150 ... 299900 299950 300000],"[2.29645565e+10 6.68203943e+09 2.83389837e+09 ... 1.87461587e+05
 1.87456452e+05 1.87455261e+05]","[1.14154173e+10 3.19452869e+09 1.55554829e+09 ... 6.23276525e+04
 6.23270359e+04 6.23268943e+04]",0.8241608428955078,0.01044868901653925,0.8231449127197266,0.8530673980712891,0.7296405029296875,[0.8 0.8 0.8 ... 0.8 0.8 0.8],"[2.26623326e-16 2.26623326e-16 2.26623326e-16 ... 2.26623326e-16
 2.26623326e-16 2.26623326e-16]",[2. 2. 2. ... 2. 2. 2.],[0. 0. 0. ... 0. 0. 0.],[2. 2. 2. ... 2. 2. 2.],[0. 0. 0. ... 0. 0. 0.],[   100    150    200 ... 299900 299950 300000],[0.8 0.8 0.8 ... 0.8 0.8 0.8],"[2.26623326e-16 2.26623326e-16 2.26623326e-16 ... 2.26623326e-16
 2.26623326e-16 2.26623326e-16]",[2. 2. 2. ... 2. 2. 2.],[0. 0. 0. ... 0. 0. 0.],[2. 2. 2. ... 2. 2. 2.],[0. 0. 0. ... 0. 0. 0.]
F10_Schwefel,30,PSOLVIW,function_evaluations,300000,,300000,25,25,5999.0,0.0,5999,5999,300000.0,0.0,300000,300000,"[193218.15223965 232435.91321078 183540.62549796  92383.55849804
  31582.38624974  44911.56750478  77783.96846557  60108.86036964
 209061.24302344 127869.13010827 206474.27966245  61563.2081562
 172225.37561103  25234.44023277 105829.06543205 127890.86220258
  64314.93582236 229794.65267661  40279.41982726  60015.61216222
 111112.12325007  20607.46832562  92934.69026135 169115.8125424
  59596.37060937]","[193218.15223965 232435.91321078 183540.62549796  92383.55849804
  31582.38624974  44911.56750478  77783.96846557  60108.86036964
 209061.24302344 127869.13010827 206474.27966245  61563.2081562
 172225.37561103  25234.44023277 105829.06543205 127890.86220258
  64314.93582236 229794.65267661  40279.41982726  60015.61216222
 111112.12325007  20607.46832562  92934.69026135 169115.8125424
  59596.37060937]",111995.34887768974,68539.57541279552,92934.69026135262,60015.612162222686,172225.37561103492,20607.46832561855,232435.91321078,35.19821960112007,6.771442518731581,36.926642882000124,0.00021723847992689117,2.5814714304071252e-05,[   1    2    3 ... 5997 5998 5999],"[6.68203943e+09 2.98870852e+09 1.88519273e+09 ... 1.11996506e+05
 1.11996047e+05 1.11995349e+05]","[3.19452869e+09 1.74095625e+09 1.27525542e+09 ... 6.85389390e+04
 6.85391906e+04 6.85395754e+04]",[    50    100    150 ... 299900 299950 300000],"[2.29645565e+10 6.68203943e+09 2.98870852e+09 ... 1.11996506e+05
 1.11996047e+05 1.11995349e+05]","[1.14154173e+10 3.19452869e+09 1.74095625e+09 ... 6.85389390e+04
 6.85391906e+04 6.85395754e+04]",1.1343427276611329,0.042592680197047414,1.1217288970947266,1.2262821197509766,1.0349560546875,[0.9        0.89991664 0.89983328 ... 0.40016672 0.40008336 0.4       ],"[3.39934989e-16 0.00000000e+00 0.00000000e+00 ... 5.66558315e-17
 1.69967494e-16 1.13311663e-16]",[2. 2. 2. ... 2. 2. 2.],[0. 0. 0. ... 0. 0. 0.],[2. 2. 2. ... 2. 2. 2.],[0. 0. 0. ... 0. 0. 0.],[   100    150    200 ... 299900 299950 300000],[0.9        0.89991664 0.89983328 ... 0.40016672 0.40008336 0.4       ],"[3.39934989e-16 0.00000000e+00 0.00000000e+00 ... 5.66558315e-17
 1.69967494e-16 1.13311663e-16]",[2. 2. 2. ... 2. 2. 2.],[0. 0. 0. ... 0. 0. 0.],[2. 2. 2. ... 2. 2. 2.],[0. 0. 0. ... 0. 0. 0.]
F10_Schwefel,30,PSOTVAC,function_evaluations,300000,,300000,25,25,5999.0,0.0,5999,5999,300000.0,0.0,300000,300000,"[ 5307.66985267 29349.95680993  4323.1994084   2970.38605138
  5426.03692821   397.15379493 32993.90133149 12107.01916655
  9633.99816318 48058.19951699  1079.58943393   619.57479422
 56241.06215044 36437.75777278 42372.6239028  31184.84213945
 10134.42964146 66708.28098626 80691.77171211 22909.15171119
 26777.28132128  2182.70259367   635.96587444  4900.58202327
 17855.72935229]","[ 5307.66985267 29349.95680993  4323.1994084   2970.38605138
  5426.03692821   397.15379493 32993.90133149 12107.01916655
  9633.99816318 48058.19951699  1079.58943393   619.57479422
 56241.06215044 36437.75777278 42372.6239028  31184.84213945
 10134.42964146 66708.28098626 80691.77171211 22909.15171119
 26777.28132128  2182.70259367   635.96587444  4900.58202327
 17855.72935229]",22051.954657333183,22676.204158983983,12107.019166549884,4323.199408404931,32993.901331492656,397.1537949340882,80691.77171211335,34.80754991608006,6.654919473902698,36.03630837899982,0.0002127326399931917,3.543109301759254e-05,[   1    2    3 ... 5997 5998 5999],"[1.27434239e+10 4.04844190e+09 2.04372891e+09 ... 2.20519993e+04
 2.20519803e+04 2.20519547e+04]","[5.97719623e+09 1.89853225e+09 1.32079304e+09 ... 2.26762083e+04
 2.26762063e+04 2.26762042e+04]",[    50    100    150 ... 299900 299950 300000],"[2.29645565e+10 1.27434239e+10 4.04844190e+09 ... 2.20519993e+04
 2.20519803e+04 2.20519547e+04]","[1.14154173e+10 5.97719623e+09 1.89853225e+09 ... 2.26762083e+04
 2.26762063e+04 2.26762042e+04]",2.1041385650634767,0.17568848574553447,2.1765689849853516,2.299623489379883,1.8843658447265625,[0.9        0.89991664 0.89983328 ... 0.40016672 0.40008336 0.4       ],"[3.39934989e-16 0.00000000e+00 0.00000000e+00 ... 5.66558315e-17
 1.69967494e-16 1.13311663e-16]",[2.5        2.49966656 2.49933311 ... 0.50066689 0.50033344 0.5       ],"[0.00000000e+00 9.06493304e-16 1.35973996e-15 ... 1.13311663e-16
 3.39934989e-16 0.00000000e+00]",[0.5        0.50033344 0.50066689 ... 2.49933311 2.49966656 2.5       ],"[0.00000000e+00 3.39934989e-16 0.00000000e+00 ... 1.35973996e-15
 9.06493304e-16 0.00000000e+00]",[   100    150    200 ... 299900 299950 300000],[0.9        0.89991664 0.89983328 ... 0.40016672 0.40008336 0.4       ],"[3.39934989e-16 0.00000000e+00 0.00000000e+00 ... 5.66558315e-17
 1.69967494e-16 1.13311663e-16]",[2.5        2.49966656 2.49933311 ... 0.50066689 0.50033344 0.5       ],"[0.00000000e+00 9.06493304e-16 1.35973996e-15 ... 1.13311663e-16
 3.39934989e-16 0.00000000e+00]",[0.5        0.50033344 0.50066689 ... 2.49933311 2.49966656 2.5       ],"[0.00000000e+00 3.39934989e-16 0.00000000e+00 ... 1.35973996e-15
 9.06493304e-16 0.00000000e+00]"
F10_Schwefel,30,APSOVI,function_evaluations,300000,,300000,25,25,5999.0,0.0,5999,5999,300000.0,0.0,300000,300000,"[ 87241.34921079   5206.79225387  54492.71450557  48676.50664226
 213974.2954631  161612.97185008  69663.55558743 101213.86557763
  94761.23064603  81669.2521773   86472.4531471   41875.44538269
   9576.35659961  24111.61776095 289865.646013    59040.92172035
 232712.10654497 276048.60183543  64880.18856167 180734.67995702
 122927.05736063  44700.31664062  43278.52751247  44880.45120423
  76768.69654515]","[ 87241.34921079   5206.79225387  54492.71450557  48676.50664226
 213974.2954631  161612.97185008  69663.55558743 101213.86557763
  94761.23064603  81669.2521773   86472.4531471   41875.44538269
   9576.35659961  24111.61776095 289865.646013    59040.92172035
 232712.10654497 276048.60183543  64880.18856167 180734.67995702
 122927.05736063  44700.31664062  43278.52751247  44880.45120423
  76768.69654515]",100655.42402799841,80071.29220519826,76768.69654514868,44880.451204233075,122927.05736062958,5206.792253866419,289865.64601300296,35.407832759560044,6.805548438940906,37.22593107500052,0.00021758764018159127,3.373668710036191e-05,[   1    2    3 ... 5997 5998 5999],"[7.24202150e+09 3.11693130e+09 2.30845280e+09 ... 1.00655557e+05
 1.00655490e+05 1.00655424e+05]","[3.41013588e+09 1.75524509e+09 1.36995113e+09 ... 8.00714538e+04
 8.00713515e+04 8.00712922e+04]",[    50    100    150 ... 299900 299950 300000],"[2.29645565e+10 7.24202150e+09 3.11693130e+09 ... 1.00655557e+05
 1.00655490e+05 1.00655424e+05]","[1.14154173e+10 3.41013588e+09 1.75524509e+09 ... 8.00714538e+04
 8.00713515e+04 8.00712922e+04]",1.1109925079345704,0.04664445168851488,1.1087818145751953,1.212076187133789,1.0114166259765625,[0.9 0.9 0.9 ... 0.3 0.3 0.3],"[3.39934989e-16 3.39934989e-16 3.39934989e-16 ... 1.13311663e-16
 1.13311663e-16 1.13311663e-16]",[1.49618 1.49618 1.49618 ... 1.49618 1.49618 1.49618],"[2.26623326e-16 2.26623326e-16 2.26623326e-16 ... 2.26623326e-16
 2.26623326e-16 2.26623326e-16]",[1.49618 1.49618 1.49618 ... 1.49618 1.49618 1.49618],"[2.26623326e-16 2.26623326e-16 2.26623326e-16 ... 2.26623326e-16
 2.26623326e-16 2.26623326e-16]",[   100    150    200 ... 299900 299950 300000],[0.9 0.9 0.9 ... 0.3 0.3 0.3],"[3.39934989e-16 3.39934989e-16 3.39934989e-16 ... 1.13311663e-16
 1.13311663e-16 1.13311663e-16]",[1.49618 1.49618 1.49618 ... 1.49618 1.49618 1.49618],"[2.26623326e-16 2.26623326e-16 2.26623326e-16 ... 2.26623326e-16
 2.26623326e-16 2.26623326e-16]",[1.49618 1.49618 1.49618 ... 1.49618 1.49618 1.49618],"[2.26623326e-16 2.26623326e-16 2.26623326e-16 ... 2.26623326e-16
 2.26623326e-16 2.26623326e-16]"
F10_Schwefel,30,APSO,function_evaluations,300000,,300000,25,25,5881.12,0.33166247903553997,5881,5882,300000.0,0.0,300000,300000,"[  364.94205438  1242.24720298  2649.99731196 13653.02312259
  3268.39978176   357.45041219 21010.6968      2586.44961112
   643.56449681  3150.39264533   797.05523811  1162.3962959
  7584.19047039  2045.01582126   323.78980026  1119.89613523
  1371.58378227 19480.46054357  2003.90104675   731.29756042
 18394.52886177  2353.80505978   174.09704094 30556.59660037
   563.90697392]","[  364.94205438  1242.24720298  2649.99731196 13653.02312259
  3268.39978176   357.45041219 21010.6968      2586.44961112
   643.56449681  3150.39264533   797.05523811  1162.3962959
  7584.19047039  2045.01582126   323.78980026  1119.89613523
  1371.58378227 19480.46054357  2003.90104675   731.29756042
 18394.52886177  2353.80505978   174.09704094 30556.59660037
   563.90697392]",5503.587386802359,8256.502448103647,2003.9010467477187,731.2975604186527,3268.399781756524,174.097040944147,30556.59660036573,39.84743031020007,7.357054943386261,42.512055131000125,0.00023557259995868663,3.3185528565248714e-05,[   1    2    3 ... 5879 5880 5881],"[6.43079334e+09 2.62042610e+09 1.25266262e+09 ... 5.50629722e+03
 5.50524609e+03 5.50412903e+03]","[3.38269846e+09 1.19448633e+09 6.66739840e+08 ... 8.25839269e+03
 8.25843025e+03 8.25681194e+03]",[    50    100    150 ... 299900 299950 300000],"[2.29645565e+10 6.43079334e+09 2.62042610e+09 ... 5.50524824e+03
 5.50420295e+03 5.50358739e+03]","[1.14154173e+10 3.38269846e+09 1.19448633e+09 ... 8.25843691e+03
 8.25704540e+03 8.25650245e+03]",2.961683235168457,0.10015397389772417,2.933548927307129,3.2439308166503906,1.716707649230957,[0.61439737 0.67444654 0.62743982 ... 0.40012881 0.40255878 0.40092172],[0.11757242 0.12383402 0.13462118 ... 0.00026907 0.00985122 0.00295236],[2.04472127 2.07863117 2.10848246 ... 2.00000077 2.00000075 2.00000074],"[2.70817799e-02 6.62096428e-02 7.34027652e-02 ... 3.82882867e-06
 3.74917095e-06 3.69094188e-06]",[1.95527873 1.92136883 1.89151754 ... 1.99999923 1.99999925 1.99999926],"[2.70817799e-02 6.62096428e-02 7.34027652e-02 ... 3.82882868e-06
 3.74917095e-06 3.69094188e-06]",[   101    151    201 ... 299901 299951 299953],[0.61439737 0.67444654 0.61736321 ... 0.40201054 0.40132928 0.40132927],[0.11757242 0.12383402 0.14402275 ... 0.00956033 0.00397278 0.00397278],[2.04472127 2.07863117 2.10850314 ... 2.00000077 2.00000075 2.00000075],"[2.70817799e-02 6.62096428e-02 7.33791469e-02 ... 3.82882867e-06
 3.74917095e-06 3.74917095e-06]",[1.95527873 1.92136883 1.89149686 ... 1.99999923 1.99999925 1.99999925],"[2.70817799e-02 6.62096428e-02 7.33791469e-02 ... 3.82882868e-06
 3.74917095e-06 3.74917095e-06]"
F10_Schwefel,30,UAPSO,function_evaluations,300000,,300000,25,25,5999.0,0.0,5999,5999,300000.0,0.0,300000,300000,"[ 175612.87945782 1592402.45755729   83514.63466621   90174.25274511
  276147.04279022 7073557.04767853   79616.09451758   80704.76775608
  204308.58538713 1469098.49335509   84550.47485771  249201.94556602
   36551.80712861   75406.37833687  110764.66152197   90234.39113521
   36846.44613942  170064.91713855   41494.3487952   109911.50505107
  168374.64724035  156373.0431189   159488.99845335   88684.32058318
   71073.41755273]","[ 175612.87945782 1592402.45755729   83514.63466621   90174.25274511
  276147.04279022 7073557.04767853   79616.09451758   80704.76775608
  204308.58538713 1469098.49335509   84550.47485771  249201.94556602
   36551.80712861   75406.37833687  110764.66152197   90234.39113521
   36846.44613942  170064.91713855   41494.3487952   109911.50505107
  168374.64724035  156373.0431189   159488.99845335   88684.32058318
   71073.41755273]",510966.30234120676,1423182.4616272592,109911.50505107299,80704.7677560788,175612.87945781735,36551.80712860818,7073557.047678531,36.82088821391997,7.399998985243407,38.10412953800005,0.00036441784010094125,4.4742467140747166e-05,[   1    2    3 ... 5997 5998 5999],"[1.46549773e+10 7.02029897e+09 3.47777006e+09 ... 5.10966302e+05
 5.10966302e+05 5.10966302e+05]","[9.51076662e+09 7.46835426e+09 3.08399797e+09 ... 1.42318246e+06
 1.42318246e+06 1.42318246e+06]",[    50    100    150 ... 299900 299950 300000],"[2.29645565e+10 1.46549773e+10 7.02029897e+09 ... 5.10966302e+05
 5.10966302e+05 5.10966302e+05]","[1.14154173e+10 9.51076662e+09 7.46835426e+09 ... 1.42318246e+06
 1.42318246e+06 1.42318246e+06]",1.3989235687255859,0.2155479366701936,1.3347368240356445,2.3570785522460938,1.2921115493774413,[0.54315789 0.31789474 0.57052632 ... 0.45263158 0.46736842 0.52      ],[0.30678688 0.21672881 0.23570879 ... 0.2713633  0.29277227 0.31149122],[1.09333333 0.78222222 1.21777778 ... 0.91555556 0.94222222 0.96888889],[0.75881649 0.65143084 0.57777778 ... 0.49408018 0.52226162 0.64431672],[0.67555556 1.16444444 0.77333333 ... 1.07555556 1.04       0.94222222],[0.67427754 0.55659163 0.66083872 ... 0.63401523 0.61101009 0.70354774],[   100    150    200 ... 299900 299950 300000],[0.54315789 0.31789474 0.57052632 ... 0.45263158 0.46736842 0.52      ],[0.30678688 0.21672881 0.23570879 ... 0.2713633  0.29277227 0.31149122],[1.09333333 0.78222222 1.21777778 ... 0.91555556 0.94222222 0.96888889],[0.75881649 0.65143084 0.57777778 ... 0.49408018 0.52226162 0.64431672],[0.67555556 1.16444444 0.77333333 ... 1.07555556 1.04       0.94222222],[0.67427754 0.55659163 0.66083872 ... 0.63401523 0.61101009 0.70354774]
F11_Hybrid1,30,PSO,function_evaluations,300000,,300000,25,25,5999.0,0.0,5999,5999,300000.0,0.0,300000,300000,"[1.43105009e+07 4.26175321e+08 1.46088082e+07 7.95172120e+06
 1.49255659e+07 1.55928593e+07 4.26579050e+08 1.59616476e+07
 2.19722746e+07 1.01709130e+07 5.22570508e+06 1.35288667e+08
 1.22392445e+07 1.44336678e+07 1.90244554e+07 6.76784883e+07
 1.40779076e+08 7.69939099e+07 1.00874441e+07 8.12295492e+06
 2.23088734e+07 2.39922357e+07 2.01338874e+07 2.01214465e+07
 1.05258398e+07]","[1.43105009e+07 4.26175321e+08 1.46088082e+07 7.95172120e+06
 1.49255659e+07 1.55928593e+07 4.26579050e+08 1.59616476e+07
 2.19722746e+07 1.01709130e+07 5.22570508e+06 1.35288667e+08
 1.22392445e+07 1.44336678e+07 1.90244554e+07 6.76784883e+07
 1.40779076e+08 7.69939099e+07 1.00874441e+07 8.12295492e+06
 2.23088734e+07 2.39922357e+07 2.01338874e+07 2.01214465e+07
 1.05258398e+07]",62208182.29404512,115501923.15988512,15961647.60734662,12239244.47286917,23992235.692776233,5225705.078942634,426579049.523371,78.23957209459994,14.736397839330845,82.95507209599964,0.00020677167995017954,3.327921639517581e-05,[   1    2    3 ... 5997 5998 5999],"[1.70908572e+10 1.16722150e+10 7.52843343e+09 ... 6.22081823e+07
 6.22081823e+07 6.22081823e+07]","[5.68107501e+09 3.73422615e+09 3.26582152e+09 ... 1.15501923e+08
 1.15501923e+08 1.15501923e+08]",[    50    100    150 ... 299900 299950 300000],"[2.53273517e+10 1.70908572e+10 1.16722150e+10 ... 6.22081823e+07
 6.22081823e+07 6.22081823e+07]","[8.03444211e+09 5.68107501e+09 3.73422615e+09 ... 1.15501923e+08
 1.15501923e+08 1.15501923e+08]",0.8322940826416015,0.00913692543159711,0.8339710235595703,0.8524417877197266,0.7376904296875,[0.8 0.8 0.8 ... 0.8 0.8 0.8],"[2.26623326e-16 2.26623326e-16 2.26623326e-16 ... 2.26623326e-16
 2.26623326e-16 2.26623326e-16]",[2. 2. 2. ... 2. 2. 2.],[0. 0. 0. ... 0. 0. 0.],[2. 2. 2. ... 2. 2. 2.],[0. 0. 0. ... 0. 0. 0.],[   100    150    200 ... 299900 299950 300000],[0.8 0.8 0.8 ... 0.8 0.8 0.8],"[2.26623326e-16 2.26623326e-16 2.26623326e-16 ... 2.26623326e-16
 2.26623326e-16 2.26623326e-16]",[2. 2. 2. ... 2. 2. 2.],[0. 0. 0. ... 0. 0. 0.],[2. 2. 2. ... 2. 2. 2.],[0. 0. 0. ... 0. 0. 0.]
F11_Hybrid1,30,PSOLVIW,function_evaluations,300000,,300000,25,25,5999.0,0.0,5999,5999,300000.0,0.0,300000,300000,"[1.27889950e+08 3.15693821e+06 5.55722341e+05 1.08394797e+07
 8.84224804e+04 1.70587174e+09 4.09901486e+08 9.30478822e+04
 3.96708477e+08 5.61648474e+05 4.24830969e+06 1.27524738e+08
 1.08445549e+07 1.05766027e+05 4.33636693e+05 8.23958507e+04
 7.02883660e+05 3.98543409e+08 9.29677985e+04 1.95614237e+07
 9.01842897e+05 4.64038766e+04 9.68279844e+05 1.01928714e+06
 4.47486832e+06]","[1.27889950e+08 3.15693821e+06 5.55722341e+05 1.08394797e+07
 8.84224804e+04 1.70587174e+09 4.09901486e+08 9.30478822e+04
 3.96708477e+08 5.61648474e+05 4.24830969e+06 1.27524738e+08
 1.08445549e+07 1.05766027e+05 4.33636693e+05 8.23958507e+04
 7.02883660e+05 3.98543409e+08 9.29677985e+04 1.95614237e+07
 9.01842897e+05 4.64038766e+04 9.68279844e+05 1.01928714e+06
 4.47486832e+06]",129008707.16079453,354226813.377631,1019287.1396375743,433636.6930317792,19561423.747496936,46403.876583248784,1705871739.4643743,78.3391340823601,14.206025631961952,80.85274083900003,0.00021118011991347885,3.2873375552552844e-05,[   1    2    3 ... 5997 5998 5999],"[1.70908572e+10 1.17415011e+10 8.10057347e+09 ... 1.29008707e+08
 1.29008707e+08 1.29008707e+08]","[5.68107501e+09 3.66973141e+09 3.22759741e+09 ... 3.54226813e+08
 3.54226813e+08 3.54226813e+08]",[    50    100    150 ... 299900 299950 300000],"[2.53273517e+10 1.70908572e+10 1.17415011e+10 ... 1.29008707e+08
 1.29008707e+08 1.29008707e+08]","[8.03444211e+09 5.68107501e+09 3.66973141e+09 ... 3.54226813e+08
 3.54226813e+08 3.54226813e+08]",1.1071927642822266,0.042979858481544626,1.0989093780517578,1.2358341217041016,1.0099526977539062,[0.9        0.89991664 0.89983328 ... 0.40016672 0.40008336 0.4       ],"[3.39934989e-16 0.00000000e+00 0.00000000e+00 ... 5.66558315e-17
 1.69967494e-16 1.13311663e-16]",[2. 2. 2. ... 2. 2. 2.],[0. 0. 0. ... 0. 0. 0.],[2. 2. 2. ... 2. 2. 2.],[0. 0. 0. ... 0. 0. 0.],[   100    150    200 ... 299900 299950 300000],[0.9        0.89991664 0.89983328 ... 0.40016672 0.40008336 0.4       ],"[3.39934989e-16 0.00000000e+00 0.00000000e+00 ... 5.66558315e-17
 1.69967494e-16 1.13311663e-16]",[2. 2. 2. ... 2. 2. 2.],[0. 0. 0. ... 0. 0. 0.],[2. 2. 2. ... 2. 2. 2.],[0. 0. 0. ... 0. 0. 0.]
F11_Hybrid1,30,PSOTVAC,function_evaluations,300000,,300000,25,25,5999.0,0.0,5999,5999,300000.0,0.0,300000,300000,"[1.39114208e+04 8.27216401e+06 5.26099754e+04 2.94963484e+06
 9.27802835e+04 9.55226568e+04 8.26300643e+05 3.60617798e+06
 5.33141125e+04 8.80385370e+04 3.35947206e+03 5.80044127e+05
 2.09013591e+04 4.92645707e+05 4.32053750e+05 5.79278748e+05
 2.87565486e+03 4.68882117e+03 8.14729958e+04 2.94278354e+06
 9.41416223e+04 2.89710860e+04 3.15773002e+06 5.86494369e+05
 9.19101790e+04]","[1.39114208e+04 8.27216401e+06 5.26099754e+04 2.94963484e+06
 9.27802835e+04 9.55226568e+04 8.26300643e+05 3.60617798e+06
 5.33141125e+04 8.80385370e+04 3.35947206e+03 5.80044127e+05
 2.09013591e+04 4.92645707e+05 4.32053750e+05 5.79278748e+05
 2.87565486e+03 4.68882117e+03 8.14729958e+04 2.94278354e+06
 9.41416223e+04 2.89710860e+04 3.15773002e+06 5.86494369e+05
 9.19101790e+04]",1005992.2362454766,1889102.230420345,94141.62227526969,52609.9753682907,586494.3691117165,2875.6548615325173,8272164.006783555,77.58688949332009,14.245736308930384,81.43620409699997,0.0002571009998791851,0.0001136164019303074,[   1    2    3 ... 5997 5998 5999],"[2.04892867e+10 1.27279454e+10 9.30130201e+09 ... 1.00599229e+06
 1.00599227e+06 1.00599224e+06]","[6.51194553e+09 5.03085749e+09 4.11200366e+09 ... 1.88910223e+06
 1.88910223e+06 1.88910223e+06]",[    50    100    150 ... 299900 299950 300000],"[2.53273517e+10 2.04892867e+10 1.27279454e+10 ... 1.00599229e+06
 1.00599227e+06 1.00599224e+06]","[8.03444211e+09 6.51194553e+09 5.03085749e+09 ... 1.88910223e+06
 1.88910223e+06 1.88910223e+06]",1.8163153839111328,0.15508970310722195,1.7547931671142578,2.150430679321289,1.6493576049804688,[0.9        0.89991664 0.89983328 ... 0.40016672 0.40008336 0.4       ],"[3.39934989e-16 0.00000000e+00 0.00000000e+00 ... 5.66558315e-17
 1.69967494e-16 1.13311663e-16]",[2.5        2.49966656 2.49933311 ... 0.50066689 0.50033344 0.5       ],"[0.00000000e+00 9.06493304e-16 1.35973996e-15 ... 1.13311663e-16
 3.39934989e-16 0.00000000e+00]",[0.5        0.50033344 0.50066689 ... 2.49933311 2.49966656 2.5       ],"[0.00000000e+00 3.39934989e-16 0.00000000e+00 ... 1.35973996e-15
 9.06493304e-16 0.00000000e+00]",[   100    150    200 ... 299900 299950 300000],[0.9        0.89991664 0.89983328 ... 0.40016672 0.40008336 0.4       ],"[3.39934989e-16 0.00000000e+00 0.00000000e+00 ... 5.66558315e-17
 1.69967494e-16 1.13311663e-16]",[2.5        2.49966656 2.49933311 ... 0.50066689 0.50033344 0.5       ],"[0.00000000e+00 9.06493304e-16 1.35973996e-15 ... 1.13311663e-16
 3.39934989e-16 0.00000000e+00]",[0.5        0.50033344 0.50066689 ... 2.49933311 2.49966656 2.5       ],"[0.00000000e+00 3.39934989e-16 0.00000000e+00 ... 1.35973996e-15
 9.06493304e-16 0.00000000e+00]"
F11_Hybrid1,30,APSOVI,function_evaluations,300000,,300000,25,25,5999.0,0.0,5999,5999,300000.0,0.0,300000,300000,"[5.74006991e+05 4.24065788e+08 1.91543390e+05 5.42914901e+04
 1.27602711e+08 1.08341985e+07 4.09654097e+08 1.20696280e+07
 3.96673248e+08 8.87928620e+04 3.19931128e+06 1.31764897e+08
 1.08319975e+07 2.77296412e+06 2.02365788e+06 1.95685053e+07
 1.19299196e+07 5.42961136e+06 1.30783608e+08 1.31683636e+05
 3.16592082e+06 1.08396243e+07 4.10580948e+08 4.24706422e+06
 2.77304082e+06]","[5.74006991e+05 4.24065788e+08 1.91543390e+05 5.42914901e+04
 1.27602711e+08 1.08341985e+07 4.09654097e+08 1.20696280e+07
 3.96673248e+08 8.87928620e+04 3.19931128e+06 1.31764897e+08
 1.08319975e+07 2.77296412e+06 2.02365788e+06 1.95685053e+07
 1.19299196e+07 5.42961136e+06 1.30783608e+08 1.31683636e+05
 3.16592082e+06 1.08396243e+07 4.10580948e+08 4.24706422e+06
 2.77304082e+06]",85274042.37453245,150505075.66442522,10831997.455748398,2772964.1156839062,127602711.37970413,54291.49005170447,424065788.18089455,78.9892990220799,14.396910673566813,83.32405484300034,0.00022378451998520177,4.836820692984034e-05,[   1    2    3 ... 5997 5998 5999],"[1.73310227e+10 1.15048968e+10 7.80931641e+09 ... 8.52740424e+07
 8.52740424e+07 8.52740424e+07]","[6.04475923e+09 3.90635383e+09 3.31404199e+09 ... 1.50505076e+08
 1.50505076e+08 1.50505076e+08]",[    50    100    150 ... 299900 299950 300000],"[2.53273517e+10 1.73310227e+10 1.15048968e+10 ... 8.52740424e+07
 8.52740424e+07 8.52740424e+07]","[8.03444211e+09 6.04475923e+09 3.90635383e+09 ... 1.50505076e+08
 1.50505076e+08 1.50505076e+08]",1.0569864654541015,0.03670318580974669,1.0526676177978516,1.1314640045166016,0.961475830078125,[0.9 0.9 0.9 ... 0.3 0.3 0.3],"[3.39934989e-16 3.39934989e-16 3.39934989e-16 ... 1.13311663e-16
 1.13311663e-16 1.13311663e-16]",[1.49618 1.49618 1.49618 ... 1.49618 1.49618 1.49618],"[2.26623326e-16 2.26623326e-16 2.26623326e-16 ... 2.26623326e-16
 2.26623326e-16 2.26623326e-16]",[1.49618 1.49618 1.49618 ... 1.49618 1.49618 1.49618],"[2.26623326e-16 2.26623326e-16 2.26623326e-16 ... 2.26623326e-16
 2.26623326e-16 2.26623326e-16]",[   100    150    200 ... 299900 299950 300000],[0.9 0.9 0.9 ... 0.3 0.3 0.3],"[3.39934989e-16 3.39934989e-16 3.39934989e-16 ... 1.13311663e-16
 1.13311663e-16 1.13311663e-16]",[1.49618 1.49618 1.49618 ... 1.49618 1.49618 1.49618],"[2.26623326e-16 2.26623326e-16 2.26623326e-16 ... 2.26623326e-16
 2.26623326e-16 2.26623326e-16]",[1.49618 1.49618 1.49618 ... 1.49618 1.49618 1.49618],"[2.26623326e-16 2.26623326e-16 2.26623326e-16 ... 2.26623326e-16
 2.26623326e-16 2.26623326e-16]"
F11_Hybrid1,30,APSO,function_evaluations,300000,,300000,25,25,5881.04,0.19999999999999998,5881,5882,300000.0,0.0,300000,300000,"[ 5742.05138848 36893.46097421 21608.53783596 21692.26479772
 20937.05338024  3353.96132238 18937.00206271  2840.48129083
 23737.24380399  2068.50681866  9313.4662803  23622.92044733
 28093.51351509  3282.09878299  4342.43125842 19828.59133544
 26732.44838183  4989.37413523 27153.00125179 20588.30956485
 20279.94360592  1926.04139101 31634.53313459 33260.16131651
  9278.17207569]","[ 5742.05138848 36893.46097421 21608.53783596 21692.26479772
 20937.05338024  3353.96132238 18937.00206271  2840.48129083
 23737.24380399  2068.50681866  9313.4662803  23622.92044733
 28093.51351509  3282.09878299  4342.43125842 19828.59133544
 26732.44838183  4989.37413523 27153.00125179 20588.30956485
 20279.94360592  1926.04139101 31634.53313459 33260.16131651
  9278.17207569]",16885.422806085982,11092.849990400693,20279.943605920795,4989.374135230324,23737.24380398909,1926.0413910066723,36893.46097421234,83.43823343115997,15.475282559995284,90.19879278500048,0.0002186558800531202,3.8356812700681535e-05,[   1    2    3 ... 5879 5880 5881],"[1.68454575e+10 1.20188912e+10 8.11982005e+09 ... 1.68892980e+04
 1.68879446e+04 1.68858392e+04]","[5.19064178e+09 3.54613954e+09 2.99638970e+09 ... 1.10922608e+04
 1.10921273e+04 1.10929579e+04]",[    50    100    150 ... 299900 299950 300000],"[2.53273517e+10 1.68454575e+10 1.20188912e+10 ... 1.68879392e+04
 1.68872770e+04 1.68854228e+04]","[8.03444211e+09 5.19064178e+09 3.54613954e+09 ... 1.10921334e+04
 1.10919321e+04 1.10928500e+04]",2.9325394439697265,0.06000442580696236,2.911863327026367,3.106217384338379,1.6868689727783204,[0.6313232  0.62406215 0.60237117 ... 0.40062218 0.40123828 0.40110231],[0.11496586 0.09368214 0.10801537 ... 0.00128207 0.00281402 0.00209146],[2.05155394 2.09534367 2.12298566 ... 2.00000087 2.00000086 2.00000084],"[3.09009103e-02 4.92238795e-02 4.90504369e-02 ... 4.35700204e-06
 4.29152503e-06 4.21289708e-06]",[1.94844606 1.90465633 1.87701434 ... 1.99999913 1.99999914 1.99999916],"[3.09009103e-02 4.92238795e-02 4.90504369e-02 ... 4.35700204e-06
 4.29152503e-06 4.21289708e-06]",[   101    151    201 ... 299901 299951 299960],[0.6313232  0.61755993 0.59431272 ... 0.40062725 0.40124006 0.40119429],[0.11496586 0.10475045 0.10467008 ... 0.001282   0.00281366 0.00282086],[2.05155394 2.09534367 2.11874352 ... 2.00000087 2.00000086 2.00000084],"[3.09009103e-02 4.92238795e-02 5.64875055e-02 ... 4.35700204e-06
 4.29152503e-06 4.21289708e-06]",[1.94844606 1.90465633 1.88125648 ... 1.99999913 1.99999914 1.99999916],"[3.09009103e-02 4.92238795e-02 5.64875055e-02 ... 4.35700204e-06
 4.29152503e-06 4.21289708e-06]"
F11_Hybrid1,30,UAPSO,function_evaluations,300000,,300000,25,25,5999.0,0.0,5999,5999,300000.0,0.0,300000,300000,"[3.35032211e+07 3.26581038e+08 2.40509311e+07 2.82184543e+07
 4.34230994e+07 1.98440878e+09 8.70729034e+05 1.37395934e+08
 3.63304857e+07 4.60910497e+07 1.84951040e+07 9.23851832e+07
 4.91108067e+06 4.63819553e+05 5.20678883e+06 2.14376464e+07
 1.05306103e+07 1.27315780e+07 1.28958761e+06 2.69203806e+07
 5.26219500e+05 5.65976586e+05 2.30589890e+07 4.69357151e+06
 2.05255831e+06]","[3.35032211e+07 3.26581038e+08 2.40509311e+07 2.82184543e+07
 4.34230994e+07 1.98440878e+09 8.70729034e+05 1.37395934e+08
 3.63304857e+07 4.60910497e+07 1.84951040e+07 9.23851832e+07
 4.91108067e+06 4.63819553e+05 5.20678883e+06 2.14376464e+07
 1.05306103e+07 1.27315780e+07 1.28958761e+06 2.69203806e+07
 5.26219500e+05 5.65976586e+05 2.30589890e+07 4.69357151e+06
 2.05255831e+06]",115445712.70675194,395231579.97462463,21437646.419694096,4693571.508854846,36330485.661505796,463819.55280618556,1984408781.5669396,80.53224320616006,13.530761273156486,84.10408468399964,0.0003768849200059776,5.2458669758921966e-05,[   1    2    3 ... 5997 5998 5999],"[2.03396151e+10 1.54203064e+10 1.15169917e+10 ... 1.15445713e+08
 1.15445713e+08 1.15445713e+08]","[6.60363191e+09 4.91402857e+09 4.59508397e+09 ... 3.95231580e+08
 3.95231580e+08 3.95231580e+08]",[    50    100    150 ... 299900 299950 300000],"[2.53273517e+10 2.03396151e+10 1.54203064e+10 ... 1.15445713e+08
 1.15445713e+08 1.15445713e+08]","[8.03444211e+09 6.60363191e+09 4.91402857e+09 ... 3.95231580e+08
 3.95231580e+08 3.95231580e+08]",1.371009063720703,0.0756879062269757,1.3388404846191406,1.6241035461425781,1.2702866363525391,[0.54315789 0.31789474 0.57052632 ... 0.45263158 0.46947368 0.52      ],[0.30678688 0.21672881 0.23570879 ... 0.27390342 0.29261454 0.31074925],[1.09333333 0.78222222 1.21777778 ... 0.91555556 0.94222222 0.96888889],[0.75881649 0.65143084 0.57777778 ... 0.49408018 0.54538845 0.64431672],[0.67555556 1.16444444 0.77333333 ... 1.06666667 1.04888889 0.94222222],[0.67427754 0.55659163 0.66083872 ... 0.6350529  0.60355599 0.70354774],[   100    150    200 ... 299900 299950 300000],[0.54315789 0.31789474 0.57052632 ... 0.45263158 0.46947368 0.52      ],[0.30678688 0.21672881 0.23570879 ... 0.27390342 0.29261454 0.31074925],[1.09333333 0.78222222 1.21777778 ... 0.91555556 0.94222222 0.96888889],[0.75881649 0.65143084 0.57777778 ... 0.49408018 0.54538845 0.64431672],[0.67555556 1.16444444 0.77333333 ... 1.06666667 1.04888889 0.94222222],[0.67427754 0.55659163 0.66083872 ... 0.6350529  0.60355599 0.70354774]
F21_Composition1,30,PSO,function_evaluations,300000,,300000,25,25,5999.0,0.0,5999,5999,300000.0,0.0,300000,300000,"[244.94095898 249.52398406 325.87730171 252.98647614 244.02544583
 204.62070778 247.72026456 341.35572279 220.40971135 254.58401904
 247.97464302 301.30374371 290.51992247 215.5303343  297.13475532
 284.11323128 282.88118858 266.33172284 238.84157062 248.52797885
 255.94489322 272.5329033  191.66577288 195.72991377 272.46603159]","[244.94095898 249.52398406 325.87730171 252.98647614 244.02544583
 204.62070778 247.72026456 341.35572279 220.40971135 254.58401904
 247.97464302 301.30374371 290.51992247 215.5303343  297.13475532
 284.11323128 282.88118858 266.33172284 238.84157062 248.52797885
 255.94489322 272.5329033  191.66577288 195.72991377 272.46603159]",257.9017279194555,37.246869198284834,252.9864761433364,244.0254458276222,282.88118858014604,191.6657728754535,341.3557227937854,129.38015698248003,22.381713156293664,138.60664835199987,0.00025675315995613343,0.00010236420348968948,[   1    2    3 ... 5997 5998 5999],"[4233.0580198  2818.22215092 1942.91341743 ...  257.90177909  257.90174963
  257.90172792]","[906.88156231 777.19169309 657.53957333 ...  37.24685578  37.24686351
  37.2468692 ]",[    50    100    150 ... 299900 299950 300000],"[6743.98808283 4233.0580198  2818.22215092 ...  257.90177909  257.90174963
  257.90172792]","[1565.76161799  906.88156231  777.19169309 ...   37.24685578   37.24686351
   37.2468692 ]",0.8235596466064453,0.009015189361594185,0.8202915191650391,0.8541889190673828,0.7291232299804687,[0.8 0.8 0.8 ... 0.8 0.8 0.8],"[2.26623326e-16 2.26623326e-16 2.26623326e-16 ... 2.26623326e-16
 2.26623326e-16 2.26623326e-16]",[2. 2. 2. ... 2. 2. 2.],[0. 0. 0. ... 0. 0. 0.],[2. 2. 2. ... 2. 2. 2.],[0. 0. 0. ... 0. 0. 0.],[   100    150    200 ... 299900 299950 300000],[0.8 0.8 0.8 ... 0.8 0.8 0.8],"[2.26623326e-16 2.26623326e-16 2.26623326e-16 ... 2.26623326e-16
 2.26623326e-16 2.26623326e-16]",[2. 2. 2. ... 2. 2. 2.],[0. 0. 0. ... 0. 0. 0.],[2. 2. 2. ... 2. 2. 2.],[0. 0. 0. ... 0. 0. 0.]
F21_Composition1,30,PSOLVIW,function_evaluations,300000,,300000,25,25,5999.0,0.0,5999,5999,300000.0,0.0,300000,300000,"[223.9118662  279.68508435 261.49544318 206.60769907 294.84534218
 253.35013651 199.54872057 372.54270375 340.70740191 298.16727813
 337.18363004 269.12966138 225.4484389  232.78277017 180.34804511
 237.84138001 356.66760878 225.12926962 323.29909387 258.44339937
 227.85441863 330.60335774 231.89448917 210.31151159 331.50436073]","[223.9118662  279.68508435 261.49544318 206.60769907 294.84534218
 253.35013651 199.54872057 372.54270375 340.70740191 298.16727813
 337.18363004 269.12966138 225.4484389  232.78277017 180.34804511
 237.84138001 356.66760878 225.12926962 323.29909387 258.44339937
 227.85441863 330.60335774 231.89448917 210.31151159 331.50436073]",268.37212443902166,54.81406997440204,258.4433993731923,225.44843889779713,323.29909387143516,180.34804511453603,372.5427037456566,128.6686530217199,22.753892084231822,137.35370644199975,0.0002147775999401347,2.880966970689816e-05,[   1    2    3 ... 5997 5998 5999],"[4233.0580198  2793.54694392 1953.88036306 ...  268.37212444  268.37212444
  268.37212444]","[906.88156231 805.16627155 720.26887344 ...  54.81406997  54.81406997
  54.81406997]",[    50    100    150 ... 299900 299950 300000],"[6743.98808283 4233.0580198  2793.54694392 ...  268.37212444  268.37212444
  268.37212444]","[1565.76161799  906.88156231  805.16627155 ...   54.81406997   54.81406997
   54.81406997]",1.0052503204345704,0.014910516123958863,1.001474380493164,1.0478153228759766,0.9103277587890625,[0.9        0.89991664 0.89983328 ... 0.40016672 0.40008336 0.4       ],"[3.39934989e-16 0.00000000e+00 0.00000000e+00 ... 5.66558315e-17
 1.69967494e-16 1.13311663e-16]",[2. 2. 2. ... 2. 2. 2.],[0. 0. 0. ... 0. 0. 0.],[2. 2. 2. ... 2. 2. 2.],[0. 0. 0. ... 0. 0. 0.],[   100    150    200 ... 299900 299950 300000],[0.9        0.89991664 0.89983328 ... 0.40016672 0.40008336 0.4       ],"[3.39934989e-16 0.00000000e+00 0.00000000e+00 ... 5.66558315e-17
 1.69967494e-16 1.13311663e-16]",[2. 2. 2. ... 2. 2. 2.],[0. 0. 0. ... 0. 0. 0.],[2. 2. 2. ... 2. 2. 2.],[0. 0. 0. ... 0. 0. 0.]
F21_Composition1,30,PSOTVAC,function_evaluations,300000,,300000,25,25,5999.0,0.0,5999,5999,300000.0,0.0,300000,300000,"[182.4824821  201.44731374 191.9766647  207.2632865  180.77376103
 243.34149616 181.41486935 181.41486935 186.16893264 183.65622118
 227.46743936 173.2574552  221.74771529 251.21811263 170.77900612
 277.02219137 191.54252739 181.9744886  203.63518364 232.47682296
 198.84575979 170.41575328 185.3825768  176.09911052 180.72187309]","[182.4824821  201.44731374 191.9766647  207.2632865  180.77376103
 243.34149616 181.41486935 181.41486935 186.16893264 183.65622118
 227.46743936 173.2574552  221.74771529 251.21811263 170.77900612
 277.02219137 191.54252739 181.9744886  203.63518364 232.47682296
 198.84575979 170.41575328 185.3825768  176.09911052 180.72187309]",199.3010365120081,27.884389016241382,186.16893264264172,181.41486935114608,207.26328650216465,170.4157532760678,277.02219136970325,127.99473563512001,22.239567321771204,134.43554776499968,0.0002464287200564286,0.00013985981321032486,[   1    2    3 ... 5997 5998 5999],"[5004.2722635  3227.74855521 2435.33327499 ...  199.30103651  199.30103651
  199.30103651]","[1315.09855257  909.5569633   857.85613793 ...   27.88438902   27.88438902
   27.88438902]",[    50    100    150 ... 299900 299950 300000],"[6743.98808283 5004.2722635  3227.74855521 ...  199.30103651  199.30103651
  199.30103651]","[1565.76161799 1315.09855257  909.5569633  ...   27.88438902   27.88438902
   27.88438902]",1.265979995727539,0.01620168163148336,1.261789321899414,1.3136310577392578,1.1712612915039062,[0.9        0.89991664 0.89983328 ... 0.40016672 0.40008336 0.4       ],"[3.39934989e-16 0.00000000e+00 0.00000000e+00 ... 5.66558315e-17
 1.69967494e-16 1.13311663e-16]",[2.5        2.49966656 2.49933311 ... 0.50066689 0.50033344 0.5       ],"[0.00000000e+00 9.06493304e-16 1.35973996e-15 ... 1.13311663e-16
 3.39934989e-16 0.00000000e+00]",[0.5        0.50033344 0.50066689 ... 2.49933311 2.49966656 2.5       ],"[0.00000000e+00 3.39934989e-16 0.00000000e+00 ... 1.35973996e-15
 9.06493304e-16 0.00000000e+00]",[   100    150    200 ... 299900 299950 300000],[0.9        0.89991664 0.89983328 ... 0.40016672 0.40008336 0.4       ],"[3.39934989e-16 0.00000000e+00 0.00000000e+00 ... 5.66558315e-17
 1.69967494e-16 1.13311663e-16]",[2.5        2.49966656 2.49933311 ... 0.50066689 0.50033344 0.5       ],"[0.00000000e+00 9.06493304e-16 1.35973996e-15 ... 1.13311663e-16
 3.39934989e-16 0.00000000e+00]",[0.5        0.50033344 0.50066689 ... 2.49933311 2.49966656 2.5       ],"[0.00000000e+00 3.39934989e-16 0.00000000e+00 ... 1.35973996e-15
 9.06493304e-16 0.00000000e+00]"
F21_Composition1,30,APSOVI,function_evaluations,300000,,300000,25,25,5999.0,0.0,5999,5999,300000.0,0.0,300000,300000,"[402.02542803 287.35250946 213.50175709 352.39715539 260.79108466
 289.88318393 276.4195064  274.78036089 318.30198418 228.31562513
 252.33943212 228.94751481 252.04479202 311.00170132 251.09350503
 250.89884423 308.09734576 232.12913656 420.8291139  280.89916952
 216.81361542 266.06110188 237.96608628 263.38777357 352.29650823]","[402.02542803 287.35250946 213.50175709 352.39715539 260.79108466
 289.88318393 276.4195064  274.78036089 318.30198418 228.31562513
 252.33943212 228.94751481 252.04479202 311.00170132 251.09350503
 250.89884423 308.09734576 232.12913656 420.8291139  280.89916952
 216.81361542 266.06110188 237.96608628 263.38777357 352.29650823]",281.14296943312996,54.155515584681886,266.0611018824702,250.8988442306113,308.0973457587211,213.50175709412997,420.82911390172285,128.23203618024002,21.790023369378424,133.26187217000006,0.0002271383599145338,3.657646782369331e-05,[   1    2    3 ... 5997 5998 5999],"[4225.33031076 2722.73602167 1836.44458862 ...  281.14296943  281.14296943
  281.14296943]","[1008.93302049  802.98572659  538.68931052 ...   54.15551558   54.15551558
   54.15551558]",[    50    100    150 ... 299900 299950 300000],"[6743.98808283 4225.33031076 2722.73602167 ...  281.14296943  281.14296943
  281.14296943]","[1565.76161799 1008.93302049  802.98572659 ...   54.15551558   54.15551558
   54.15551558]",1.0326776885986328,0.033731637775393196,1.0368900299072266,1.127603530883789,0.93705810546875,[0.9 0.9 0.9 ... 0.3 0.3 0.3],"[3.39934989e-16 3.39934989e-16 3.39934989e-16 ... 1.13311663e-16
 1.13311663e-16 1.13311663e-16]",[1.49618 1.49618 1.49618 ... 1.49618 1.49618 1.49618],"[2.26623326e-16 2.26623326e-16 2.26623326e-16 ... 2.26623326e-16
 2.26623326e-16 2.26623326e-16]",[1.49618 1.49618 1.49618 ... 1.49618 1.49618 1.49618],"[2.26623326e-16 2.26623326e-16 2.26623326e-16 ... 2.26623326e-16
 2.26623326e-16 2.26623326e-16]",[   100    150    200 ... 299900 299950 300000],[0.9 0.9 0.9 ... 0.3 0.3 0.3],"[3.39934989e-16 3.39934989e-16 3.39934989e-16 ... 1.13311663e-16
 1.13311663e-16 1.13311663e-16]",[1.49618 1.49618 1.49618 ... 1.49618 1.49618 1.49618],"[2.26623326e-16 2.26623326e-16 2.26623326e-16 ... 2.26623326e-16
 2.26623326e-16 2.26623326e-16]",[1.49618 1.49618 1.49618 ... 1.49618 1.49618 1.49618],"[2.26623326e-16 2.26623326e-16 2.26623326e-16 ... 2.26623326e-16
 2.26623326e-16 2.26623326e-16]"
F21_Composition1,30,APSO,function_evaluations,300000,,300000,25,25,5881.28,0.458257569495584,5881,5882,300000.0,0.0,300000,300000,"[161.50143355 158.2068207  161.46105781 158.51339326 160.89783753
 157.32046167 157.32832266 158.05483269 161.458753   161.45878756
 161.49455573 161.35769042 161.50153573 157.32046164 159.28646491
 161.49473196 160.91749913 157.39618512 161.49450721 160.41145051
 160.8988694  162.26668337 160.39570856 162.04520073 159.30676236]","[161.50143355 158.2068207  161.46105781 158.51339326 160.89783753
 157.32046167 157.32832266 158.05483269 161.458753   161.45878756
 161.49455573 161.35769042 161.50153573 157.32046164 159.28646491
 161.49473196 160.91749913 157.39618512 161.49450721 160.41145051
 160.8988694  162.26668337 160.39570856 162.04520073 159.30676236]",160.15160028855166,1.7010873212214512,160.89886939900134,158.51339326348443,161.49450720952018,157.3204616413368,162.26668337192405,132.71850386615998,23.980891372346928,141.57669000499936,0.00036980024000513365,0.0004412593515979383,[   1    2    3 ... 5879 5880 5881],"[4388.71663835 2906.62149165 1947.01997084 ...  160.15274771  160.15271365
  160.15169298]","[988.33212056 782.66082891 714.5467911  ...   1.70048166   1.70047895
   1.70098027]",[    50    100    150 ... 299900 299950 300000],"[6743.98808283 4388.71663835 2925.66860368 ...  160.15271365  160.15169298
  160.15160029]","[1565.76161799  988.33212056  784.78090168 ...    1.70047895    1.70098027
    1.70108732]",3.1581298446655275,0.15929026775541924,3.161482810974121,3.5297393798828125,1.9098810577392578,[0.67660807 0.6510449  0.58489575 ... 0.4065783  0.40009894 0.40024464],[0.13144928 0.10957301 0.10968858 ... 0.03256941 0.00025804 0.00106462],[2.04821151 2.09499589 2.11618653 ... 2.00874038 2.00859905 2.00841587],[0.04702812 0.06920156 0.07071234 ... 0.03233958 0.03187215 0.03116701],[1.95178849 1.90500411 1.88381347 ... 1.99125962 1.99140095 1.99158413],[0.04702812 0.06920156 0.07071234 ... 0.03233958 0.03187215 0.03116701],[   101    151    201 ... 299851 299901 299950],[0.67660807 0.6497015  0.57889581 ... 0.41592853 0.4065435  0.40009152],[0.13144928 0.11180489 0.10684033 ... 0.07934624 0.03257621 0.00025648],[2.04821151 2.09499589 2.11349126 ... 2.00770492 2.00869135 2.00856098],[0.04702812 0.06920156 0.07385363 ... 0.02748547 0.03226857 0.03181762],[1.95178849 1.90500411 1.88650874 ... 1.99229508 1.99130865 1.99143902],[0.04702812 0.06920156 0.07385363 ... 0.02748547 0.03226857 0.03181762]
F21_Composition1,30,UAPSO,function_evaluations,300000,,300000,25,25,5999.0,0.0,5999,5999,300000.0,0.0,300000,300000,"[281.29784614 546.48759448 260.58748979 275.63045094 295.50435909
 449.35172939 484.90894864 296.10417994 300.40174494 405.04819405
 254.10312956 329.27930445 353.46217013 269.17994934 287.87002402
 429.46331039 518.01601961 261.4991224  258.71125862 511.39761302
 310.43666467 350.06996628 548.79607697 253.92165213 319.71975858]","[281.29784614 546.48759448 260.58748979 275.63045094 295.50435909
 449.35172939 484.90894864 296.10417994 300.40174494 405.04819405
 254.10312956 329.27930445 353.46217013 269.17994934 287.87002402
 429.46331039 518.01601961 261.4991224  258.71125862 511.39761302
 310.43666467 350.06996628 548.79607697 253.92165213 319.71975858]",354.04994230305545,100.80931349565935,310.4366646735557,275.63045093986966,429.46331039113875,253.92165213291082,548.7960769700294,129.1343283413199,24.528836192169898,134.4176735410001,0.0003545705998840276,5.4576908389432e-05,[   1    2    3 ... 5997 5998 5999],"[5559.68254047 3911.41587867 2949.47756887 ...  354.0499423   354.0499423
  354.0499423 ]","[1542.17469512 1348.69886476 1133.29228653 ...  100.8093135   100.8093135
  100.8093135 ]",[    50    100    150 ... 299900 299950 300000],"[6743.98808283 5559.68254047 3911.41587867 ...  354.0499423   354.0499423
  354.0499423 ]","[1565.76161799 1542.17469512 1348.69886476 ...  100.8093135   100.8093135
  100.8093135 ]",1.3583889770507813,0.13922926497370705,1.313614845275879,1.8131275177001953,1.2552183151245118,[0.54315789 0.31789474 0.57052632 ... 0.45263158 0.46526316 0.51789474],[0.30678688 0.21672881 0.23570879 ... 0.2713633  0.29212502 0.31199474],[1.09333333 0.78222222 1.21777778 ... 0.92444444 0.94222222 0.96888889],[0.75881649 0.65143084 0.57777778 ... 0.48720248 0.52226162 0.64431672],[0.67555556 1.16444444 0.77333333 ... 1.07555556 1.04       0.94222222],[0.67427754 0.55659163 0.66083872 ... 0.63401523 0.61101009 0.70354774],[   100    150    200 ... 299900 299950 300000],[0.54315789 0.31789474 0.57052632 ... 0.45263158 0.46526316 0.51789474],[0.30678688 0.21672881 0.23570879 ... 0.2713633  0.29212502 0.31199474],[1.09333333 0.78222222 1.21777778 ... 0.92444444 0.94222222 0.96888889],[0.75881649 0.65143084 0.57777778 ... 0.48720248 0.52226162 0.64431672],[0.67555556 1.16444444 0.77333333 ... 1.07555556 1.04       0.94222222],[0.67427754 0.55659163 0.66083872 ... 0.63401523 0.61101009 0.70354774]
F1_BentCigar,50,PSO,function_evaluations,500000,,500000,25,25,9999.0,0.0,9999,9999,500000.0,0.0,500000,500000,"[5.22400836e+09 5.00983445e+09 6.41785668e+09 7.01527765e+09
 4.19676664e+09 6.19397268e+09 1.05047253e+10 8.10118653e+09
 1.25452433e+10 2.90214130e+09 2.34061975e+09 4.57343441e+09
 3.25566962e+09 6.54869608e+09 4.06436564e+09 1.37690859e+10
 1.62149814e+10 1.70833407e+10 7.36372158e+09 1.58874532e+10
 4.85374589e+09 5.12501530e+09 4.12975437e+09 3.14196241e+09
 5.56778524e+09]","[5.22400836e+09 5.00983445e+09 6.41785668e+09 7.01527765e+09
 4.19676664e+09 6.19397268e+09 1.05047253e+10 8.10118653e+09
 1.25452433e+10 2.90214130e+09 2.34061975e+09 4.57343441e+09
 3.25566962e+09 6.54869608e+09 4.06436564e+09 1.37690859e+10
 1.62149814e+10 1.70833407e+10 7.36372158e+09 1.58874532e+10
 4.85374589e+09 5.12501530e+09 4.12975437e+09 3.14196241e+09
 5.56778524e+09]",7281225772.253711,4426659047.979012,5567785237.884008,4196766642.8589168,8101186526.70521,2340619748.044321,17083340729.941591,33.40725944848,10.013430135213486,33.754641308000004,0.008180469199994605,0.008690078172888858,[   1    2    3 ... 9997 9998 9999],"[1.71976476e+11 1.25870395e+11 1.16494767e+11 ... 7.28122577e+09
 7.28122577e+09 7.28122577e+09]","[1.77358666e+10 1.38331649e+10 1.69016477e+10 ... 4.42665905e+09
 4.42665905e+09 4.42665905e+09]",[    50    100    150 ... 499900 499950 500000],"[2.44587645e+11 1.71976476e+11 1.25870395e+11 ... 7.28122577e+09
 7.28122577e+09 7.28122577e+09]","[2.21167305e+10 1.77358666e+10 1.38331649e+10 ... 4.42665905e+09
 4.42665905e+09 4.42665905e+09]",1.650729866027832,0.3357662753232241,1.3766040802001953,2.036036491394043,1.4946062850952149,[0.8 0.8 0.8 ... 0.8 0.8 0.8],"[2.26623326e-16 2.26623326e-16 2.26623326e-16 ... 2.26623326e-16
 2.26623326e-16 2.26623326e-16]",[2. 2. 2. ... 2. 2. 2.],[0. 0. 0. ... 0. 0. 0.],[2. 2. 2. ... 2. 2. 2.],[0. 0. 0. ... 0. 0. 0.],[   100    150    200 ... 499900 499950 500000],[0.8 0.8 0.8 ... 0.8 0.8 0.8],"[2.26623326e-16 2.26623326e-16 2.26623326e-16 ... 2.26623326e-16
 2.26623326e-16 2.26623326e-16]",[2. 2. 2. ... 2. 2. 2.],[0. 0. 0. ... 0. 0. 0.],[2. 2. 2. ... 2. 2. 2.],[0. 0. 0. ... 0. 0. 0.]
F1_BentCigar,50,PSOLVIW,function_evaluations,500000,,500000,25,25,9999.0,0.0,9999,9999,500000.0,0.0,500000,500000,"[9.25689561e+09 1.81409750e+09 7.85112428e+09 2.93970026e+09
 8.39805727e+09 1.79051028e+10 4.35213573e+09 4.38861069e+09
 2.05848999e+09 3.65409209e+09 7.10532710e+09 2.74591528e+09
 3.69659697e+09 1.61319214e+10 3.71132741e+09 4.75128119e+09
 3.13859248e+09 1.34256423e+08 8.15813868e+09 2.38834503e+10
 6.00941798e+09 9.89308455e+08 1.40500302e+10 5.04842840e+09
 1.01092159e+10]","[9.25689561e+09 1.81409750e+09 7.85112428e+09 2.93970026e+09
 8.39805727e+09 1.79051028e+10 4.35213573e+09 4.38861069e+09
 2.05848999e+09 3.65409209e+09 7.10532710e+09 2.74591528e+09
 3.69659697e+09 1.61319214e+10 3.71132741e+09 4.75128119e+09
 3.13859248e+09 1.34256423e+08 8.15813868e+09 2.38834503e+10
 6.00941798e+09 9.89308455e+08 1.40500302e+10 5.04842840e+09
 1.01092159e+10]",6891260569.159733,5759906009.95607,4751281186.868749,3138592480.000987,8398057274.232766,134256423.22059494,23883450257.76248,21.49416600636,7.35511235346561,19.754348644000032,0.00047899520000328267,0.00044151631027954813,[   1    2    3 ... 9997 9998 9999],"[1.71976476e+11 1.27240866e+11 1.20958980e+11 ... 6.89126057e+09
 6.89126057e+09 6.89126057e+09]","[1.77358666e+10 1.37418791e+10 1.65936546e+10 ... 5.75990601e+09
 5.75990601e+09 5.75990601e+09]",[    50    100    150 ... 499900 499950 500000],"[2.44587645e+11 1.71976476e+11 1.27240866e+11 ... 6.89126057e+09
 6.89126057e+09 6.89126057e+09]","[2.21167305e+10 1.77358666e+10 1.37418791e+10 ... 5.75990601e+09
 5.75990601e+09 5.75990601e+09]",1.745723648071289,0.04378374897624926,1.7311954498291016,1.877145767211914,1.5879901123046876,[0.9        0.89994999 0.89989998 ... 0.40010002 0.40005001 0.4       ],"[3.39934989e-16 0.00000000e+00 1.13311663e-16 ... 2.26623326e-16
 1.69967494e-16 1.13311663e-16]",[2. 2. 2. ... 2. 2. 2.],[0. 0. 0. ... 0. 0. 0.],[2. 2. 2. ... 2. 2. 2.],[0. 0. 0. ... 0. 0. 0.],[   100    150    200 ... 499900 499950 500000],[0.9        0.89994999 0.89989998 ... 0.40010002 0.40005001 0.4       ],"[3.39934989e-16 0.00000000e+00 1.13311663e-16 ... 2.26623326e-16
 1.69967494e-16 1.13311663e-16]",[2. 2. 2. ... 2. 2. 2.],[0. 0. 0. ... 0. 0. 0.],[2. 2. 2. ... 2. 2. 2.],[0. 0. 0. ... 0. 0. 0.]
F1_BentCigar,50,PSOTVAC,function_evaluations,500000,,500000,25,25,9999.0,0.0,9999,9999,500000.0,0.0,500000,500000,"[6.04995527e+02 1.53109972e+03 6.09396070e+03 2.96525978e+04
 1.90699989e+04 3.48632073e+03 7.85037148e+02 8.22431215e+02
 2.34034289e+03 2.47931754e+09 1.25549328e+03 3.17636898e+04
 1.13770751e+04 2.28983326e+03 1.22972946e+03 2.86768344e+04
 1.67984725e+09 1.34256423e+08 1.32384140e+02 4.01971258e+03
 1.34256423e+08 1.53410842e+04 8.92291626e+03 1.07354362e+04
 9.19137869e+03]","[6.04995527e+02 1.53109972e+03 6.09396070e+03 2.96525978e+04
 1.90699989e+04 3.48632073e+03 7.85037148e+02 8.22431215e+02
 2.34034289e+03 2.47931754e+09 1.25549328e+03 3.17636898e+04
 1.13770751e+04 2.28983326e+03 1.22972946e+03 2.86768344e+04
 1.67984725e+09 1.34256423e+08 1.32384140e+02 4.01971258e+03
 1.34256423e+08 1.53410842e+04 8.92291626e+03 1.07354362e+04
 9.19137869e+03]",177114678.43821144,585260326.614825,8922.91625736832,1531.0997173412768,28676.834380931938,132.38413963481835,2479317538.67268,16.529608700479997,3.2489220552312283,17.455815950999977,0.00023742763999507589,3.488541946655622e-05,[   1    2    3 ... 9997 9998 9999],"[1.96966363e+11 1.32666469e+11 1.15058480e+11 ... 1.77114678e+08
 1.77114678e+08 1.77114678e+08]","[1.83408855e+10 1.24841171e+10 1.07108170e+10 ... 5.85260327e+08
 5.85260327e+08 5.85260327e+08]",[    50    100    150 ... 499900 499950 500000],"[2.44587645e+11 1.96966363e+11 1.32666469e+11 ... 1.77114678e+08
 1.77114678e+08 1.77114678e+08]","[2.21167305e+10 1.83408855e+10 1.24841171e+10 ... 5.85260327e+08
 5.85260327e+08 5.85260327e+08]",3.4707096099853514,0.5259048865829506,3.596933364868164,4.032236099243164,3.103202209472656,[0.9        0.89994999 0.89989998 ... 0.40010002 0.40005001 0.4       ],"[3.39934989e-16 1.13311663e-16 1.13311663e-16 ... 2.26623326e-16
 1.69967494e-16 1.13311663e-16]",[2.5        2.49979996 2.49959992 ... 0.50040008 0.50020004 0.5       ],"[0.00000000e+00 1.35973996e-15 1.35973996e-15 ... 3.39934989e-16
 1.13311663e-16 0.00000000e+00]",[0.5        0.50020004 0.50040008 ... 2.49959992 2.49979996 2.5       ],"[0.00000000e+00 1.13311663e-16 2.26623326e-16 ... 1.35973996e-15
 1.35973996e-15 0.00000000e+00]",[   100    150    200 ... 499900 499950 500000],[0.9        0.89994999 0.89989998 ... 0.40010002 0.40005001 0.4       ],"[3.39934989e-16 1.13311663e-16 1.13311663e-16 ... 2.26623326e-16
 1.69967494e-16 1.13311663e-16]",[2.5        2.49979996 2.49959992 ... 0.50040008 0.50020004 0.5       ],"[0.00000000e+00 1.35973996e-15 1.35973996e-15 ... 3.39934989e-16
 1.13311663e-16 0.00000000e+00]",[0.5        0.50020004 0.50040008 ... 2.49959992 2.49979996 2.5       ],"[0.00000000e+00 1.13311663e-16 2.26623326e-16 ... 1.35973996e-15
 1.35973996e-15 0.00000000e+00]"
F1_BentCigar,50,APSOVI,function_evaluations,500000,,500000,25,25,9999.0,0.0,9999,9999,500000.0,0.0,500000,500000,"[7.33144949e+09 3.34445941e+09 5.47400721e+09 8.76239301e+09
 4.30426578e+09 2.43772069e+10 5.59860154e+09 1.28282271e+10
 1.01578908e+10 7.38938764e+09 2.12996046e+09 9.02736109e+09
 2.95444974e+10 1.67988359e+09 5.52320433e+09 8.28984633e+09
 1.61633508e+10 3.67680736e+09 8.34126215e+09 4.52850609e+09
 1.00867959e+09 6.77941920e+09 7.18067744e+09 2.45999610e+09
 2.29528844e+10]","[7.33144949e+09 3.34445941e+09 5.47400721e+09 8.76239301e+09
 4.30426578e+09 2.43772069e+10 5.59860154e+09 1.28282271e+10
 1.01578908e+10 7.38938764e+09 2.12996046e+09 9.02736109e+09
 2.95444974e+10 1.67988359e+09 5.52320433e+09 8.28984633e+09
 1.61633508e+10 3.67680736e+09 8.34126215e+09 4.52850609e+09
 1.00867959e+09 6.77941920e+09 7.18067744e+09 2.45999610e+09
 2.29528844e+10]",8754169008.169336,7301545221.6772995,7180677441.649577,4304265776.237122,9027361085.236902,1008679585.7195277,29544497408.684464,16.845454842120006,3.213885121986711,17.126432729000044,0.00023811303999991652,3.5824051187761916e-05,[   1    2    3 ... 9997 9998 9999],"[1.73281089e+11 1.29854608e+11 1.23145957e+11 ... 8.75416901e+09
 8.75416901e+09 8.75416901e+09]","[1.70201513e+10 1.42105531e+10 1.57392603e+10 ... 7.30154522e+09
 7.30154522e+09 7.30154522e+09]",[    50    100    150 ... 499900 499950 500000],"[2.44587645e+11 1.73281089e+11 1.29854608e+11 ... 8.75416901e+09
 8.75416901e+09 8.75416901e+09]","[2.21167305e+10 1.70201513e+10 1.42105531e+10 ... 7.30154522e+09
 7.30154522e+09 7.30154522e+09]",1.7543802642822266,0.061824580169603884,1.7729358673095703,1.835916519165039,1.5963516235351562,[0.9 0.9 0.9 ... 0.3 0.3 0.3],"[3.39934989e-16 3.39934989e-16 3.39934989e-16 ... 1.13311663e-16
 1.13311663e-16 1.13311663e-16]",[1.49618 1.49618 1.49618 ... 1.49618 1.49618 1.49618],"[2.26623326e-16 2.26623326e-16 2.26623326e-16 ... 2.26623326e-16
 2.26623326e-16 2.26623326e-16]",[1.49618 1.49618 1.49618 ... 1.49618 1.49618 1.49618],"[2.26623326e-16 2.26623326e-16 2.26623326e-16 ... 2.26623326e-16
 2.26623326e-16 2.26623326e-16]",[   100    150    200 ... 499900 499950 500000],[0.9 0.9 0.9 ... 0.3 0.3 0.3],"[3.39934989e-16 3.39934989e-16 3.39934989e-16 ... 1.13311663e-16
 1.13311663e-16 1.13311663e-16]",[1.49618 1.49618 1.49618 ... 1.49618 1.49618 1.49618],"[2.26623326e-16 2.26623326e-16 2.26623326e-16 ... 2.26623326e-16
 2.26623326e-16 2.26623326e-16]",[1.49618 1.49618 1.49618 ... 1.49618 1.49618 1.49618],"[2.26623326e-16 2.26623326e-16 2.26623326e-16 ... 2.26623326e-16
 2.26623326e-16 2.26623326e-16]"
F1_BentCigar,50,APSO,function_evaluations,500000,,500000,25,25,9803.0,0.0,9803,9803,500000.0,0.0,500000,500000,"[7.07658548e+01 6.03007199e+03 1.39085426e+03 2.97541107e+03
 4.62594115e+03 3.17636898e+04 2.33641702e-01 2.51966263e+01
 3.17636898e+04 5.22053036e+02 3.17636898e+04 2.30828770e+03
 9.83125764e+03 3.82879488e+03 5.79027857e+01 2.66807237e+04
 9.83125764e+03 1.17430546e+04 7.33338558e+03 2.16764969e+02
 8.48217280e+03 8.25363711e+02 9.30795461e+00 5.90369191e+02
 7.28667903e+03]","[7.07658548e+01 6.03007199e+03 1.39085426e+03 2.97541107e+03
 4.62594115e+03 3.17636898e+04 2.33641702e-01 2.51966263e+01
 3.17636898e+04 5.22053036e+02 3.17636898e+04 2.30828770e+03
 9.83125764e+03 3.82879488e+03 5.79027857e+01 2.66807237e+04
 9.83125764e+03 1.17430546e+04 7.33338558e+03 2.16764969e+02
 8.48217280e+03 8.25363711e+02 9.30795461e+00 5.90369191e+02
 7.28667903e+03]",7998.276765710649,10683.455191688588,3828.794884063215,522.0530363170915,9831.257638451661,0.2336417020213446,31763.689777408043,29.612192702480005,6.143278923473015,31.40532864300002,0.0003752816400037773,0.000158957656651047,[   1    2    3 ... 9801 9802 9803],"[1.73069080e+11 1.26156597e+11 1.15119252e+11 ... 7.99827679e+03
 7.99827679e+03 7.99827677e+03]","[1.44899706e+10 1.07891792e+10 1.22355527e+10 ... 1.06834552e+04
 1.06834552e+04 1.06834552e+04]",[    50    100    150 ... 499900 499950 500000],"[2.44587645e+11 1.73069080e+11 1.26156597e+11 ... 7.99827679e+03
 7.99827679e+03 7.99827677e+03]","[2.21167305e+10 1.44899706e+10 1.07891792e+10 ... 1.06834552e+04
 1.06834552e+04 1.06834552e+04]",4.753199272155761,0.24258803019835812,4.822270393371582,5.134488105773926,2.7051171493530273,[0.61953576 0.59842224 0.70015894 ... 0.4000018  0.40000052 0.40000001],"[1.31687545e-01 1.65325652e-01 1.10392283e-01 ... 7.99085756e-06
 2.12457438e-06 2.92496092e-08]",[2.02737317 2.04124132 2.06090338 ... 2.         2.         2.        ],"[4.60576092e-02 5.61533673e-02 8.06093356e-02 ... 3.36747316e-15
 3.36747316e-15 3.36747316e-15]",[1.97262683 1.95875868 1.93909662 ... 2.         2.         2.        ],"[4.60576092e-02 5.61533673e-02 8.06093356e-02 ... 3.33837005e-15
 3.33837005e-15 3.33837005e-15]",[   101    151    201 ... 499901 499951 499979],[0.61953576 0.60666381 0.66656835 ... 0.4000018  0.40000052 0.40000052],"[1.31687545e-01 1.57883387e-01 1.51977545e-01 ... 7.99085756e-06
 2.12457438e-06 2.12457438e-06]",[2.02737317 2.04124132 2.05774864 ... 2.         2.         2.        ],"[4.60576092e-02 5.61533673e-02 8.14076645e-02 ... 3.36747316e-15
 3.36747316e-15 3.36747316e-15]",[1.97262683 1.95875868 1.94225136 ... 2.         2.         2.        ],"[4.60576092e-02 5.61533673e-02 8.14076645e-02 ... 3.33837005e-15
 3.33837005e-15 3.33837005e-15]"
F1_BentCigar,50,UAPSO,function_evaluations,500000,,500000,25,25,9999.0,0.0,9999,9999,500000.0,0.0,500000,500000,"[1.79227833e+10 1.92325997e+10 4.77970282e+09 1.51453853e+10
 8.01024337e+09 3.77954790e+09 3.03251359e+10 2.09373254e+09
 2.19361758e+10 3.90066511e+09 1.42381145e+10 3.37334127e+10
 3.90806510e+10 1.35748783e+10 1.15526396e+10 4.25972424e+09
 1.14508742e+10 3.71458559e+10 3.46291330e+10 6.00966852e+10
 1.86332250e+10 3.06248241e+10 3.70038246e+10 1.72848967e+10
 4.31414621e+10]","[1.79227833e+10 1.92325997e+10 4.77970282e+09 1.51453853e+10
 8.01024337e+09 3.77954790e+09 3.03251359e+10 2.09373254e+09
 2.19361758e+10 3.90066511e+09 1.42381145e+10 3.37334127e+10
 3.90806510e+10 1.35748783e+10 1.15526396e+10 4.25972424e+09
 1.14508742e+10 3.71458559e+10 3.46291330e+10 6.00966852e+10
 1.86332250e+10 3.06248241e+10 3.70038246e+10 1.72848967e+10
 4.31414621e+10]",21343046910.95737,14991598855.613117,17922783257.00206,11450874232.153282,33733412666.205162,2093732542.0778117,60096685185.66314,19.885236111799994,3.7365716509574005,20.344442396999966,0.0004017332799980977,6.538271681268444e-05,[   1    2    3 ... 9997 9998 9999],"[1.93415287e+11 1.44582932e+11 1.22005602e+11 ... 2.13430469e+10
 2.13430469e+10 2.13430469e+10]","[2.75907625e+10 2.59867489e+10 1.76869308e+10 ... 1.49915989e+10
 1.49915989e+10 1.49915989e+10]",[    50    100    150 ... 499900 499950 500000],"[2.44587645e+11 1.93415287e+11 1.44582932e+11 ... 2.13430469e+10
 2.13430469e+10 2.13430469e+10]","[2.21167305e+10 2.75907625e+10 2.59867489e+10 ... 1.49915989e+10
 1.49915989e+10 1.49915989e+10]",2.154807243347168,0.07737628018217826,2.1279706954956055,2.484373092651367,1.9956857681274414,[0.44421053 0.43789474 0.52421053 ... 0.54526316 0.57894737 0.55368421],[0.3287122  0.31311735 0.30176459 ... 0.30609385 0.29225143 0.30009232],[1.10222222 0.82666667 1.04       ... 1.31555556 0.78222222 0.78222222],[0.62683476 0.63349576 0.63414503 ... 0.50479185 0.63544159 0.66703693],[0.93333333 1.00444444 1.00444444 ... 1.05777778 0.88888889 0.95111111],[0.68793243 0.49740065 0.66083872 ... 0.62945531 0.57017794 0.62367555],[   100    150    200 ... 499900 499950 500000],[0.44421053 0.43789474 0.52421053 ... 0.54526316 0.57894737 0.55368421],[0.3287122  0.31311735 0.30176459 ... 0.30609385 0.29225143 0.30009232],[1.10222222 0.82666667 1.04       ... 1.31555556 0.78222222 0.78222222],[0.62683476 0.63349576 0.63414503 ... 0.50479185 0.63544159 0.66703693],[0.93333333 1.00444444 1.00444444 ... 1.05777778 0.88888889 0.95111111],[0.68793243 0.49740065 0.66083872 ... 0.62945531 0.57017794 0.62367555]
F3_Zakharov,50,PSO,function_evaluations,500000,,500000,25,25,9999.0,0.0,9999,9999,500000.0,0.0,500000,500000,"[1349.69595469  460.98427562 1002.26375093  380.16535545  292.5374573
  816.00019028  802.96006127  594.56878266 1182.96168839  346.9805565
  369.63225     859.48854108 1605.47304795  683.07832509  360.13316713
  740.67628975  321.03613495  422.46849635 1276.33522915  420.74853974
  405.77218049  339.09670305  377.76666249  652.69199713  413.74173714]","[1349.69595469  460.98427562 1002.26375093  380.16535545  292.5374573
  816.00019028  802.96006127  594.56878266 1182.96168839  346.9805565
  369.63225     859.48854108 1605.47304795  683.07832509  360.13316713
  740.67628975  321.03613495  422.46849635 1276.33522915  420.74853974
  405.77218049  339.09670305  377.76666249  652.69199713  413.74173714]",659.0902949841247,370.67806490347397,460.9842756242688,377.7666624945721,816.0001902815534,292.53745729948446,1605.4730479476505,30.559768605559995,6.296969294894313,31.146378644000038,0.0002501699599838503,3.702306336819274e-05,[   1    2    3 ... 9997 9998 9999],"[72898.52695787 47016.19942633 40614.82452216 ...   659.09034631
   659.09031226   659.09029498]","[17446.8255995  11059.98394386  9823.58850743 ...   370.6780236
   370.67804711   370.6780649 ]",[    50    100    150 ... 499900 499950 500000],"[128991.74357023  72898.52695787  47016.19942633 ...    659.09034631
    659.09031226    659.09029498]","[27586.5417912  17446.8255995  11059.98394386 ...   370.6780236
   370.67804711   370.6780649 ]",1.3468534088134765,0.010758337502503523,1.3455448150634766,1.366739273071289,1.1910107421875,[0.8 0.8 0.8 ... 0.8 0.8 0.8],"[2.26623326e-16 2.26623326e-16 2.26623326e-16 ... 2.26623326e-16
 2.26623326e-16 2.26623326e-16]",[2. 2. 2. ... 2. 2. 2.],[0. 0. 0. ... 0. 0. 0.],[2. 2. 2. ... 2. 2. 2.],[0. 0. 0. ... 0. 0. 0.],[   100    150    200 ... 499900 499950 500000],[0.8 0.8 0.8 ... 0.8 0.8 0.8],"[2.26623326e-16 2.26623326e-16 2.26623326e-16 ... 2.26623326e-16
 2.26623326e-16 2.26623326e-16]",[2. 2. 2. ... 2. 2. 2.],[0. 0. 0. ... 0. 0. 0.],[2. 2. 2. ... 2. 2. 2.],[0. 0. 0. ... 0. 0. 0.]
F3_Zakharov,50,PSOLVIW,function_evaluations,500000,,500000,25,25,9999.0,0.0,9999,9999,500000.0,0.0,500000,500000,"[ 201.7690922   335.41067232 1579.25109543  799.9324514   391.00868747
  287.63760868  905.46334609  559.28153915  540.24523491  472.61088406
  244.78844983  839.78537176 1387.85617154  442.32456929  440.48742833
  332.05761434 1085.24836537  783.03029637  621.3082756   622.80035104
  425.11705272 1531.23161531 1323.12135968  354.7378387  1623.41444606]","[ 201.7690922   335.41067232 1579.25109543  799.9324514   391.00868747
  287.63760868  905.46334609  559.28153915  540.24523491  472.61088406
  244.78844983  839.78537176 1387.85617154  442.32456929  440.48742833
  332.05761434 1085.24836537  783.03029637  621.3082756   622.80035104
  425.11705272 1531.23161531 1323.12135968  354.7378387  1623.41444606]",725.1967927052393,447.9721562780174,559.2815391540714,391.00868746859373,905.4633460882128,201.76909219552726,1623.4144460649222,30.147640006919982,5.839698136789835,30.714588046999893,0.0002213778399845978,2.9674492691869627e-05,[   1    2    3 ... 9997 9998 9999],"[72898.52695787 48161.72446323 42791.10479304 ...   725.19681193
   725.1968054    725.19679271]","[17446.8255995  11057.84780223  9532.75779353 ...   447.97213482
   447.97214211   447.97215628]",[    50    100    150 ... 499900 499950 500000],"[128991.74357023  72898.52695787  48161.72446323 ...    725.19681193
    725.1968054     725.19679271]","[27586.5417912  17446.8255995  11057.84780223 ...   447.97213482
   447.97214211   447.97215628]",1.8758832550048827,0.07903497080253136,1.874704360961914,2.0515613555908203,1.7115872192382813,[0.9        0.89994999 0.89989998 ... 0.40010002 0.40005001 0.4       ],"[3.39934989e-16 0.00000000e+00 1.13311663e-16 ... 2.26623326e-16
 1.69967494e-16 1.13311663e-16]",[2. 2. 2. ... 2. 2. 2.],[0. 0. 0. ... 0. 0. 0.],[2. 2. 2. ... 2. 2. 2.],[0. 0. 0. ... 0. 0. 0.],[   100    150    200 ... 499900 499950 500000],[0.9        0.89994999 0.89989998 ... 0.40010002 0.40005001 0.4       ],"[3.39934989e-16 0.00000000e+00 1.13311663e-16 ... 2.26623326e-16
 1.69967494e-16 1.13311663e-16]",[2. 2. 2. ... 2. 2. 2.],[0. 0. 0. ... 0. 0. 0.],[2. 2. 2. ... 2. 2. 2.],[0. 0. 0. ... 0. 0. 0.]
F3_Zakharov,50,PSOTVAC,function_evaluations,500000,,500000,25,25,9999.0,0.0,9999,9999,500000.0,0.0,500000,500000,"[  67.22175573  224.81059501 1326.26849114  185.25546345  205.03813253
  160.84130965  216.17132694  586.91763071  168.80016734  296.72522147
  123.95733097  199.88262788  159.25251213   96.28574003  135.93346644
  164.26611343  161.03966424  174.77819961  472.44758721  156.76903046
  166.76671648  134.78806132  212.43247661  344.69575407  161.03705209]","[  67.22175573  224.81059501 1326.26849114  185.25546345  205.03813253
  160.84130965  216.17132694  586.91763071  168.80016734  296.72522147
  123.95733097  199.88262788  159.25251213   96.28574003  135.93346644
  164.26611343  161.03966424  174.77819961  472.44758721  156.76903046
  166.76671648  134.78806132  212.43247661  344.69575407  161.03705209]",252.09529707717985,250.89412351714333,168.80016734445564,159.25251213090723,216.17132694000452,67.22175572696506,1326.2684911378615,30.66950939848,5.67308934344562,31.92989215800003,0.0003941323200115221,0.00021740536372376118,[   1    2    3 ... 9997 9998 9999],"[91184.63368872 52109.60336324 42554.9609721  ...   252.10353779
   252.09949534   252.09529708]","[17607.50546778 12880.04477164 12554.1148905  ...   250.89230094
   250.89307376   250.89412352]",[    50    100    150 ... 499900 499950 500000],"[128991.74357023  91184.63368872  52109.60336324 ...    252.10353779
    252.09949534    252.09529708]","[27586.5417912  17607.50546778 12880.04477164 ...   250.89230094
   250.89307376   250.89412352]",3.4302066802978515,0.5319066329773167,3.567201614379883,4.121973037719727,3.0719378662109373,[0.9        0.89994999 0.89989998 ... 0.40010002 0.40005001 0.4       ],"[3.39934989e-16 1.13311663e-16 1.13311663e-16 ... 2.26623326e-16
 1.69967494e-16 1.13311663e-16]",[2.5        2.49979996 2.49959992 ... 0.50040008 0.50020004 0.5       ],"[0.00000000e+00 1.35973996e-15 1.35973996e-15 ... 3.39934989e-16
 1.13311663e-16 0.00000000e+00]",[0.5        0.50020004 0.50040008 ... 2.49959992 2.49979996 2.5       ],"[0.00000000e+00 1.13311663e-16 2.26623326e-16 ... 1.35973996e-15
 1.35973996e-15 0.00000000e+00]",[   100    150    200 ... 499900 499950 500000],[0.9        0.89994999 0.89989998 ... 0.40010002 0.40005001 0.4       ],"[3.39934989e-16 1.13311663e-16 1.13311663e-16 ... 2.26623326e-16
 1.69967494e-16 1.13311663e-16]",[2.5        2.49979996 2.49959992 ... 0.50040008 0.50020004 0.5       ],"[0.00000000e+00 1.35973996e-15 1.35973996e-15 ... 3.39934989e-16
 1.13311663e-16 0.00000000e+00]",[0.5        0.50020004 0.50040008 ... 2.49959992 2.49979996 2.5       ],"[0.00000000e+00 1.13311663e-16 2.26623326e-16 ... 1.35973996e-15
 1.35973996e-15 0.00000000e+00]"
F3_Zakharov,50,APSOVI,function_evaluations,500000,,500000,25,25,9999.0,0.0,9999,9999,500000.0,0.0,500000,500000,"[ 400.69561398 1120.86418109 1715.40085811  341.97492942  697.495588
  702.93673415 1237.99260086 1353.43086175 1698.68224209 1536.51245758
  702.19108776  686.45594597 1179.40919496 1385.65067221 2739.12026317
  580.18235807 1449.62932488 1467.41590138 1901.966624    215.09050769
  633.96013596 1040.5407789   775.02828033  644.49837434 1654.0984648 ]","[ 400.69561398 1120.86418109 1715.40085811  341.97492942  697.495588
  702.93673415 1237.99260086 1353.43086175 1698.68224209 1536.51245758
  702.19108776  686.45594597 1179.40919496 1385.65067221 2739.12026317
  580.18235807 1449.62932488 1467.41590138 1901.966624    215.09050769
  633.96013596 1040.5407789   775.02828033  644.49837434 1654.0984648 ]",1114.4489592582818,587.6455620970758,1120.8641810853842,686.4559459730193,1467.4159013818175,215.0905076925926,2739.1202631678552,30.556954167319997,6.2667933336421315,32.11285966699995,0.0004152288399882309,0.0007189698505005876,[   1    2    3 ... 9997 9998 9999],"[74251.58561034 46772.29626742 41323.00475841 ...  1114.44896314
  1114.44896118  1114.44895926]","[17736.64811316 10993.17877951  9857.66789226 ...   587.64555988
   587.64556105   587.6455621 ]",[    50    100    150 ... 499900 499950 500000],"[128991.74357023  74251.58561034  46772.29626742 ...   1114.44896314
   1114.44896118   1114.44895926]","[27586.5417912  17736.64811316 10993.17877951 ...   587.64555988
   587.64556105   587.6455621 ]",1.7951660919189454,0.06498946078480387,1.7870731353759766,1.9072513580322266,1.6359030151367187,[0.9 0.9 0.9 ... 0.3 0.3 0.3],"[3.39934989e-16 3.39934989e-16 3.39934989e-16 ... 1.13311663e-16
 1.13311663e-16 1.13311663e-16]",[1.49618 1.49618 1.49618 ... 1.49618 1.49618 1.49618],"[2.26623326e-16 2.26623326e-16 2.26623326e-16 ... 2.26623326e-16
 2.26623326e-16 2.26623326e-16]",[1.49618 1.49618 1.49618 ... 1.49618 1.49618 1.49618],"[2.26623326e-16 2.26623326e-16 2.26623326e-16 ... 2.26623326e-16
 2.26623326e-16 2.26623326e-16]",[   100    150    200 ... 499900 499950 500000],[0.9 0.9 0.9 ... 0.3 0.3 0.3],"[3.39934989e-16 3.39934989e-16 3.39934989e-16 ... 1.13311663e-16
 1.13311663e-16 1.13311663e-16]",[1.49618 1.49618 1.49618 ... 1.49618 1.49618 1.49618],"[2.26623326e-16 2.26623326e-16 2.26623326e-16 ... 2.26623326e-16
 2.26623326e-16 2.26623326e-16]",[1.49618 1.49618 1.49618 ... 1.49618 1.49618 1.49618],"[2.26623326e-16 2.26623326e-16 2.26623326e-16 ... 2.26623326e-16
 2.26623326e-16 2.26623326e-16]"
F3_Zakharov,50,APSO,function_evaluations,500000,,500000,25,25,9803.0,0.0,9803,9803,500000.0,0.0,500000,500000,"[ 73.33447687  76.00615744  62.31300273 139.17845542  60.14266741
  56.14077005 149.47328663 150.54382796 150.72243359 148.5591451
  86.33101109 152.74688372 128.12391375  56.14083882  77.27526705
  56.14077005  81.57517875  79.10565499 142.80054468 156.61670218
  56.14077005 157.50499749 151.88336817  60.14266454 134.95632088]","[ 73.33447687  76.00615744  62.31300273 139.17845542  60.14266741
  56.14077005 149.47328663 150.54382796 150.72243359 148.5591451
  86.33101109 152.74688372 128.12391375  56.14083882  77.27526705
  56.14077005  81.57517875  79.10565499 142.80054468 156.61670218
  56.14077005 157.50499749 151.88336817  60.14266454 134.95632088]",105.75596437667045,41.597774222313916,86.3310110891257,62.31300272504603,149.4732866294762,56.14077005041713,157.50499749494247,41.233772880960004,7.804540912719304,43.690005857000074,0.0003499614400016071,0.00017508338822002173,[   1    2    3 ... 9801 9802 9803],"[72602.34440459 47101.18958714 39847.1259479  ...   105.75794739
   105.75664753   105.75596836]","[16055.05616707  9959.60008822  9577.89987735 ...    41.59951958
    41.59821857    41.59777821]",[    50    100    150 ... 499900 499950 500000],"[1.28991744e+05 7.26023444e+04 4.71011896e+04 ... 1.05757521e+02
 1.05756204e+02 1.05755964e+02]","[27586.5417912  16055.05616707  9959.60008822 ...    41.59905182
    41.59795596    41.59777422]",4.908363723754883,0.05836687165280517,4.924263000488281,4.970057487487793,2.8597836685180664,[0.57342511 0.64296085 0.7114985  ... 0.40128003 0.40028047 0.40007782],[0.1189306  0.10290986 0.07942445 ... 0.00383514 0.00071301 0.00013008],[2.0312785  2.06378011 2.10541665 ... 2.         2.         2.        ],"[3.30381674e-02 5.39460892e-02 7.99032145e-02 ... 3.88842308e-15
 3.88842308e-15 3.88842308e-15]",[1.9687215  1.93621989 1.89458335 ... 2.         2.         2.        ],"[3.30381674e-02 5.39460892e-02 7.99032145e-02 ... 3.91606156e-15
 3.91606156e-15 3.91606156e-15]",[   101    151    201 ... 499901 499951 499975],[0.57342511 0.63147292 0.6724442  ... 0.40128003 0.40028047 0.40027509],[0.1189306  0.1184545  0.10304212 ... 0.00383514 0.00071301 0.00071381],[2.0312785  2.06378011 2.10203259 ... 2.         2.         2.        ],"[3.30381674e-02 5.39460892e-02 8.08722475e-02 ... 3.88842308e-15
 3.88842308e-15 3.88842308e-15]",[1.9687215  1.93621989 1.89796741 ... 2.         2.         2.        ],"[3.30381674e-02 5.39460892e-02 8.08722475e-02 ... 3.91606156e-15
 3.91606156e-15 3.91606156e-15]"
F3_Zakharov,50,UAPSO,function_evaluations,500000,,500000,25,25,9999.0,0.0,9999,9999,500000.0,0.0,500000,500000,"[ 4192.18341866  3805.97564862  1081.5508181   2169.74783925
  1907.57946845  1152.40781122  4368.78577766  1407.90402967
  6281.02077927   506.23120982  2300.41705642  2118.98618413
 11054.20129498   812.77199308  8005.14606987   872.28884719
   689.93288197  8625.83855606  9123.99712053  8978.38839016
  1317.59785498 11028.00954834  8930.62315217  1533.05216639
  9070.20547444]","[ 4192.18341866  3805.97564862  1081.5508181   2169.74783925
  1907.57946845  1152.40781122  4368.78577766  1407.90402967
  6281.02077927   506.23120982  2300.41705642  2118.98618413
 11054.20129498   812.77199308  8005.14606987   872.28884719
   689.93288197  8625.83855606  9123.99712053  8978.38839016
  1317.59785498 11028.00954834  8930.62315217  1533.05216639
  9070.20547444]",4453.393735656683,3718.262789253794,2300.4170564155997,1317.597854978864,8625.838556060606,506.2312098162977,11054.201294979635,33.308856395319985,6.476616969558104,34.124314038999955,0.0005903053599922714,0.000578400283001268,[   1    2    3 ... 9997 9998 9999],"[88472.30954108 56218.60473033 45485.77659981 ...  4453.39373566
  4453.39373566  4453.39373566]","[26815.32156215 17634.23027422 15943.79974376 ...  3718.26278925
  3718.26278925  3718.26278925]",[    50    100    150 ... 499900 499950 500000],"[128991.74357023  88472.30954108  56218.60473033 ...   4453.39373566
   4453.39373566   4453.39373566]","[27586.5417912  26815.32156215 17634.23027422 ...  3718.26278925
  3718.26278925  3718.26278925]",2.151198081970215,0.05135856469131295,2.1511049270629883,2.3164873123168945,1.9929081726074218,[0.44421053 0.43789474 0.52421053 ... 0.54526316 0.57894737 0.55368421],[0.3287122  0.31311735 0.30176459 ... 0.30609385 0.29225143 0.30009232],[1.10222222 0.82666667 1.04       ... 1.31555556 0.78222222 0.78222222],[0.62683476 0.63349576 0.63414503 ... 0.50479185 0.63544159 0.66703693],[0.93333333 1.00444444 1.00444444 ... 1.04888889 0.88888889 0.95111111],[0.68793243 0.49740065 0.66083872 ... 0.6367355  0.57017794 0.62367555],[   100    150    200 ... 499900 499950 500000],[0.44421053 0.43789474 0.52421053 ... 0.54526316 0.57894737 0.55368421],[0.3287122  0.31311735 0.30176459 ... 0.30609385 0.29225143 0.30009232],[1.10222222 0.82666667 1.04       ... 1.31555556 0.78222222 0.78222222],[0.62683476 0.63349576 0.63414503 ... 0.50479185 0.63544159 0.66703693],[0.93333333 1.00444444 1.00444444 ... 1.04888889 0.88888889 0.95111111],[0.68793243 0.49740065 0.66083872 ... 0.6367355  0.57017794 0.62367555]
F5_Rastrigin_SR,50,PSO,function_evaluations,500000,,500000,25,25,9999.0,0.0,9999,9999,500000.0,0.0,500000,500000,"[0.00629992 0.00592984 0.0094918  0.01100658 0.00701719 0.00824539
 0.00923064 0.00857244 0.00660305 0.01833917 0.01738863 0.0131085
 0.01247293 0.01519777 0.01685984 0.01438798 0.0069958  0.00807291
 0.00995182 0.00967518 0.00301085 0.00852798 0.00977255 0.01382254
 0.00709729]","[0.00629992 0.00592984 0.0094918  0.01100658 0.00701719 0.00824539
 0.00923064 0.00857244 0.00660305 0.01833917 0.01738863 0.0131085
 0.01247293 0.01519777 0.01685984 0.01438798 0.0069958  0.00807291
 0.00995182 0.00967518 0.00301085 0.00852798 0.00977255 0.01382254
 0.00709729]",0.010283143635492707,0.00395737819102697,0.009491795885196552,0.007097288495401699,0.013108503977946384,0.003010851314570573,0.01833916560082116,245.72028748868004,47.05144760139508,262.34182015,0.00024310947998401389,4.584868472715828e-05,[   1    2    3 ... 9997 9998 9999],[0.10876669 0.09042252 0.07903693 ... 0.01028314 0.01028314 0.01028314],[0.02701828 0.02160137 0.02115073 ... 0.00395738 0.00395738 0.00395738],[    50    100    150 ... 499900 499950 500000],[0.14984663 0.10876669 0.09042252 ... 0.01028314 0.01028314 0.01028314],[0.02690066 0.02701828 0.02160137 ... 0.00395738 0.00395738 0.00395738],1.321541519165039,0.00833732833941165,1.3195209503173828,1.3404712677001953,1.1661480712890624,[0.8 0.8 0.8 ... 0.8 0.8 0.8],"[2.26623326e-16 2.26623326e-16 2.26623326e-16 ... 2.26623326e-16
 2.26623326e-16 2.26623326e-16]",[2. 2. 2. ... 2. 2. 2.],[0. 0. 0. ... 0. 0. 0.],[2. 2. 2. ... 2. 2. 2.],[0. 0. 0. ... 0. 0. 0.],[   100    150    200 ... 499900 499950 500000],[0.8 0.8 0.8 ... 0.8 0.8 0.8],"[2.26623326e-16 2.26623326e-16 2.26623326e-16 ... 2.26623326e-16
 2.26623326e-16 2.26623326e-16]",[2. 2. 2. ... 2. 2. 2.],[0. 0. 0. ... 0. 0. 0.],[2. 2. 2. ... 2. 2. 2.],[0. 0. 0. ... 0. 0. 0.]
F5_Rastrigin_SR,50,PSOLVIW,function_evaluations,500000,,500000,25,25,9999.0,0.0,9999,9999,500000.0,0.0,500000,500000,"[1.51763786e-05 3.54305092e-05 1.35916183e-04 4.20988287e-04
 2.31122246e-04 3.85451543e-05 1.46427778e-05 4.51739730e-05
 4.93204840e-06 1.47458676e-04 5.48458981e-04 3.30118589e-05
 1.51113355e-04 2.32942625e-06 4.47192712e-05 1.14803014e-05
 1.21504538e-05 7.28984645e-06 3.30874814e-05 8.38680564e-05
 2.38497908e-04 1.04661864e-04 2.50562232e-06 6.54087433e-04
 3.84978719e-05]","[1.51763786e-05 3.54305092e-05 1.35916183e-04 4.20988287e-04
 2.31122246e-04 3.85451543e-05 1.46427778e-05 4.51739730e-05
 4.93204840e-06 1.47458676e-04 5.48458981e-04 3.30118589e-05
 1.51113355e-04 2.32942625e-06 4.47192712e-05 1.14803014e-05
 1.21504538e-05 7.28984645e-06 3.30874814e-05 8.38680564e-05
 2.38497908e-04 1.04661864e-04 2.50562232e-06 6.54087433e-04
 3.84978719e-05]",0.00012220583854059442,0.00017501343294653522,3.854515432522021e-05,1.4642777784956706e-05,0.0001474586757126417,2.329426251890254e-06,0.0006540874326219637,247.37937359655996,46.08345913565904,263.91433638499984,0.00022788835999563162,4.334052019482288e-05,[   1    2    3 ... 9997 9998 9999],[0.10876669 0.08978084 0.08483779 ... 0.00012221 0.00012221 0.00012221],[0.02701828 0.02111409 0.02143451 ... 0.00017502 0.00017501 0.00017501],[    50    100    150 ... 499900 499950 500000],"[1.49846631e-01 1.08766692e-01 8.97808436e-02 ... 1.22211827e-04
 1.22208653e-04 1.22205839e-04]",[0.02690066 0.02701828 0.02111409 ... 0.00017502 0.00017501 0.00017501],1.8435599517822265,0.021755039317582443,1.8400211334228516,1.878458023071289,1.6846063232421875,[0.9        0.89994999 0.89989998 ... 0.40010002 0.40005001 0.4       ],"[3.39934989e-16 0.00000000e+00 1.13311663e-16 ... 2.26623326e-16
 1.69967494e-16 1.13311663e-16]",[2. 2. 2. ... 2. 2. 2.],[0. 0. 0. ... 0. 0. 0.],[2. 2. 2. ... 2. 2. 2.],[0. 0. 0. ... 0. 0. 0.],[   100    150    200 ... 499900 499950 500000],[0.9        0.89994999 0.89989998 ... 0.40010002 0.40005001 0.4       ],"[3.39934989e-16 0.00000000e+00 1.13311663e-16 ... 2.26623326e-16
 1.69967494e-16 1.13311663e-16]",[2. 2. 2. ... 2. 2. 2.],[0. 0. 0. ... 0. 0. 0.],[2. 2. 2. ... 2. 2. 2.],[0. 0. 0. ... 0. 0. 0.]
F5_Rastrigin_SR,50,PSOTVAC,function_evaluations,500000,,500000,25,25,9999.0,0.0,9999,9999,500000.0,0.0,500000,500000,"[7.90947440e-05 2.03548558e-04 7.17388554e-06 3.37961459e-04
 2.71381605e-04 8.30009247e-06 2.89049360e-04 2.27764729e-05
 1.24606911e-05 2.26742943e-04 1.95366273e-04 1.09770114e-04
 4.99727491e-07 3.01680528e-05 3.30459684e-05 7.05968411e-05
 6.57332180e-07 1.29510895e-04 1.93723987e-05 8.26678558e-07
 9.81249747e-06 6.59464587e-06 1.86466621e-05 1.89617799e-06
 7.17510211e-05]","[7.90947440e-05 2.03548558e-04 7.17388554e-06 3.37961459e-04
 2.71381605e-04 8.30009247e-06 2.89049360e-04 2.27764729e-05
 1.24606911e-05 2.26742943e-04 1.95366273e-04 1.09770114e-04
 4.99727491e-07 3.01680528e-05 3.30459684e-05 7.05968411e-05
 6.57332180e-07 1.29510895e-04 1.93723987e-05 8.26678558e-07
 9.81249747e-06 6.59464587e-06 1.86466621e-05 1.89617799e-06
 7.17510211e-05]",8.628020386822755e-05,0.00010511816552832967,3.0168052830958914e-05,8.300092474655685e-06,0.00012951089479429356,4.997274913876026e-07,0.00033796145947917466,246.42694488147998,45.885369341039585,263.7727542759999,0.0002848350800377375,0.00014622889401520872,[   1    2    3 ... 9997 9998 9999],"[1.15835530e-01 9.32698688e-02 8.53391538e-02 ... 8.62803764e-05
 8.62802941e-05 8.62802039e-05]",[0.02007743 0.01694633 0.01320714 ... 0.00010512 0.00010512 0.00010512],[    50    100    150 ... 499900 499950 500000],"[1.49846631e-01 1.15835530e-01 9.32698688e-02 ... 8.62803764e-05
 8.62802941e-05 8.62802039e-05]",[0.02690066 0.02007743 0.01694633 ... 0.00010512 0.00010512 0.00010512],3.52766975402832,0.2589921164065099,3.471406936645508,4.003625869750977,3.1533999633789063,[0.9        0.89994999 0.89989998 ... 0.40010002 0.40005001 0.4       ],"[3.39934989e-16 1.13311663e-16 1.13311663e-16 ... 2.26623326e-16
 1.69967494e-16 1.13311663e-16]",[2.5        2.49979996 2.49959992 ... 0.50040008 0.50020004 0.5       ],"[0.00000000e+00 1.35973996e-15 1.35973996e-15 ... 3.39934989e-16
 1.13311663e-16 0.00000000e+00]",[0.5        0.50020004 0.50040008 ... 2.49959992 2.49979996 2.5       ],"[0.00000000e+00 1.13311663e-16 2.26623326e-16 ... 1.35973996e-15
 1.35973996e-15 0.00000000e+00]",[   100    150    200 ... 499900 499950 500000],[0.9        0.89994999 0.89989998 ... 0.40010002 0.40005001 0.4       ],"[3.39934989e-16 1.13311663e-16 1.13311663e-16 ... 2.26623326e-16
 1.69967494e-16 1.13311663e-16]",[2.5        2.49979996 2.49959992 ... 0.50040008 0.50020004 0.5       ],"[0.00000000e+00 1.35973996e-15 1.35973996e-15 ... 3.39934989e-16
 1.13311663e-16 0.00000000e+00]",[0.5        0.50020004 0.50040008 ... 2.49959992 2.49979996 2.5       ],"[0.00000000e+00 1.13311663e-16 2.26623326e-16 ... 1.35973996e-15
 1.35973996e-15 0.00000000e+00]"
F5_Rastrigin_SR,50,APSOVI,function_evaluations,500000,,500000,25,25,9999.0,0.0,9999,9999,500000.0,0.0,500000,500000,"[8.63142355e-06 2.74137779e-04 6.54908366e-04 4.86263421e-05
 3.22405255e-05 1.13905147e-04 2.52443058e-05 1.23144497e-05
 2.02723639e-04 9.71068957e-05 6.73295522e-04 5.99698131e-04
 5.69549228e-04 1.36766781e-05 4.83529087e-05 3.48417412e-05
 1.37161493e-04 2.67504605e-04 3.32561209e-04 4.99526834e-05
 6.77430976e-04 6.69812513e-04 2.69435362e-04 7.80827603e-05
 9.13368118e-04]","[8.63142355e-06 2.74137779e-04 6.54908366e-04 4.86263421e-05
 3.22405255e-05 1.13905147e-04 2.52443058e-05 1.23144497e-05
 2.02723639e-04 9.71068957e-05 6.73295522e-04 5.99698131e-04
 5.69549228e-04 1.36766781e-05 4.83529087e-05 3.48417412e-05
 1.37161493e-04 2.67504605e-04 3.32561209e-04 4.99526834e-05
 6.77430976e-04 6.69812513e-04 2.69435362e-04 7.80827603e-05
 9.13368118e-04]",0.0002721825121284382,0.0002802373491503742,0.0001371614926597431,4.835290866367359e-05,0.0005695492282598025,8.63142355456148e-06,0.000913368118233393,247.08445603112006,47.399047248075966,263.30322139300006,0.0002614647200607578,8.713424887143278e-05,[   1    2    3 ... 9997 9998 9999],[0.10492955 0.08711341 0.08368105 ... 0.00027219 0.00027218 0.00027218],[0.02252604 0.02087463 0.02053334 ... 0.00028025 0.00028024 0.00028024],[    50    100    150 ... 499900 499950 500000],[0.14984663 0.10492955 0.08711341 ... 0.00027219 0.00027218 0.00027218],[0.02690066 0.02252604 0.02087463 ... 0.00028025 0.00028024 0.00028024],1.8757547760009765,0.11856100140311135,1.8675708770751953,2.115121841430664,1.704066162109375,[0.9 0.9 0.9 ... 0.3 0.3 0.3],"[3.39934989e-16 3.39934989e-16 3.39934989e-16 ... 1.13311663e-16
 1.13311663e-16 1.13311663e-16]",[1.49618 1.49618 1.49618 ... 1.49618 1.49618 1.49618],"[2.26623326e-16 2.26623326e-16 2.26623326e-16 ... 2.26623326e-16
 2.26623326e-16 2.26623326e-16]",[1.49618 1.49618 1.49618 ... 1.49618 1.49618 1.49618],"[2.26623326e-16 2.26623326e-16 2.26623326e-16 ... 2.26623326e-16
 2.26623326e-16 2.26623326e-16]",[   100    150    200 ... 499900 499950 500000],[0.9 0.9 0.9 ... 0.3 0.3 0.3],"[3.39934989e-16 3.39934989e-16 3.39934989e-16 ... 1.13311663e-16
 1.13311663e-16 1.13311663e-16]",[1.49618 1.49618 1.49618 ... 1.49618 1.49618 1.49618],"[2.26623326e-16 2.26623326e-16 2.26623326e-16 ... 2.26623326e-16
 2.26623326e-16 2.26623326e-16]",[1.49618 1.49618 1.49618 ... 1.49618 1.49618 1.49618],"[2.26623326e-16 2.26623326e-16 2.26623326e-16 ... 2.26623326e-16
 2.26623326e-16 2.26623326e-16]"
F5_Rastrigin_SR,50,APSO,function_evaluations,500000,,500000,25,25,9802.8,0.408248290463863,9802,9803,500000.0,0.0,500000,500000,"[1.02392655e-03 3.19401710e-05 5.49480333e-04 8.38173588e-05
 8.12674650e-05 1.31682284e-04 6.90706937e-04 6.65866346e-05
 4.15318666e-04 6.44819481e-04 3.36682068e-04 1.86318462e-05
 6.16774605e-06 1.82376695e-04 4.19281329e-04 2.36139086e-04
 3.94379072e-08 5.51129688e-07 8.66965570e-05 2.41275829e-04
 2.26887113e-05 2.52783853e-04 1.09043573e-03 2.81764464e-05
 1.24416133e-05]","[1.02392655e-03 3.19401710e-05 5.49480333e-04 8.38173588e-05
 8.12674650e-05 1.31682284e-04 6.90706937e-04 6.65866346e-05
 4.15318666e-04 6.44819481e-04 3.36682068e-04 1.86318462e-05
 6.16774605e-06 1.82376695e-04 4.19281329e-04 2.36139086e-04
 3.94379072e-08 5.51129688e-07 8.66965570e-05 2.41275829e-04
 2.26887113e-05 2.52783853e-04 1.09043573e-03 2.81764464e-05
 1.24416133e-05]",0.0002661565584799064,0.0003148979178477316,0.00013168228412041572,2.8176446448924253e-05,0.0004153186661710606,3.943790716220974e-08,0.0010904357308163526,257.02641534068,47.719240633359334,273.79322612700025,0.00023777871996571775,6.267582949201563e-05,[   1    2    3 ... 9800 9801 9802],[0.10451962 0.08284357 0.07696842 ... 0.00026616 0.00026616 0.00026616],[0.01934326 0.01693102 0.01482596 ... 0.0003149  0.0003149  0.0003149 ],[    50    100    150 ... 499900 499950 500000],[0.14984663 0.10451962 0.08284357 ... 0.00026616 0.00026616 0.00026616],[0.02690066 0.01934326 0.01693102 ... 0.0003149  0.0003149  0.0003149 ],4.9531922531127925,0.02136815028045792,4.9435529708862305,4.996492385864258,2.903653984069824,[0.62763482 0.64894935 0.65111456 ... 0.40009721 0.40012624 0.4001538 ],[0.09596351 0.10432671 0.14299126 ... 0.00015894 0.00027472 0.00022389],[2.04639621 2.08619943 2.09750251 ... 2.         2.         2.        ],"[2.97752874e-02 4.48905158e-02 5.97651003e-02 ... 9.06493304e-16
 9.06493304e-16 9.06493304e-16]",[1.95360379 1.91380057 1.90249749 ... 2.         2.         2.        ],"[2.97752874e-02 4.48905158e-02 5.97651003e-02 ... 4.53246652e-16
 4.53246652e-16 4.53246652e-16]",[   101    151    201 ... 499851 499901 499950],[0.62763482 0.64297822 0.63357123 ... 0.40009721 0.40012624 0.40012757],[0.09596351 0.11350294 0.14947047 ... 0.00015894 0.00027472 0.00017973],[2.04639621 2.08619943 2.0937128  ... 2.         2.         2.        ],"[2.97752874e-02 4.48905158e-02 6.48395728e-02 ... 9.06493304e-16
 9.06493304e-16 9.06493304e-16]",[1.95360379 1.91380057 1.9062872  ... 2.         2.         2.        ],"[2.97752874e-02 4.48905158e-02 6.48395728e-02 ... 4.53246652e-16
 4.53246652e-16 4.53246652e-16]"
F5_Rastrigin_SR,50,UAPSO,function_evaluations,500000,,500000,25,25,9999.0,0.0,9999,9999,500000.0,0.0,500000,500000,"[0.00288009 0.00312036 0.00617856 0.0042388  0.00338318 0.00260194
 0.00270511 0.00014856 0.00038352 0.000862   0.0025228  0.00307702
 0.00547309 0.00182731 0.00413092 0.00232707 0.00610022 0.00378096
 0.01166345 0.00456622 0.00126909 0.00174558 0.00322539 0.00361806
 0.00365228]","[0.00288009 0.00312036 0.00617856 0.0042388  0.00338318 0.00260194
 0.00270511 0.00014856 0.00038352 0.000862   0.0025228  0.00307702
 0.00547309 0.00182731 0.00413092 0.00232707 0.00610022 0.00378096
 0.01166345 0.00456622 0.00126909 0.00174558 0.00322539 0.00361806
 0.00365228]",0.003419263374023558,0.002325820585218973,0.0031203573878997304,0.002327069397381365,0.004130919360363805,0.00014855727431495325,0.011663452385732853,249.08647059004008,46.85684343502564,265.54781689599986,0.0003640176400585915,5.608931192178827e-05,[   1    2    3 ... 9997 9998 9999],[0.11804509 0.08997063 0.07894573 ... 0.00341926 0.00341926 0.00341926],[0.01939826 0.02265324 0.01646403 ... 0.00232582 0.00232582 0.00232582],[    50    100    150 ... 499900 499950 500000],[0.14984663 0.11804509 0.08997063 ... 0.00341926 0.00341926 0.00341926],[0.02690066 0.01939826 0.02265324 ... 0.00232582 0.00232582 0.00232582],2.100850715637207,0.037064274392246924,2.088089942932129,2.1765384674072266,1.943398551940918,[0.44421053 0.43789474 0.52421053 ... 0.54526316 0.57894737 0.55368421],[0.3287122  0.31311735 0.30176459 ... 0.30609385 0.29225143 0.30009232],[1.10222222 0.82666667 1.04       ... 1.31555556 0.78222222 0.78222222],[0.62683476 0.63349576 0.63414503 ... 0.50479185 0.63544159 0.66703693],[0.93333333 1.00444444 1.00444444 ... 1.04888889 0.88888889 0.95111111],[0.68793243 0.49740065 0.66083872 ... 0.6367355  0.57017794 0.62367555],[   100    150    200 ... 499900 499950 500000],[0.44421053 0.43789474 0.52421053 ... 0.54526316 0.57894737 0.55368421],[0.3287122  0.31311735 0.30176459 ... 0.30609385 0.29225143 0.30009232],[1.10222222 0.82666667 1.04       ... 1.31555556 0.78222222 0.78222222],[0.62683476 0.63349576 0.63414503 ... 0.50479185 0.63544159 0.66703693],[0.93333333 1.00444444 1.00444444 ... 1.04888889 0.88888889 0.95111111],[0.68793243 0.49740065 0.66083872 ... 0.6367355  0.57017794 0.62367555]
F6_Scaffer,50,PSO,function_evaluations,500000,,500000,25,25,9999.0,0.0,9999,9999,500000.0,0.0,500000,500000,"[ 233737.25134903  652759.36835836  409478.6566386   367421.37750017
 1010956.75377442  234473.12257641  422891.81079511  301269.57486949
  328833.07263307  447807.06809571  668704.30295859  876073.63463787
  261500.78680521  292364.49513286  239344.20556021  520647.70810746
  179010.09319493  473611.52578832  483233.68009503 1299709.94269069
  562976.51540267  950823.04349837  142552.59560644  857815.36071765
  437747.38649512]","[ 233737.25134903  652759.36835836  409478.6566386   367421.37750017
 1010956.75377442  234473.12257641  422891.81079511  301269.57486949
  328833.07263307  447807.06809571  668704.30295859  876073.63463787
  261500.78680521  292364.49513286  239344.20556021  520647.70810746
  179010.09319493  473611.52578832  483233.68009503 1299709.94269069
  562976.51540267  950823.04349837  142552.59560644  857815.36071765
  437747.38649512]",506229.73333127104,294162.7391194152,437747.3864951219,292364.49513286405,652759.3683583642,142552.59560643937,1299709.942690686,46.778608014599996,8.487937480771619,47.51634563300013,0.00021835543993802274,3.627271448791396e-05,[   1    2    3 ... 9997 9998 9999],"[8508275.42372458 6626576.87524676 6059210.79588448 ...  506229.73333127
  506229.73333127  506229.73333127]","[908814.54544643 777099.89586805 855499.95142385 ... 294162.73911942
 294162.73911942 294162.73911942]",[    50    100    150 ... 499900 499950 500000],"[11593449.24061967  8508275.42372458  6626576.87524676 ...
   506229.73333127   506229.73333127   506229.73333127]","[1402977.24871906  908814.54544643  777099.89586805 ...  294162.73911942
  294162.73911942  294162.73911942]",1.343873062133789,0.013169815728720929,1.3397693634033203,1.3862934112548828,1.188271484375,[0.8 0.8 0.8 ... 0.8 0.8 0.8],"[2.26623326e-16 2.26623326e-16 2.26623326e-16 ... 2.26623326e-16
 2.26623326e-16 2.26623326e-16]",[2. 2. 2. ... 2. 2. 2.],[0. 0. 0. ... 0. 0. 0.],[2. 2. 2. ... 2. 2. 2.],[0. 0. 0. ... 0. 0. 0.],[   100    150    200 ... 499900 499950 500000],[0.8 0.8 0.8 ... 0.8 0.8 0.8],"[2.26623326e-16 2.26623326e-16 2.26623326e-16 ... 2.26623326e-16
 2.26623326e-16 2.26623326e-16]",[2. 2. 2. ... 2. 2. 2.],[0. 0. 0. ... 0. 0. 0.],[2. 2. 2. ... 2. 2. 2.],[0. 0. 0. ... 0. 0. 0.]
F6_Scaffer,50,PSOLVIW,function_evaluations,500000,,500000,25,25,9999.0,0.0,9999,9999,500000.0,0.0,500000,500000,"[ 381500.36170636  369758.41344909  365255.08392925 1759309.70969413
  824484.42521919  446787.2175904   930193.36150996  348613.87235502
 1249522.70123493  560873.90810503  822156.63577258  505534.90063565
 1043477.8149881   527254.89805962  244234.81349637  870949.69804694
  274803.73637635  667445.52683891  874854.75320366 1287958.74312211
 1029006.25613827  826501.25102849  131413.53106363  800617.5493824
  499738.35860105]","[ 381500.36170636  369758.41344909  365255.08392925 1759309.70969413
  824484.42521919  446787.2175904   930193.36150996  348613.87235502
 1249522.70123493  560873.90810503  822156.63577258  505534.90063565
 1043477.8149881   527254.89805962  244234.81349637  870949.69804694
  274803.73637635  667445.52683891  874854.75320366 1287958.74312211
 1029006.25613827  826501.25102849  131413.53106363  800617.5493824
  499738.35860105]",705689.9008618994,382681.3087878029,667445.5268389058,381500.361706361,874854.7532036637,131413.53106363208,1759309.7096941317,47.28586956439984,8.047784762851942,49.78078282399929,0.0002160348399047507,3.1963291678050655e-05,[   1    2    3 ... 9997 9998 9999],"[8508275.42372458 6672082.24288371 6169873.63120568 ...  705689.9008619
  705689.9008619   705689.9008619 ]","[908814.54544643 778239.40947255 829509.40589923 ... 382681.3087878
 382681.3087878  382681.3087878 ]",[    50    100    150 ... 499900 499950 500000],"[11593449.24061967  8508275.42372458  6672082.24288371 ...
   705689.9008619    705689.9008619    705689.9008619 ]","[1402977.24871906  908814.54544643  778239.40947255 ...  382681.3087878
  382681.3087878   382681.3087878 ]",1.7252326202392578,0.03077911516103317,1.7237186431884766,1.7764453887939453,1.568048095703125,[0.9        0.89994999 0.89989998 ... 0.40010002 0.40005001 0.4       ],"[3.39934989e-16 0.00000000e+00 1.13311663e-16 ... 2.26623326e-16
 1.69967494e-16 1.13311663e-16]",[2. 2. 2. ... 2. 2. 2.],[0. 0. 0. ... 0. 0. 0.],[2. 2. 2. ... 2. 2. 2.],[0. 0. 0. ... 0. 0. 0.],[   100    150    200 ... 499900 499950 500000],[0.9        0.89994999 0.89989998 ... 0.40010002 0.40005001 0.4       ],"[3.39934989e-16 0.00000000e+00 1.13311663e-16 ... 2.26623326e-16
 1.69967494e-16 1.13311663e-16]",[2. 2. 2. ... 2. 2. 2.],[0. 0. 0. ... 0. 0. 0.],[2. 2. 2. ... 2. 2. 2.],[0. 0. 0. ... 0. 0. 0.]
F6_Scaffer,50,PSOTVAC,function_evaluations,500000,,500000,25,25,9999.0,0.0,9999,9999,500000.0,0.0,500000,500000,"[7.97858905e+04 6.75970690e+04 1.64695626e+04 1.95807025e+05
 7.45483103e+04 1.49830878e+04 1.51644913e+05 3.75364479e+05
 9.06697515e+04 3.87616187e+04 4.72240477e+02 1.00811754e+05
 3.32178709e+04 8.21736835e+04 2.79989356e+04 6.31469248e+04
 3.12962667e+04 3.14124268e+04 4.51670346e+02 8.44493150e+04
 5.87951115e+04 8.07563300e+04 3.33379163e+02 1.48670070e+04
 3.14291677e+04]","[7.97858905e+04 6.75970690e+04 1.64695626e+04 1.95807025e+05
 7.45483103e+04 1.49830878e+04 1.51644913e+05 3.75364479e+05
 9.06697515e+04 3.87616187e+04 4.72240477e+02 1.00811754e+05
 3.32178709e+04 8.21736835e+04 2.79989356e+04 6.31469248e+04
 3.12962667e+04 3.14124268e+04 4.51670346e+02 8.44493150e+04
 5.87951115e+04 8.07563300e+04 3.33379163e+02 1.48670070e+04
 3.14291677e+04]",69889.75163083136,79032.83998925524,58795.11147445022,27998.935593107675,82173.68345850075,333.37916259379597,375364.47946021473,46.95226717536003,8.585192464157497,50.18640234400027,0.00022853464008221636,3.45569959084259e-05,[   1    2    3 ... 9997 9998 9999],"[9619374.91773034 7044825.51362461 6078748.35641416 ...   69889.75163083
   69889.75163083   69889.75163083]","[974044.59472303 789163.56843971 912759.17908329 ...  79032.83998926
  79032.83998926  79032.83998926]",[    50    100    150 ... 499900 499950 500000],"[11593449.24061967  9619374.91773034  7044825.51362461 ...
    69889.75163083    69889.75163083    69889.75163083]","[1402977.24871906  974044.59472303  789163.56843971 ...   79032.83998926
   79032.83998926   79032.83998926]",2.2611011505126952,0.1416312741138377,2.2161121368408203,2.7113513946533203,2.0965847778320312,[0.9        0.89994999 0.89989998 ... 0.40010002 0.40005001 0.4       ],"[3.39934989e-16 1.13311663e-16 1.13311663e-16 ... 2.26623326e-16
 1.69967494e-16 1.13311663e-16]",[2.5        2.49979996 2.49959992 ... 0.50040008 0.50020004 0.5       ],"[0.00000000e+00 1.35973996e-15 1.35973996e-15 ... 3.39934989e-16
 1.13311663e-16 0.00000000e+00]",[0.5        0.50020004 0.50040008 ... 2.49959992 2.49979996 2.5       ],"[0.00000000e+00 1.13311663e-16 2.26623326e-16 ... 1.35973996e-15
 1.35973996e-15 0.00000000e+00]",[   100    150    200 ... 499900 499950 500000],[0.9        0.89994999 0.89989998 ... 0.40010002 0.40005001 0.4       ],"[3.39934989e-16 1.13311663e-16 1.13311663e-16 ... 2.26623326e-16
 1.69967494e-16 1.13311663e-16]",[2.5        2.49979996 2.49959992 ... 0.50040008 0.50020004 0.5       ],"[0.00000000e+00 1.35973996e-15 1.35973996e-15 ... 3.39934989e-16
 1.13311663e-16 0.00000000e+00]",[0.5        0.50020004 0.50040008 ... 2.49959992 2.49979996 2.5       ],"[0.00000000e+00 1.13311663e-16 2.26623326e-16 ... 1.35973996e-15
 1.35973996e-15 0.00000000e+00]"
F6_Scaffer,50,APSOVI,function_evaluations,500000,,500000,25,25,9999.0,0.0,9999,9999,500000.0,0.0,500000,500000,"[ 958291.84080699  592475.78338382  578453.38466612  427849.63730807
  618726.28068081  115231.50196646  417492.95074417  463482.54453256
 1139506.44347638  610015.7412103   538494.88261244  364553.02761732
  761986.27534201  478256.93209352  223694.7765943   931964.12001287
  694835.19363688  344983.93172338 1538895.55105423  546031.5111353
  891665.98239632  999087.73066738  532069.65910595  780172.95313211
  190375.98496298]","[ 958291.84080699  592475.78338382  578453.38466612  427849.63730807
  618726.28068081  115231.50196646  417492.95074417  463482.54453256
 1139506.44347638  610015.7412103   538494.88261244  364553.02761732
  761986.27534201  478256.93209352  223694.7765943   931964.12001287
  694835.19363688  344983.93172338 1538895.55105423  546031.5111353
  891665.98239632  999087.73066738  532069.65910595  780172.95313211
  190375.98496298]",629543.7848345082,321126.3557162057,578453.3846661232,427849.6373080742,780172.9531321066,115231.50196645959,1538895.5510542258,48.05491176632011,8.56348850393572,50.558889246000035,0.00022826268006610916,3.849604434696204e-05,[   1    2    3 ... 9997 9998 9999],"[8618207.10361552 6669386.42901785 6230629.95260375 ...  629543.78802866
  629543.78647502  629543.78483451]","[893155.56797147 737541.85531609 828103.78965257 ... 321126.3583401
 321126.35706287 321126.35571621]",[    50    100    150 ... 499900 499950 500000],"[11593449.24061967  8618207.10361552  6669386.42901785 ...
   629543.78802866   629543.78647502   629543.78483451]","[1402977.24871906  893155.56797147  737541.85531609 ...  321126.3583401
  321126.35706287  321126.35571621]",1.719528579711914,0.04800700183054105,1.7377185821533203,1.7774982452392578,1.56231689453125,[0.9 0.9 0.9 ... 0.3 0.3 0.3],"[3.39934989e-16 3.39934989e-16 3.39934989e-16 ... 1.13311663e-16
 1.13311663e-16 1.13311663e-16]",[1.49618 1.49618 1.49618 ... 1.49618 1.49618 1.49618],"[2.26623326e-16 2.26623326e-16 2.26623326e-16 ... 2.26623326e-16
 2.26623326e-16 2.26623326e-16]",[1.49618 1.49618 1.49618 ... 1.49618 1.49618 1.49618],"[2.26623326e-16 2.26623326e-16 2.26623326e-16 ... 2.26623326e-16
 2.26623326e-16 2.26623326e-16]",[   100    150    200 ... 499900 499950 500000],[0.9 0.9 0.9 ... 0.3 0.3 0.3],"[3.39934989e-16 3.39934989e-16 3.39934989e-16 ... 1.13311663e-16
 1.13311663e-16 1.13311663e-16]",[1.49618 1.49618 1.49618 ... 1.49618 1.49618 1.49618],"[2.26623326e-16 2.26623326e-16 2.26623326e-16 ... 2.26623326e-16
 2.26623326e-16 2.26623326e-16]",[1.49618 1.49618 1.49618 ... 1.49618 1.49618 1.49618],"[2.26623326e-16 2.26623326e-16 2.26623326e-16 ... 2.26623326e-16
 2.26623326e-16 2.26623326e-16]"
F6_Scaffer,50,APSO,function_evaluations,500000,,500000,25,25,9803.0,0.0,9803,9803,500000.0,0.0,500000,500000,"[588.74260425 322.27693916 648.78133912 451.1544277  398.93676212
 657.47687387 917.78728915 458.33112693 369.45497177 354.68764427
 419.04547133 551.95370306 702.8306284  454.41957378 467.61776285
 663.09252803 613.00964808 444.70372488 268.49814319 682.50811581
 313.19261331 767.58782627 391.04438613 231.03022409 493.82874309]","[588.74260425 322.27693916 648.78133912 451.1544277  398.93676212
 657.47687387 917.78728915 458.33112693 369.45497177 354.68764427
 419.04547133 551.95370306 702.8306284  454.41957378 467.61776285
 663.09252803 613.00964808 444.70372488 268.49814319 682.50811581
 313.19261331 767.58782627 391.04438613 231.03022409 493.82874309]",505.2797228245493,169.10827261441977,458.3311269269143,391.0443861289016,648.7813391228747,231.0302240858207,917.7872891515549,58.37325100371996,11.14003169756056,61.94556562300022,0.00024410739995801124,3.465008448747375e-05,[   1    2    3 ... 9801 9802 9803],"[8.49949530e+06 6.69690269e+06 6.15346887e+06 ... 5.05279756e+02
 5.05279751e+02 5.05279746e+02]","[9.63230913e+05 9.12513014e+05 7.95305900e+05 ... 1.69108270e+02
 1.69108271e+02 1.69108271e+02]",[    50    100    150 ... 499900 499950 500000],"[1.15934492e+07 8.49949530e+06 6.69690269e+06 ... 5.05279751e+02
 5.05279751e+02 5.05279723e+02]","[1.40297725e+06 9.63230913e+05 9.12513014e+05 ... 1.69108271e+02
 1.69108271e+02 1.69108273e+02]",4.614143180847168,0.204538540901181,4.601202011108398,5.007171630859375,2.568323745727539,[0.58904225 0.67392616 0.71752955 ... 0.4        0.40000006 0.40000007],"[1.35149428e-01 1.15817865e-01 1.07079676e-01 ... 1.22342317e-11
 2.94295701e-07 3.66763466e-07]",[2.03915902 2.07119179 2.10269482 ... 2.         2.         2.        ],"[3.45501601e-02 6.54141340e-02 9.26194979e-02 ... 4.53699672e-15
 4.53699672e-15 4.53699672e-15]",[1.96084098 1.92880821 1.89730518 ... 2.         2.         2.        ],"[3.45501601e-02 6.54141340e-02 9.26194979e-02 ... 4.55619983e-15
 4.55619983e-15 4.55619983e-15]",[   101    151    201 ... 499901 499951 499975],[0.58904225 0.6692596  0.71211231 ... 0.4        0.40000006 0.40000006],"[1.35149428e-01 1.22979244e-01 1.11877488e-01 ... 1.22342317e-11
 2.94295701e-07 2.94295677e-07]",[2.03915902 2.07119179 2.10151282 ... 2.         2.         2.        ],"[3.45501601e-02 6.54141340e-02 9.37732252e-02 ... 4.53699672e-15
 4.53699672e-15 4.53699672e-15]",[1.96084098 1.92880821 1.89848718 ... 2.         2.         2.        ],"[3.45501601e-02 6.54141340e-02 9.37732252e-02 ... 4.55619983e-15
 4.55619983e-15 4.55619983e-15]"
F6_Scaffer,50,UAPSO,function_evaluations,500000,,500000,25,25,9999.0,0.0,9999,9999,500000.0,0.0,500000,500000,"[1225068.83022806 1118098.71045284  601436.67674888 1107706.25515804
 1053160.54175465  519822.03934662 1667946.21513756  502025.64141928
 1086998.02334972  376859.70675388 1442428.05664256 1607883.13856094
 1627739.75089451  342596.066727   1264499.99643603  482388.34179634
  231449.28700579 1356196.70801725 2907570.97054807 2489726.69929253
 1055341.59895052 2366019.96642662 1080636.17739093  930112.71241671
 2260181.47220005]","[1225068.83022806 1118098.71045284  601436.67674888 1107706.25515804
 1053160.54175465  519822.03934662 1667946.21513756  502025.64141928
 1086998.02334972  376859.70675388 1442428.05664256 1607883.13856094
 1627739.75089451  342596.066727   1264499.99643603  482388.34179634
  231449.28700579 1356196.70801725 2907570.97054807 2489726.69929253
 1055341.59895052 2366019.96642662 1080636.17739093  930112.71241671
 2260181.47220005]",1228155.743346215,708008.951741674,1107706.2551580437,601436.6767488836,1607883.1385609393,231449.2870057851,2907570.9705480677,50.832301566439966,9.359321092188981,53.75208333200044,0.0003687277599965455,5.616272680941318e-05,[   1    2    3 ... 9997 9998 9999],"[9510951.71609864 7461884.7678718  6491849.85580269 ... 1228155.74334621
 1228155.74334621 1228155.74334621]","[1316990.6265245  1169206.38220733  866741.79879668 ...  708008.95174167
  708008.95174167  708008.95174167]",[    50    100    150 ... 499900 499950 500000],"[11593449.24061967  9510951.71609864  7461884.7678718  ...
  1228155.74334621  1228155.74334621  1228155.74334621]","[1402977.24871906 1316990.6265245  1169206.38220733 ...  708008.95174167
  708008.95174167  708008.95174167]",2.1295006179809572,0.04244656619894245,2.118903160095215,2.237635612487793,1.9725799560546875,[0.44421053 0.43789474 0.52421053 ... 0.54526316 0.57894737 0.55157895],[0.3287122  0.31311735 0.30176459 ... 0.30609385 0.29225143 0.30162686],[1.10222222 0.82666667 1.04       ... 1.32444444 0.78222222 0.78222222],[0.62683476 0.63349576 0.63414503 ... 0.51111111 0.63544159 0.66703693],[0.93333333 1.00444444 1.00444444 ... 1.04888889 0.88888889 0.95111111],[0.68793243 0.49740065 0.66083872 ... 0.6367355  0.57017794 0.62367555],[   100    150    200 ... 499900 499950 500000],[0.44421053 0.43789474 0.52421053 ... 0.54526316 0.57894737 0.55157895],[0.3287122  0.31311735 0.30176459 ... 0.30609385 0.29225143 0.30162686],[1.10222222 0.82666667 1.04       ... 1.32444444 0.78222222 0.78222222],[0.62683476 0.63349576 0.63414503 ... 0.51111111 0.63544159 0.66703693],[0.93333333 1.00444444 1.00444444 ... 1.04888889 0.88888889 0.95111111],[0.68793243 0.49740065 0.66083872 ... 0.6367355  0.57017794 0.62367555]
F7_LunacekBiRastr,50,PSO,function_evaluations,500000,,500000,25,25,9999.0,0.0,9999,9999,500000.0,0.0,500000,500000,"[783.54110533 760.65820898 938.3641778  668.99269435 656.16557178
 839.24559867 723.35592207 709.72963155 642.87337942 668.02099081
 588.8823888  899.17031999 852.598655   779.60063605 799.56920263
 828.16418384 736.94132813 667.00140908 849.42840721 804.49672029
 736.24282995 711.60876486 658.73529883 658.2751442  804.0202277 ]","[783.54110533 760.65820898 938.3641778  668.99269435 656.16557178
 839.24559867 723.35592207 709.72963155 642.87337942 668.02099081
 588.8823888  899.17031999 852.598655   779.60063605 799.56920263
 828.16418384 736.94132813 667.00140908 849.42840721 804.49672029
 736.24282995 711.60876486 658.73529883 658.2751442  804.0202277 ]",750.6273118915985,88.97314379744556,736.941328125991,668.0209908066536,804.4967202909861,588.8823887991698,938.3641777972143,104.14702890232002,20.763472254365293,108.45078532199932,0.00022934283999347826,3.366785413698649e-05,[   1    2    3 ... 9997 9998 9999],"[1901.887214   1645.37107278 1594.44849619 ...  750.62731189  750.62731189
  750.62731189]","[128.99593321 140.50990773 131.39051205 ...  88.9731438   88.9731438
  88.9731438 ]",[    50    100    150 ... 499900 499950 500000],"[2390.56232718 1901.887214   1645.37107278 ...  750.62731189  750.62731189
  750.62731189]","[142.08742074 128.99593321 140.50990773 ...  88.9731438   88.9731438
  88.9731438 ]",1.3224562835693359,0.007109307999997129,1.3201465606689453,1.336446762084961,1.1671173095703125,[0.8 0.8 0.8 ... 0.8 0.8 0.8],"[2.26623326e-16 2.26623326e-16 2.26623326e-16 ... 2.26623326e-16
 2.26623326e-16 2.26623326e-16]",[2. 2. 2. ... 2. 2. 2.],[0. 0. 0. ... 0. 0. 0.],[2. 2. 2. ... 2. 2. 2.],[0. 0. 0. ... 0. 0. 0.],[   100    150    200 ... 499900 499950 500000],[0.8 0.8 0.8 ... 0.8 0.8 0.8],"[2.26623326e-16 2.26623326e-16 2.26623326e-16 ... 2.26623326e-16
 2.26623326e-16 2.26623326e-16]",[2. 2. 2. ... 2. 2. 2.],[0. 0. 0. ... 0. 0. 0.],[2. 2. 2. ... 2. 2. 2.],[0. 0. 0. ... 0. 0. 0.]
F7_LunacekBiRastr,50,PSOLVIW,function_evaluations,500000,,500000,25,25,9999.0,0.0,9999,9999,500000.0,0.0,500000,500000,"[236.         327.89409893 294.         514.         496.5
 538.         406.5        482.         292.         360.5
 434.         376.         476.         280.         570.
 482.         312.         278.         340.         522.
 266.         326.         246.         396.         344.        ]","[236.         327.89409893 294.         514.         496.5
 538.         406.5        482.         292.         360.5
 434.         376.         476.         280.         570.
 482.         312.         278.         340.         522.
 266.         326.         246.         396.         344.        ]",383.81576395738585,101.4621796453754,360.5,294.0,482.0,236.0,570.0,103.38755218663995,19.540040675044473,109.63359247800054,0.0002223497200247948,4.076326969915566e-05,[   1    2    3 ... 9997 9998 9999],"[1901.887214   1669.63268135 1635.64664475 ...  383.81576396  383.81576396
  383.81576396]","[128.99593321 132.61747395 133.32919823 ... 101.46217965 101.46217965
 101.46217965]",[    50    100    150 ... 499900 499950 500000],"[2390.56232718 1901.887214   1669.63268135 ...  383.81576396  383.81576396
  383.81576396]","[142.08742074 128.99593321 132.61747395 ... 101.46217965 101.46217965
 101.46217965]",1.6803266143798827,0.04523750578372717,1.6653881072998047,1.801473617553711,1.523466796875,[0.9        0.89994999 0.89989998 ... 0.40010002 0.40005001 0.4       ],"[3.39934989e-16 0.00000000e+00 1.13311663e-16 ... 2.26623326e-16
 1.69967494e-16 1.13311663e-16]",[2. 2. 2. ... 2. 2. 2.],[0. 0. 0. ... 0. 0. 0.],[2. 2. 2. ... 2. 2. 2.],[0. 0. 0. ... 0. 0. 0.],[   100    150    200 ... 499900 499950 500000],[0.9        0.89994999 0.89989998 ... 0.40010002 0.40005001 0.4       ],"[3.39934989e-16 0.00000000e+00 1.13311663e-16 ... 2.26623326e-16
 1.69967494e-16 1.13311663e-16]",[2. 2. 2. ... 2. 2. 2.],[0. 0. 0. ... 0. 0. 0.],[2. 2. 2. ... 2. 2. 2.],[0. 0. 0. ... 0. 0. 0.]
F7_LunacekBiRastr,50,PSOTVAC,function_evaluations,500000,,500000,25,25,9999.0,0.0,9999,9999,500000.0,0.0,500000,500000,"[344.5        314.5        349.         310.         280.
 274.         388.5        384.5        196.51286859 236.
 190.         424.5        306.         384.         208.
 238.         210.         322.         254.         480.
 246.         368.5        226.         306.         272.5       ]","[344.5        314.5        349.         310.         280.
 274.         388.5        384.5        196.51286859 236.
 190.         424.5        306.         384.         208.
 238.         210.         322.         254.         480.
 246.         368.5        226.         306.         272.5       ]",300.5205147437703,76.24400604217666,306.0,238.0,349.0,190.0,480.0,103.25206491904002,19.290496831165964,109.30082924599992,0.00023244811996846692,4.5107139565083564e-05,[   1    2    3 ... 9997 9998 9999],"[2023.85637439 1682.87192418 1589.46379913 ...  300.52051474  300.52051474
  300.52051474]","[123.04197764  77.82631064  80.53990771 ...  76.24400604  76.24400604
  76.24400604]",[    50    100    150 ... 499900 499950 500000],"[2390.56232718 2023.85637439 1682.87192418 ...  300.52051474  300.52051474
  300.52051474]","[142.08742074 123.04197764  77.82631064 ...  76.24400604  76.24400604
  76.24400604]",2.083062973022461,0.02909193172270985,2.0774478912353516,2.1580867767333984,1.9269290161132813,[0.9        0.89994999 0.89989998 ... 0.40010002 0.40005001 0.4       ],"[3.39934989e-16 1.13311663e-16 1.13311663e-16 ... 2.26623326e-16
 1.69967494e-16 1.13311663e-16]",[2.5        2.49979996 2.49959992 ... 0.50040008 0.50020004 0.5       ],"[0.00000000e+00 1.35973996e-15 1.35973996e-15 ... 3.39934989e-16
 1.13311663e-16 0.00000000e+00]",[0.5        0.50020004 0.50040008 ... 2.49959992 2.49979996 2.5       ],"[0.00000000e+00 1.13311663e-16 2.26623326e-16 ... 1.35973996e-15
 1.35973996e-15 0.00000000e+00]",[   100    150    200 ... 499900 499950 500000],[0.9        0.89994999 0.89989998 ... 0.40010002 0.40005001 0.4       ],"[3.39934989e-16 1.13311663e-16 1.13311663e-16 ... 2.26623326e-16
 1.69967494e-16 1.13311663e-16]",[2.5        2.49979996 2.49959992 ... 0.50040008 0.50020004 0.5       ],"[0.00000000e+00 1.35973996e-15 1.35973996e-15 ... 3.39934989e-16
 1.13311663e-16 0.00000000e+00]",[0.5        0.50020004 0.50040008 ... 2.49959992 2.49979996 2.5       ],"[0.00000000e+00 1.13311663e-16 2.26623326e-16 ... 1.35973996e-15
 1.35973996e-15 0.00000000e+00]"
F7_LunacekBiRastr,50,APSOVI,function_evaluations,500000,,500000,25,25,9999.0,0.0,9999,9999,500000.0,0.0,500000,500000,"[487.5        553.5        523.         512.5        459.
 412.5        358.         621.47473891 353.00000013 270.
 668.72236041 561.5        414.         368.50003351 332.50000847
 580.5        403.00000032 540.5        470.5        288.
 466.5        484.5        452.50000003 394.         414.        ]","[487.5        553.5        523.         512.5        459.
 412.5        358.         621.47473891 353.00000013 270.
 668.72236041 561.5        414.         368.50003351 332.50000847
 580.5        403.00000032 540.5        470.5        288.
 466.5        484.5        452.50000003 394.         414.        ]",455.58788567154653,100.77774387696412,459.0,394.0,523.0,270.0,668.7223604108749,103.62787942428004,19.134173357415648,107.97002874600003,0.00022740376010915497,3.8637379773197715e-05,[   1    2    3 ... 9997 9998 9999],"[1939.39498816 1680.31961103 1648.20242713 ...  455.5879413   455.5879266
  455.58788567]","[124.51589248 120.49666002 108.04474082 ... 100.7778392  100.77781402
 100.77774388]",[    50    100    150 ... 499900 499950 500000],"[2390.56232718 1939.39498816 1680.31961103 ...  455.5879413   455.5879266
  455.58788567]","[142.08742074 124.51589248 120.49666002 ... 100.7778392  100.77781402
 100.77774388]",1.7426038360595704,0.17720138345700068,1.623525619506836,2.1026248931884766,1.576871337890625,[0.9 0.9 0.9 ... 0.3 0.3 0.3],"[3.39934989e-16 3.39934989e-16 3.39934989e-16 ... 1.13311663e-16
 1.13311663e-16 1.13311663e-16]",[1.49618 1.49618 1.49618 ... 1.49618 1.49618 1.49618],"[2.26623326e-16 2.26623326e-16 2.26623326e-16 ... 2.26623326e-16
 2.26623326e-16 2.26623326e-16]",[1.49618 1.49618 1.49618 ... 1.49618 1.49618 1.49618],"[2.26623326e-16 2.26623326e-16 2.26623326e-16 ... 2.26623326e-16
 2.26623326e-16 2.26623326e-16]",[   100    150    200 ... 499900 499950 500000],[0.9 0.9 0.9 ... 0.3 0.3 0.3],"[3.39934989e-16 3.39934989e-16 3.39934989e-16 ... 1.13311663e-16
 1.13311663e-16 1.13311663e-16]",[1.49618 1.49618 1.49618 ... 1.49618 1.49618 1.49618],"[2.26623326e-16 2.26623326e-16 2.26623326e-16 ... 2.26623326e-16
 2.26623326e-16 2.26623326e-16]",[1.49618 1.49618 1.49618 ... 1.49618 1.49618 1.49618],"[2.26623326e-16 2.26623326e-16 2.26623326e-16 ... 2.26623326e-16
 2.26623326e-16 2.26623326e-16]"
F7_LunacekBiRastr,50,APSO,function_evaluations,500000,,500000,25,25,9829.8,61.430855439266026,9803,9994,500000.0,0.0,500000,500000,"[458.         618.36335798 458.         382.         432.
 476.         416.         461.40788162 286.         570.
 458.         262.         576.         474.         428.
 328.         536.         418.         426.         290.
 505.39322962 364.         332.         522.         296.        ]","[458.         618.36335798 458.         382.         432.
 476.         416.         461.40788162 286.         570.
 458.         262.         576.         474.         428.
 328.         536.         418.         426.         290.
 505.39322962 364.         332.         522.         296.        ]",430.92657876899,96.32797383273706,432.0,364.0,476.0,262.0,618.3633579819948,115.9593933306399,23.002694684820867,123.75113668599988,0.00023992240010556998,4.057740138808907e-05,[   1    2    3 ... 9801 9802 9803],"[1901.51608413 1632.17038726 1586.03369777 ...  430.92657889  430.92657886
  430.92657884]","[124.74993819 112.90926272 117.26608398 ...  96.32797393  96.32797391
  96.32797389]",[    50    100    150 ... 499900 499950 500000],"[2390.56232718 1901.51608413 1632.17038726 ...  430.92657877  430.92657877
  430.92657877]","[142.08742074 124.74993819 112.90926272 ...  96.32797383  96.32797383
  96.32797383]",4.334940757751465,0.03870719844233027,4.321054458618164,4.407082557678223,2.292015495300293,[0.58188794 0.66942663 0.69837284 ... 0.44549125 0.43569838 0.44910055],[0.10308557 0.12235633 0.09826105 ... 0.12624833 0.10476398 0.13712395],[2.03122946 2.06180206 2.09556871 ... 2.05670513 2.05937801 2.05599185],[0.02860833 0.05007074 0.06294989 ... 0.15732483 0.1641326  0.15565182],[1.96877054 1.93819794 1.90443129 ... 1.94329487 1.94062199 1.94400815],[0.02860833 0.05007074 0.06294989 ... 0.15732483 0.1641326  0.15565182],[   101    151    201 ... 499901 499951 499954],[0.58188794 0.66769569 0.68607771 ... 0.44824325 0.44646501 0.44646501],[0.10308557 0.12416812 0.10903457 ... 0.13299481 0.1291657  0.1291657 ],[2.03122946 2.06180206 2.09182137 ... 2.06       2.06       2.06      ],[0.02860833 0.05007074 0.06578724 ... 0.16583124 0.16583124 0.16583124],[1.96877054 1.93819794 1.90817863 ... 1.94       1.94       1.94      ],[0.02860833 0.05007074 0.06578724 ... 0.16583124 0.16583124 0.16583124]
F7_LunacekBiRastr,50,UAPSO,function_evaluations,500000,,500000,25,25,9999.0,0.0,9999,9999,500000.0,0.0,500000,500000,"[ 627.09921228  678.92133691  732.5        1034.28589759  614.5
  975.78340809  886.5         655.00672917  547.10606024  661.50032064
  855.          762.5         761.50089928  630.56276899  930.5
  556.50057085  681.80367733 1032.          881.46895981  791.78677289
  579.65788977  799.5         798.5         851.5         915.36811018]","[ 627.09921228  678.92133691  732.5        1034.28589759  614.5
  975.78340809  886.5         655.00672917  547.10606024  661.50032064
  855.          762.5         761.50089928  630.56276899  930.5
  556.50057085  681.80367733 1032.          881.46895981  791.78677289
  579.65788977  799.5         798.5         851.5         915.36811018]",769.6541045608897,145.47203730457113,762.5,655.0067291693283,881.4689598093919,547.1060602351215,1034.2858975878175,107.18435495628005,20.382501106961065,114.78363279600035,0.0003764808800406172,6.413912352308266e-05,[   1    2    3 ... 9997 9998 9999],"[2037.15248168 1716.68050804 1610.74829458 ...  769.65410456  769.65410456
  769.65410456]","[204.21809403 197.6172141  140.24327148 ... 145.4720373  145.4720373
 145.4720373 ]",[    50    100    150 ... 499900 499950 500000],"[2390.56232718 2037.15248168 1716.68050804 ...  769.65410456  769.65410456
  769.65410456]","[142.08742074 204.21809403 197.6172141  ... 145.4720373  145.4720373
 145.4720373 ]",2.0774777221679686,0.06723641460955161,2.071408271789551,2.220518112182617,1.9207535934448243,[0.44421053 0.43789474 0.52421053 ... 0.53894737 0.57473684 0.55157895],[0.3287122  0.31311735 0.30176459 ... 0.30699749 0.29103249 0.29738783],[1.10222222 0.82666667 1.04       ... 1.29777778 0.77333333 0.79111111],[0.62683476 0.63349576 0.63414503 ... 0.49971185 0.62235448 0.66071417],[0.93333333 1.00444444 1.00444444 ... 1.04       0.88888889 0.96      ],[0.68793243 0.49740065 0.66083872 ... 0.63089198 0.58090323 0.6210306 ],[   100    150    200 ... 499900 499950 500000],[0.44421053 0.43789474 0.52421053 ... 0.53894737 0.57473684 0.55157895],[0.3287122  0.31311735 0.30176459 ... 0.30699749 0.29103249 0.29738783],[1.10222222 0.82666667 1.04       ... 1.29777778 0.77333333 0.79111111],[0.62683476 0.63349576 0.63414503 ... 0.49971185 0.62235448 0.66071417],[0.93333333 1.00444444 1.00444444 ... 1.04       0.88888889 0.96      ],[0.68793243 0.49740065 0.66083872 ... 0.63089198 0.58090323 0.6210306 ]
F9_Levy,50,PSO,function_evaluations,500000,,500000,25,25,9999.0,0.0,9999,9999,500000.0,0.0,500000,500000,"[11759.5418321  11288.21430598 11963.51935165 11378.68118855
 11610.13131079 11562.58409659 12524.02597625 12233.52326911
 12085.4350807  12362.21623089 12475.02200147 11848.34780933
 11563.58845144 12329.12876777 10800.61537541 11620.51868461
 11636.20021392 11187.00434792 13385.81930838 12072.63461278
 12484.65856865 11344.97438072 12406.03514038 11416.00246255
 10552.9906951 ]","[11759.5418321  11288.21430598 11963.51935165 11378.68118855
 11610.13131079 11562.58409659 12524.02597625 12233.52326911
 12085.4350807  12362.21623089 12475.02200147 11848.34780933
 11563.58845144 12329.12876777 10800.61537541 11620.51868461
 11636.20021392 11187.00434792 13385.81930838 12072.63461278
 12484.65856865 11344.97438072 12406.03514038 11416.00246255
 10552.9906951 ]",11835.656538521624,619.1498805260576,11759.541832102766,11416.002462550096,12329.128767773673,10552.990695101444,13385.819308382788,112.76282843284011,21.367109956869815,119.9988319160002,0.00021712351986934663,3.745076891105344e-05,[   1    2    3 ... 9997 9998 9999],"[16688.96813521 16555.1238347  16425.57212983 ... 11835.65653852
 11835.65653852 11835.65653852]","[675.45660533 577.27702642 551.07109825 ... 619.14988053 619.14988053
 619.14988053]",[    50    100    150 ... 499900 499950 500000],"[17158.09890218 16688.96813521 16555.1238347  ... 11835.65653852
 11835.65653852 11835.65653852]","[771.95606579 675.45660533 577.27702642 ... 619.14988053 619.14988053
 619.14988053]",1.3184171295166016,0.004846178514413798,1.3169879913330078,1.3323001861572266,1.163026123046875,[0.8 0.8 0.8 ... 0.8 0.8 0.8],"[2.26623326e-16 2.26623326e-16 2.26623326e-16 ... 2.26623326e-16
 2.26623326e-16 2.26623326e-16]",[2. 2. 2. ... 2. 2. 2.],[0. 0. 0. ... 0. 0. 0.],[2. 2. 2. ... 2. 2. 2.],[0. 0. 0. ... 0. 0. 0.],[   100    150    200 ... 499900 499950 500000],[0.8 0.8 0.8 ... 0.8 0.8 0.8],"[2.26623326e-16 2.26623326e-16 2.26623326e-16 ... 2.26623326e-16
 2.26623326e-16 2.26623326e-16]",[2. 2. 2. ... 2. 2. 2.],[0. 0. 0. ... 0. 0. 0.],[2. 2. 2. ... 2. 2. 2.],[0. 0. 0. ... 0. 0. 0.]
F9_Levy,50,PSOLVIW,function_evaluations,500000,,500000,25,25,9999.0,0.0,9999,9999,500000.0,0.0,500000,500000,"[5742.08459813 5598.49949338 6124.39489577 5089.56463928 6891.37627035
 6059.77601916 5670.97503526 5164.06194268 6771.58866082 5588.32792395
 5562.7553527  5676.63311743 6559.96356238 6314.76949613 6926.77189758
 4928.08666229 6171.00305129 6450.48113611 5947.06932222 4798.67314842
 5852.15362411 7191.44697341 5229.70596461 6182.31990952 6118.45101456]","[5742.08459813 5598.49949338 6124.39489577 5089.56463928 6891.37627035
 6059.77601916 5670.97503526 5164.06194268 6771.58866082 5588.32792395
 5562.7553527  5676.63311743 6559.96356238 6314.76949613 6926.77189758
 4928.08666229 6171.00305129 6450.48113611 5947.06932222 4798.67314842
 5852.15362411 7191.44697341 5229.70596461 6182.31990952 6118.45101456]",5944.437348460549,640.3576861123248,5947.069322216821,5588.327923948202,6314.769496128154,4798.673148418844,7191.446973405225,112.65350243840007,20.631038665950467,120.5586178880003,0.00023360740007774439,2.7691655442591525e-05,[   1    2    3 ... 9997 9998 9999],"[16688.96813521 16380.94368287 16301.74791559 ...  5944.43749202
  5944.4374879   5944.43734846]","[675.45660533 565.85641709 487.9444757  ... 640.35785335 640.35785746
 640.35768611]",[    50    100    150 ... 499900 499950 500000],"[17158.09890218 16688.96813521 16380.94368287 ...  5944.43749202
  5944.4374879   5944.43734846]","[771.95606579 675.45660533 565.85641709 ... 640.35785335 640.35785746
 640.35768611]",1.7382086944580077,0.02793526806993721,1.7422657012939453,1.7772083282470703,1.5809158325195312,[0.9        0.89994999 0.89989998 ... 0.40010002 0.40005001 0.4       ],"[3.39934989e-16 0.00000000e+00 1.13311663e-16 ... 2.26623326e-16
 1.69967494e-16 1.13311663e-16]",[2. 2. 2. ... 2. 2. 2.],[0. 0. 0. ... 0. 0. 0.],[2. 2. 2. ... 2. 2. 2.],[0. 0. 0. ... 0. 0. 0.],[   100    150    200 ... 499900 499950 500000],[0.9        0.89994999 0.89989998 ... 0.40010002 0.40005001 0.4       ],"[3.39934989e-16 0.00000000e+00 1.13311663e-16 ... 2.26623326e-16
 1.69967494e-16 1.13311663e-16]",[2. 2. 2. ... 2. 2. 2.],[0. 0. 0. ... 0. 0. 0.],[2. 2. 2. ... 2. 2. 2.],[0. 0. 0. ... 0. 0. 0.]
F9_Levy,50,PSOTVAC,function_evaluations,500000,,500000,25,25,9999.0,0.0,9999,9999,500000.0,0.0,500000,500000,"[5967.07260024 6284.22945405 5890.72384181 5756.69390199 7155.75458794
 4993.1889988  4537.40463213 5520.53180748 5756.33391404 6711.52888697
 4452.78581692 6321.7642367  5522.46110516 7309.89502301 5823.76855473
 6298.04645476 5727.33304671 6183.28184237 5257.38248158 7239.96589246
 8004.37271144 5528.45967495 4717.79424447 6622.8810209  7409.77950659]","[5967.07260024 6284.22945405 5890.72384181 5756.69390199 7155.75458794
 4993.1889988  4537.40463213 5520.53180748 5756.33391404 6711.52888697
 4452.78581692 6321.7642367  5522.46110516 7309.89502301 5823.76855473
 6298.04645476 5727.33304671 6183.28184237 5257.38248158 7239.96589246
 8004.37271144 5528.45967495 4717.79424447 6622.8810209  7409.77950659]",6039.737369528523,922.2969491467882,5890.7238418148845,5522.461105164026,6622.881020901588,4452.785816915173,8004.372711439575,112.81411921435989,20.92858420194976,119.91900251799962,0.0002684064399727504,6.656235956850559e-05,[   1    2    3 ... 9997 9998 9999],"[16685.89533643 16382.3547656  16200.84183399 ...  6039.73836741
  6039.7378795   6039.73736953]","[688.60393971 527.38159012 427.3656576  ... 922.29830206 922.29764058
 922.29694915]",[    50    100    150 ... 499900 499950 500000],"[17158.09890218 16685.89533643 16382.3547656  ...  6039.73836741
  6039.7378795   6039.73736953]","[771.95606579 688.60393971 527.38159012 ... 922.29830206 922.29764058
 922.29694915]",2.7099549102783205,0.22068616523879303,2.707315444946289,3.1142826080322266,2.4811346435546877,[0.9        0.89994999 0.89989998 ... 0.40010002 0.40005001 0.4       ],"[3.39934989e-16 1.13311663e-16 1.13311663e-16 ... 2.26623326e-16
 1.69967494e-16 1.13311663e-16]",[2.5        2.49979996 2.49959992 ... 0.50040008 0.50020004 0.5       ],"[0.00000000e+00 1.35973996e-15 1.35973996e-15 ... 3.39934989e-16
 1.13311663e-16 0.00000000e+00]",[0.5        0.50020004 0.50040008 ... 2.49959992 2.49979996 2.5       ],"[0.00000000e+00 1.13311663e-16 2.26623326e-16 ... 1.35973996e-15
 1.35973996e-15 0.00000000e+00]",[   100    150    200 ... 499900 499950 500000],[0.9        0.89994999 0.89989998 ... 0.40010002 0.40005001 0.4       ],"[3.39934989e-16 1.13311663e-16 1.13311663e-16 ... 2.26623326e-16
 1.69967494e-16 1.13311663e-16]",[2.5        2.49979996 2.49959992 ... 0.50040008 0.50020004 0.5       ],"[0.00000000e+00 1.35973996e-15 1.35973996e-15 ... 3.39934989e-16
 1.13311663e-16 0.00000000e+00]",[0.5        0.50020004 0.50040008 ... 2.49959992 2.49979996 2.5       ],"[0.00000000e+00 1.13311663e-16 2.26623326e-16 ... 1.35973996e-15
 1.35973996e-15 0.00000000e+00]"
F9_Levy,50,APSOVI,function_evaluations,500000,,500000,25,25,9999.0,0.0,9999,9999,500000.0,0.0,500000,500000,"[6016.84943133 6113.07708137 6895.95103436 6041.54847213 6049.01298226
 5745.71687849 7023.25504791 6170.21250103 6853.46782291 6135.62652166
 7555.78008312 7201.09136424 5723.35957427 7472.8152289  6351.47921822
 8029.48270006 7735.1050548  7881.55053881 8161.94752307 8648.02660192
 7258.07518618 7020.89304645 6242.82906442 6115.5678829  7092.06296365]","[6016.84943133 6113.07708137 6895.95103436 6041.54847213 6049.01298226
 5745.71687849 7023.25504791 6170.21250103 6853.46782291 6135.62652166
 7555.78008312 7201.09136424 5723.35957427 7472.8152289  6351.47921822
 8029.48270006 7735.1050548  7881.55053881 8161.94752307 8648.02660192
 7258.07518618 7020.89304645 6242.82906442 6115.5678829  7092.06296365]",6861.391352178072,832.5523793311255,6895.951034357702,6115.567882900263,7472.815228896239,5723.359574265129,8648.02660192113,114.05595368243993,20.85430956011969,121.27004623399989,0.0002325862000725465,3.142146057749752e-05,[   1    2    3 ... 9997 9998 9999],"[16615.55454681 16553.4874816  16286.68334218 ...  6861.41291542
  6861.40478333  6861.39135218]","[591.04524064 570.93302809 611.74026572 ... 832.55397649 832.55329221
 832.55237933]",[    50    100    150 ... 499900 499950 500000],"[17158.09890218 16615.55454681 16553.4874816  ...  6861.41291542
  6861.40478333  6861.39135218]","[771.95606579 591.04524064 570.93302809 ... 832.55397649 832.55329221
 832.55237933]",1.9897852325439453,0.12499121371666012,1.9803104400634766,2.1891345977783203,1.8009869384765624,[0.9 0.9 0.9 ... 0.3 0.3 0.3],"[3.39934989e-16 3.39934989e-16 3.39934989e-16 ... 1.13311663e-16
 1.13311663e-16 1.13311663e-16]",[1.49618 1.49618 1.49618 ... 1.49618 1.49618 1.49618],"[2.26623326e-16 2.26623326e-16 2.26623326e-16 ... 2.26623326e-16
 2.26623326e-16 2.26623326e-16]",[1.49618 1.49618 1.49618 ... 1.49618 1.49618 1.49618],"[2.26623326e-16 2.26623326e-16 2.26623326e-16 ... 2.26623326e-16
 2.26623326e-16 2.26623326e-16]",[   100    150    200 ... 499900 499950 500000],[0.9 0.9 0.9 ... 0.3 0.3 0.3],"[3.39934989e-16 3.39934989e-16 3.39934989e-16 ... 1.13311663e-16
 1.13311663e-16 1.13311663e-16]",[1.49618 1.49618 1.49618 ... 1.49618 1.49618 1.49618],"[2.26623326e-16 2.26623326e-16 2.26623326e-16 ... 2.26623326e-16
 2.26623326e-16 2.26623326e-16]",[1.49618 1.49618 1.49618 ... 1.49618 1.49618 1.49618],"[2.26623326e-16 2.26623326e-16 2.26623326e-16 ... 2.26623326e-16
 2.26623326e-16 2.26623326e-16]"
F9_Levy,50,APSO,function_evaluations,500000,,500000,25,25,9819.68,52.81944086539854,9802,9995,500000.0,0.0,500000,500000,"[6046.66863504 6009.70457541 5876.58774404 4598.90227286 5515.94674723
 6411.43517846 5517.06570632 5950.1751368  7459.01496209 4463.09182115
 6854.09076741 7684.95214854 6090.57753641 6044.47657594 6665.2213284
 6333.0041436  6046.53909215 5549.33723606 6406.58912329 6159.92028045
 4433.86965362 5194.35495588 5106.16333075 5502.68505153 6349.1123765 ]","[6046.66863504 6009.70457541 5876.58774404 4598.90227286 5515.94674723
 6411.43517846 5517.06570632 5950.1751368  7459.01496209 4463.09182115
 6854.09076741 7684.95214854 6090.57753641 6044.47657594 6665.2213284
 6333.0041436  6046.53909215 5549.33723606 6406.58912329 6159.92028045
 4433.86965362 5194.35495588 5106.16333075 5502.68505153 6349.1123765 ]",5930.779455197903,811.0988078181085,6044.476575943703,5515.946747231024,6349.112376499597,4433.869653624079,7684.952148536109,123.05895685883974,22.660962228218825,129.4443094420003,0.00023193315988464746,4.079709101603695e-05,[   1    2    3 ... 9800 9801 9802],"[16712.12567199 16486.95494285 16226.15463499 ...  5930.77945538
  5930.77945526  5930.77945523]","[644.28769288 551.04325948 646.84875757 ... 811.09880784 811.09880783
 811.09880782]",[    50    100    150 ... 499900 499950 500000],"[17158.09890218 16712.12567199 16486.95494285 ...  5930.77945524
  5930.77945523  5930.7794552 ]","[771.95606579 644.28769288 551.04325948 ... 811.09880782 811.09880782
 811.09880782]",4.5728481674194335,0.17144101723505487,4.562040328979492,4.991611480712891,2.5272049713134765,[0.6964784  0.61035977 0.52886841 ... 0.43207903 0.42714298 0.42793587],[0.10015776 0.09106807 0.12555851 ... 0.11109383 0.09590956 0.09859153],[2.05547873 2.09273008 2.11347494 ... 2.04       2.04       2.04      ],[0.04430981 0.05500938 0.06727101 ... 0.13844373 0.13844373 0.13844373],[1.94452127 1.90726992 1.88652506 ... 1.96       1.96       1.96      ],[0.04430981 0.05500938 0.06727101 ... 0.13844373 0.13844373 0.13844373],[   101    151    201 ... 499851 499901 499950],[0.6964784  0.61035977 0.54096914 ... 0.42973474 0.42934691 0.42706208],[0.10015776 0.09106807 0.11677547 ... 0.1030882  0.10666199 0.09729388],[2.05547873 2.09273008 2.11363197 ... 2.04       2.03659408 2.03320401],[0.04430981 0.05500938 0.06716349 ... 0.13844373 0.12725042 0.11750948],[1.94452127 1.90726992 1.88636803 ... 1.96       1.96340592 1.96679599],[0.04430981 0.05500938 0.06716349 ... 0.13844373 0.12725042 0.11750948]
F9_Levy,50,UAPSO,function_evaluations,500000,,500000,25,25,9999.0,0.0,9999,9999,500000.0,0.0,500000,500000,"[7171.4235015  6764.17237324 7002.00658449 8001.279232   6033.15393754
 7937.10108952 7860.87474951 7217.09623014 6487.21498162 5880.12034668
 8287.65560531 8032.04944163 7253.9766365  7394.62699294 6446.45486602
 8024.99446126 6981.88251426 7899.12676865 8461.93889299 9205.63094019
 7717.34162726 8068.12834941 8032.98971827 8559.35726058 8157.13073141]","[7171.4235015  6764.17237324 7002.00658449 8001.279232   6033.15393754
 7937.10108952 7860.87474951 7217.09623014 6487.21498162 5880.12034668
 8287.65560531 8032.04944163 7253.9766365  7394.62699294 6446.45486602
 8024.99446126 6981.88251426 7899.12676865 8461.93889299 9205.63094019
 7717.34162726 8068.12834941 8032.98971827 8559.35726058 8157.13073141]",7555.109113317726,819.2105387091972,7860.874749511584,7002.006584490049,8032.989718271694,5880.120346684347,9205.630940190764,116.2473355053598,21.24754866131461,122.71509733699895,0.00040558068016252944,0.00015072958984581458,[   1    2    3 ... 9997 9998 9999],"[16935.73313668 16515.4257448  16418.1611751  ...  7555.10911332
  7555.10911332  7555.10911332]","[667.0461973  563.85554725 517.52830939 ... 819.21053871 819.21053871
 819.21053871]",[    50    100    150 ... 499900 499950 500000],"[17158.09890218 16935.73313668 16515.4257448  ...  7555.10911332
  7555.10911332  7555.10911332]","[771.95606579 667.0461973  563.85554725 ... 819.21053871 819.21053871
 819.21053871]",2.1806522369384767,0.10840482281714112,2.1482677459716797,2.5928478240966797,2.0204959869384767,[0.44421053 0.43789474 0.52631579 ... 0.54105263 0.57684211 0.54947368],[0.3287122  0.31311735 0.30310794 ... 0.30858746 0.29125449 0.29659502],[1.10222222 0.82666667 1.04       ... 1.31555556 0.78222222 0.77333333],[0.62683476 0.63349576 0.6177085  ... 0.51287939 0.63544159 0.66083872],[0.93333333 1.00444444 1.00444444 ... 1.04       0.88       0.95111111],[0.68793243 0.49740065 0.66083872 ... 0.63738147 0.56101026 0.62367555],[   100    150    200 ... 499900 499950 500000],[0.44421053 0.43789474 0.52631579 ... 0.54105263 0.57684211 0.54947368],[0.3287122  0.31311735 0.30310794 ... 0.30858746 0.29125449 0.29659502],[1.10222222 0.82666667 1.04       ... 1.31555556 0.78222222 0.77333333],[0.62683476 0.63349576 0.6177085  ... 0.51287939 0.63544159 0.66083872],[0.93333333 1.00444444 1.00444444 ... 1.04       0.88       0.95111111],[0.68793243 0.49740065 0.66083872 ... 0.63738147 0.56101026 0.62367555]
F10_Schwefel,50,PSO,function_evaluations,500000,,500000,25,25,9999.0,0.0,9999,9999,500000.0,0.0,500000,500000,"[5.41873808e+07 8.36092212e+05 4.26074300e+05 5.78875967e+05
 4.11819070e+05 7.26108782e+05 6.13201452e+05 1.30448045e+07
 5.85538498e+05 5.48919508e+07 8.01367465e+05 4.13304081e+05
 8.86163999e+05 1.28068484e+07 5.23723815e+05 4.94680409e+05
 1.28495027e+07 1.78587944e+08 1.25974184e+07 1.05830589e+06
 5.57915887e+05 7.29962786e+05 2.80556715e+05 5.54480406e+05
 1.30452474e+07]","[5.41873808e+07 8.36092212e+05 4.26074300e+05 5.78875967e+05
 4.11819070e+05 7.26108782e+05 6.13201452e+05 1.30448045e+07
 5.85538498e+05 5.48919508e+07 8.01367465e+05 4.13304081e+05
 8.86163999e+05 1.28068484e+07 5.23723815e+05 4.94680409e+05
 1.28495027e+07 1.78587944e+08 1.25974184e+07 1.05830589e+06
 5.57915887e+05 7.29962786e+05 2.80556715e+05 5.54480406e+05
 1.30452474e+07]",14499570.735449027,37317543.74596883,729962.7856216312,554480.4063348586,12806848.449869003,280556.71533936175,178587943.56179124,58.13852210736004,11.600695992681379,61.553984287000276,0.00022243492006964515,2.9812003149654798e-05,[   1    2    3 ... 9997 9998 9999],"[3.16728758e+10 1.34830046e+10 9.17623832e+09 ... 1.44995707e+07
 1.44995707e+07 1.44995707e+07]","[1.05110504e+10 6.00584753e+09 4.16213568e+09 ... 3.73175437e+07
 3.73175437e+07 3.73175437e+07]",[    50    100    150 ... 499900 499950 500000],"[7.58670734e+10 3.16728758e+10 1.34830046e+10 ... 1.44995707e+07
 1.44995707e+07 1.44995707e+07]","[2.44417004e+10 1.05110504e+10 6.00584753e+09 ... 3.73175437e+07
 3.73175437e+07 3.73175437e+07]",1.349599380493164,0.013348841474167686,1.3515491485595703,1.3764896392822266,1.1939215087890624,[0.8 0.8 0.8 ... 0.8 0.8 0.8],"[2.26623326e-16 2.26623326e-16 2.26623326e-16 ... 2.26623326e-16
 2.26623326e-16 2.26623326e-16]",[2. 2. 2. ... 2. 2. 2.],[0. 0. 0. ... 0. 0. 0.],[2. 2. 2. ... 2. 2. 2.],[0. 0. 0. ... 0. 0. 0.],[   100    150    200 ... 499900 499950 500000],[0.8 0.8 0.8 ... 0.8 0.8 0.8],"[2.26623326e-16 2.26623326e-16 2.26623326e-16 ... 2.26623326e-16
 2.26623326e-16 2.26623326e-16]",[2. 2. 2. ... 2. 2. 2.],[0. 0. 0. ... 0. 0. 0.],[2. 2. 2. ... 2. 2. 2.],[0. 0. 0. ... 0. 0. 0.]
F10_Schwefel,50,PSOLVIW,function_evaluations,500000,,500000,25,25,9999.0,0.0,9999,9999,500000.0,0.0,500000,500000,"[6.61686061e+05 1.86066422e+05 1.85977466e+05 1.74189907e+05
 1.23314444e+07 1.23915150e+07 1.23050588e+07 1.24892948e+07
 1.41786174e+05 1.23278830e+07 1.22715412e+07 9.13060783e+07
 4.17403813e+05 1.23489400e+07 7.88564832e+04 1.23808296e+07
 1.24153365e+07 2.01401374e+08 1.23840861e+07 1.51503093e+05
 2.05614559e+05 9.13438862e+07 1.39994137e+05 1.55226190e+05
 1.47869923e+05]","[6.61686061e+05 1.86066422e+05 1.85977466e+05 1.74189907e+05
 1.23314444e+07 1.23915150e+07 1.23050588e+07 1.24892948e+07
 1.41786174e+05 1.23278830e+07 1.22715412e+07 9.13060783e+07
 4.17403813e+05 1.23489400e+07 7.88564832e+04 1.23808296e+07
 1.24153365e+07 2.01401374e+08 1.23840861e+07 1.51503093e+05
 2.05614559e+05 9.13438862e+07 1.39994137e+05 1.55226190e+05
 1.47869923e+05]",20413737.694366883,44886308.4721225,12271541.210152239,174189.90691458242,12384086.137653599,78856.48320200894,201401374.18696302,63.84024664292003,11.912892284496806,68.68260612500126,0.0003219404402625514,0.00041420960065547085,[   1    2    3 ... 9997 9998 9999],"[3.16728758e+10 1.40162489e+10 1.01151114e+10 ... 2.04137388e+07
 2.04137380e+07 2.04137377e+07]","[1.05110504e+10 6.36789160e+09 4.75795764e+09 ... 4.48863093e+07
 4.48863087e+07 4.48863085e+07]",[    50    100    150 ... 499900 499950 500000],"[7.58670734e+10 3.16728758e+10 1.40162489e+10 ... 2.04137388e+07
 2.04137380e+07 2.04137377e+07]","[2.44417004e+10 1.05110504e+10 6.36789160e+09 ... 4.48863093e+07
 4.48863087e+07 4.48863085e+07]",1.8440775299072265,0.019426004237307164,1.8415546417236328,1.884531021118164,1.6852413940429687,[0.9        0.89994999 0.89989998 ... 0.40010002 0.40005001 0.4       ],"[3.39934989e-16 0.00000000e+00 1.13311663e-16 ... 2.26623326e-16
 1.69967494e-16 1.13311663e-16]",[2. 2. 2. ... 2. 2. 2.],[0. 0. 0. ... 0. 0. 0.],[2. 2. 2. ... 2. 2. 2.],[0. 0. 0. ... 0. 0. 0.],[   100    150    200 ... 499900 499950 500000],[0.9        0.89994999 0.89989998 ... 0.40010002 0.40005001 0.4       ],"[3.39934989e-16 0.00000000e+00 1.13311663e-16 ... 2.26623326e-16
 1.69967494e-16 1.13311663e-16]",[2. 2. 2. ... 2. 2. 2.],[0. 0. 0. ... 0. 0. 0.],[2. 2. 2. ... 2. 2. 2.],[0. 0. 0. ... 0. 0. 0.]
F10_Schwefel,50,PSOTVAC,function_evaluations,500000,,500000,25,25,9999.0,0.0,9999,9999,500000.0,0.0,500000,500000,"[ 76789.00243941  62846.91259195  29492.22938762 115764.45562315
  76341.10028348  72478.63681742 163172.88971042  40787.77213669
 104997.17945662  36864.64427325 240910.96783318  88761.96695546
  93283.58538363 114947.02895482 108237.47084253   6250.77314778
 113112.61706423  28847.41896786  82594.46495847  80463.55302556
  59290.07438986  69407.39617593  84710.51428335  92244.87809189
 108805.5431617 ]","[ 76789.00243941  62846.91259195  29492.22938762 115764.45562315
  76341.10028348  72478.63681742 163172.88971042  40787.77213669
 104997.17945662  36864.64427325 240910.96783318  88761.96695546
  93283.58538363 114947.02895482 108237.47084253   6250.77314778
 113112.61706423  28847.41896786  82594.46495847  80463.55302556
  59290.07438986  69407.39617593  84710.51428335  92244.87809189
 108805.5431617 ]",86056.12303825101,47034.867459419445,82594.4649584732,62846.91259195226,108237.47084253051,6250.7731477828565,240910.96783317573,60.289211719719894,11.935617519953519,64.60755737,0.00027453548027551734,3.554519059999376e-05,[   1    2    3 ... 9997 9998 9999],"[4.00881847e+10 1.82045854e+10 1.15691796e+10 ... 8.60588912e+04
 8.60575033e+04 8.60561230e+04]","[1.09335770e+10 6.65606011e+09 3.98246264e+09 ... 4.70360573e+04
 4.70354761e+04 4.70348675e+04]",[    50    100    150 ... 499900 499950 500000],"[7.58670734e+10 4.00881847e+10 1.82045854e+10 ... 8.60588912e+04
 8.60575033e+04 8.60561230e+04]","[2.44417004e+10 1.09335770e+10 6.65606011e+09 ... 4.70360573e+04
 4.70354761e+04 4.70348675e+04]",3.3082666778564453,0.14140045851285818,3.291322708129883,3.6065006256103516,2.9770068359375,[0.9        0.89994999 0.89989998 ... 0.40010002 0.40005001 0.4       ],"[3.39934989e-16 1.13311663e-16 1.13311663e-16 ... 2.26623326e-16
 1.69967494e-16 1.13311663e-16]",[2.5        2.49979996 2.49959992 ... 0.50040008 0.50020004 0.5       ],"[0.00000000e+00 1.35973996e-15 1.35973996e-15 ... 3.39934989e-16
 1.13311663e-16 0.00000000e+00]",[0.5        0.50020004 0.50040008 ... 2.49959992 2.49979996 2.5       ],"[0.00000000e+00 1.13311663e-16 2.26623326e-16 ... 1.35973996e-15
 1.35973996e-15 0.00000000e+00]",[   100    150    200 ... 499900 499950 500000],[0.9        0.89994999 0.89989998 ... 0.40010002 0.40005001 0.4       ],"[3.39934989e-16 1.13311663e-16 1.13311663e-16 ... 2.26623326e-16
 1.69967494e-16 1.13311663e-16]",[2.5        2.49979996 2.49959992 ... 0.50040008 0.50020004 0.5       ],"[0.00000000e+00 1.35973996e-15 1.35973996e-15 ... 3.39934989e-16
 1.13311663e-16 0.00000000e+00]",[0.5        0.50020004 0.50040008 ... 2.49959992 2.49979996 2.5       ],"[0.00000000e+00 1.13311663e-16 2.26623326e-16 ... 1.35973996e-15
 1.35973996e-15 0.00000000e+00]"
F10_Schwefel,50,APSOVI,function_evaluations,500000,,500000,25,25,9999.0,0.0,9999,9999,500000.0,0.0,500000,500000,"[1.89101949e+05 5.30953192e+07 1.79308293e+05 5.31671264e+07
 1.22591129e+07 1.23598841e+07 5.31242439e+07 1.22479876e+07
 7.51557786e+04 1.46451047e+05 1.86541653e+05 1.23254269e+07
 5.30746606e+07 2.67741131e+05 1.76504540e+05 1.26752958e+07
 1.25517375e+07 3.09690334e+05 1.80310742e+05 2.02876985e+05
 1.08244630e+05 9.15396499e+07 8.79947710e+04 1.60807519e+05
 1.24156297e+05]","[1.89101949e+05 5.30953192e+07 1.79308293e+05 5.31671264e+07
 1.22591129e+07 1.23598841e+07 5.31242439e+07 1.22479876e+07
 7.51557786e+04 1.46451047e+05 1.86541653e+05 1.23254269e+07
 5.30746606e+07 2.67741131e+05 1.76504540e+05 1.26752958e+07
 1.25517375e+07 3.09690334e+05 1.80310742e+05 2.02876985e+05
 1.08244630e+05 9.15396499e+07 8.79947710e+04 1.60807519e+05
 1.24156297e+05]",15232613.221370095,24822125.65406214,267741.1308126666,176504.54049379576,12551737.549979798,75155.77858650482,91539649.86368732,58.93093663016007,10.994691093707727,60.87129013100093,0.0003973837597004604,0.0002119308454883218,[   1    2    3 ... 9997 9998 9999],"[3.20088589e+10 1.44565718e+10 1.06286467e+10 ... 1.52326132e+07
 1.52326132e+07 1.52326132e+07]","[9.53707757e+09 6.73920873e+09 4.86111113e+09 ... 2.48221257e+07
 2.48221257e+07 2.48221257e+07]",[    50    100    150 ... 499900 499950 500000],"[7.58670734e+10 3.20088589e+10 1.44565718e+10 ... 1.52326132e+07
 1.52326132e+07 1.52326132e+07]","[2.44417004e+10 9.53707757e+09 6.73920873e+09 ... 2.48221257e+07
 2.48221257e+07 2.48221257e+07]",1.7878235626220702,0.054869305505441925,1.7916126251220703,1.8746509552001953,1.6289022827148438,[0.9 0.9 0.9 ... 0.3 0.3 0.3],"[3.39934989e-16 3.39934989e-16 3.39934989e-16 ... 1.13311663e-16
 1.13311663e-16 1.13311663e-16]",[1.49618 1.49618 1.49618 ... 1.49618 1.49618 1.49618],"[2.26623326e-16 2.26623326e-16 2.26623326e-16 ... 2.26623326e-16
 2.26623326e-16 2.26623326e-16]",[1.49618 1.49618 1.49618 ... 1.49618 1.49618 1.49618],"[2.26623326e-16 2.26623326e-16 2.26623326e-16 ... 2.26623326e-16
 2.26623326e-16 2.26623326e-16]",[   100    150    200 ... 499900 499950 500000],[0.9 0.9 0.9 ... 0.3 0.3 0.3],"[3.39934989e-16 3.39934989e-16 3.39934989e-16 ... 1.13311663e-16
 1.13311663e-16 1.13311663e-16]",[1.49618 1.49618 1.49618 ... 1.49618 1.49618 1.49618],"[2.26623326e-16 2.26623326e-16 2.26623326e-16 ... 2.26623326e-16
 2.26623326e-16 2.26623326e-16]",[1.49618 1.49618 1.49618 ... 1.49618 1.49618 1.49618],"[2.26623326e-16 2.26623326e-16 2.26623326e-16 ... 2.26623326e-16
 2.26623326e-16 2.26623326e-16]"
F10_Schwefel,50,APSO,function_evaluations,500000,,500000,25,25,9803.08,0.2768874620972691,9803,9804,500000.0,0.0,500000,500000,"[ 1671.04404255  3482.48860517  1622.73120313 27879.39168229
 69893.65799573  4996.14720057   731.99059842  1799.68962547
 29915.80221141 18976.15402004 11985.0551887  30854.02147043
  5747.13097962   580.83585219  2753.27059663 39221.53691596
 33542.88006695  3245.32741395   826.22279158 14361.67925001
  2831.52236494  3256.72470061  9509.08558884 14360.14043016
  3641.09961494]","[ 1671.04404255  3482.48860517  1622.73120313 27879.39168229
 69893.65799573  4996.14720057   731.99059842  1799.68962547
 29915.80221141 18976.15402004 11985.0551887  30854.02147043
  5747.13097962   580.83585219  2753.27059663 39221.53691596
 33542.88006695  3245.32741395   826.22279158 14361.67925001
  2831.52236494  3256.72470061  9509.08558884 14360.14043016
  3641.09961494]",13507.425216411706,16768.6008482126,4996.147200571309,2753.2705966287695,18976.1540200402,580.835852185885,69893.65799573078,69.89047308628011,13.00729219287719,73.497990287,0.0003420447999815224,0.00015633201936407016,[   1    2    3 ... 9801 9802 9803],"[3.25693793e+10 1.42376912e+10 8.89894110e+09 ... 1.35082956e+04
 1.35075696e+04 1.35075448e+04]","[1.05892286e+10 6.25616089e+09 4.46892041e+09 ... 1.67687174e+04
 1.67686104e+04 1.67686039e+04]",[    50    100    150 ... 499900 499950 500000],"[7.58670734e+10 3.26442359e+10 1.42376912e+10 ... 1.35082798e+04
 1.35075517e+04 1.35074252e+04]","[2.44417004e+10 1.05770264e+10 6.25616089e+09 ... 1.67687121e+04
 1.67686017e+04 1.67686008e+04]",4.830813789367676,0.04780594258048045,4.829361915588379,4.944129943847656,2.782728576660156,[0.64203928 0.6500625  0.65576324 ... 0.40233919 0.40219842 0.4010643 ],[0.12795854 0.12857543 0.1047197  ... 0.00755361 0.00652629 0.00208122],[2.04212591 2.07800987 2.12536145 ... 2.00001667 2.00001634 2.00001605],"[4.24514120e-02 5.69867103e-02 6.71458194e-02 ... 8.33485026e-05
 8.16870564e-05 8.02335510e-05]",[1.95787409 1.92199013 1.87463855 ... 1.99998333 1.99998366 1.99998395],"[4.24514120e-02 5.69867103e-02 6.71458194e-02 ... 8.33485026e-05
 8.16870564e-05 8.02335510e-05]",[   101    151    201 ... 499901 499951 499953],[0.64203928 0.64480982 0.66250044 ... 0.40233248 0.40219284 0.40223192],[0.12795854 0.13559647 0.09931186 ... 0.00755553 0.00652815 0.00651739],[2.04212591 2.07800987 2.12539994 ... 2.00001667 2.00001634 2.00001634],"[4.24514120e-02 5.69867103e-02 6.70986362e-02 ... 8.33485193e-05
 8.16870721e-05 8.16870721e-05]",[1.95787409 1.92199013 1.87460006 ... 1.99998333 1.99998366 1.99998366],"[4.24514120e-02 5.69867103e-02 6.70986362e-02 ... 8.33485193e-05
 8.16870721e-05 8.16870721e-05]"
F10_Schwefel,50,UAPSO,function_evaluations,500000,,500000,25,25,9999.0,0.0,9999,9999,500000.0,0.0,500000,500000,"[2.69763997e+06 2.70724559e+07 1.60245810e+05 2.36389946e+05
 7.82814713e+06 2.16746163e+05 6.96234787e+06 1.52831643e+05
 5.76373529e+06 2.61867127e+05 3.67384098e+05 2.44476282e+06
 4.00121318e+07 1.62039469e+05 6.09417321e+06 8.96692136e+04
 7.00948062e+05 1.68282071e+07 2.25683189e+07 3.60320571e+07
 2.63347309e+06 6.37091910e+08 7.22855024e+06 2.97038510e+05
 1.10167071e+08]","[2.69763997e+06 2.70724559e+07 1.60245810e+05 2.36389946e+05
 7.82814713e+06 2.16746163e+05 6.96234787e+06 1.52831643e+05
 5.76373529e+06 2.61867127e+05 3.67384098e+05 2.44476282e+06
 4.00121318e+07 1.62039469e+05 6.09417321e+06 8.96692136e+04
 7.00948062e+05 1.68282071e+07 2.25683189e+07 3.60320571e+07
 2.63347309e+06 6.37091910e+08 7.22855024e+06 2.97038510e+05
 1.10167071e+08]",37362805.64891693,127115702.52616252,2697639.966199055,261867.12704920524,16828207.095225107,89669.21360476711,637091910.1832454,62.083088838360055,11.65219190528314,64.91237331500088,0.0007157880402519367,0.0010576264771154067,[   1    2    3 ... 9997 9998 9999],"[4.37175212e+10 2.18801798e+10 1.31662773e+10 ... 3.73628056e+07
 3.73628056e+07 3.73628056e+07]","[1.98260823e+10 1.43707287e+10 8.48821523e+09 ... 1.27115703e+08
 1.27115703e+08 1.27115703e+08]",[    50    100    150 ... 499900 499950 500000],"[7.58670734e+10 4.37175212e+10 2.18801798e+10 ... 3.73628056e+07
 3.73628056e+07 3.73628056e+07]","[2.44417004e+10 1.98260823e+10 1.43707287e+10 ... 1.27115703e+08
 1.27115703e+08 1.27115703e+08]",2.2074627685546875,0.20447931173643094,2.136587142944336,2.873772621154785,2.041551399230957,[0.44421053 0.43789474 0.52421053 ... 0.54526316 0.57894737 0.55368421],[0.3287122  0.31311735 0.30176459 ... 0.30609385 0.29225143 0.30009232],[1.10222222 0.82666667 1.04       ... 1.31555556 0.78222222 0.79111111],[0.62683476 0.63349576 0.63414503 ... 0.50479185 0.63544159 0.66999171],[0.93333333 1.00444444 1.00444444 ... 1.04888889 0.88888889 0.94222222],[0.68793243 0.49740065 0.66083872 ... 0.6367355  0.57017794 0.63595947],[   100    150    200 ... 499900 499950 500000],[0.44421053 0.43789474 0.52421053 ... 0.54526316 0.57894737 0.55368421],[0.3287122  0.31311735 0.30176459 ... 0.30609385 0.29225143 0.30009232],[1.10222222 0.82666667 1.04       ... 1.31555556 0.78222222 0.79111111],[0.62683476 0.63349576 0.63414503 ... 0.50479185 0.63544159 0.66999171],[0.93333333 1.00444444 1.00444444 ... 1.04888889 0.88888889 0.94222222],[0.68793243 0.49740065 0.66083872 ... 0.6367355  0.57017794 0.63595947]
F11_Hybrid1,50,PSO,function_evaluations,500000,,500000,25,25,9999.0,0.0,9999,9999,500000.0,0.0,500000,500000,"[5.25856409e+08 7.23429150e+08 2.41822453e+08 2.62058464e+08
 1.56254756e+08 2.52066055e+08 5.72337827e+08 2.26452493e+08
 4.25934056e+08 1.55377341e+08 4.64552781e+08 1.84849220e+08
 1.15316845e+08 1.36754431e+08 2.34896184e+08 1.44847698e+08
 5.22079595e+08 2.67207031e+08 1.30930562e+08 8.33766069e+07
 7.63470116e+08 4.37690387e+08 1.78733182e+08 1.50871782e+08
 1.34187827e+09]","[5.25856409e+08 7.23429150e+08 2.41822453e+08 2.62058464e+08
 1.56254756e+08 2.52066055e+08 5.72337827e+08 2.26452493e+08
 4.25934056e+08 1.55377341e+08 4.64552781e+08 1.84849220e+08
 1.15316845e+08 1.36754431e+08 2.34896184e+08 1.44847698e+08
 5.22079595e+08 2.67207031e+08 1.30930562e+08 8.33766069e+07
 7.63470116e+08 4.37690387e+08 1.78733182e+08 1.50871782e+08
 1.34187827e+09]",347961747.63518435,283465181.85147053,241822453.19913223,155377340.5715127,464552781.3305785,83376606.85020438,1341878265.0394804,130.89015926108004,23.407354161328254,137.24924860700048,0.00025296404004620854,5.1895146087739735e-05,[   1    2    3 ... 9997 9998 9999],"[3.23186792e+10 2.09784055e+10 1.78534781e+10 ... 3.48589275e+08
 3.48589275e+08 3.47961748e+08]","[5.29344102e+09 3.66955397e+09 3.99284542e+09 ... 2.83237697e+08
 2.83237697e+08 2.83465182e+08]",[    50    100    150 ... 499900 499950 500000],"[4.96871978e+10 3.23186792e+10 2.09784055e+10 ... 3.48589275e+08
 3.48589275e+08 3.47961748e+08]","[9.64275899e+09 5.29344102e+09 3.66955397e+09 ... 2.83237697e+08
 2.83237697e+08 2.83465182e+08]",1.3489017486572266,0.01517676703866159,1.350625991821289,1.3762073516845703,1.1932467651367187,[0.8 0.8 0.8 ... 0.8 0.8 0.8],"[2.26623326e-16 2.26623326e-16 2.26623326e-16 ... 2.26623326e-16
 2.26623326e-16 2.26623326e-16]",[2. 2. 2. ... 2. 2. 2.],[0. 0. 0. ... 0. 0. 0.],[2. 2. 2. ... 2. 2. 2.],[0. 0. 0. ... 0. 0. 0.],[   100    150    200 ... 499900 499950 500000],[0.8 0.8 0.8 ... 0.8 0.8 0.8],"[2.26623326e-16 2.26623326e-16 2.26623326e-16 ... 2.26623326e-16
 2.26623326e-16 2.26623326e-16]",[2. 2. 2. ... 2. 2. 2.],[0. 0. 0. ... 0. 0. 0.],[2. 2. 2. ... 2. 2. 2.],[0. 0. 0. ... 0. 0. 0.]
F11_Hybrid1,50,PSOLVIW,function_evaluations,500000,,500000,25,25,9999.0,0.0,9999,9999,500000.0,0.0,500000,500000,"[4.51815097e+04 3.69996530e+07 2.18343189e+06 9.35837079e+06
 1.08557473e+06 3.60308743e+08 2.34670478e+07 3.76698377e+06
 2.49672558e+07 4.41130336e+08 3.28314295e+06 1.39611377e+07
 3.30934269e+06 2.53275626e+06 3.78288800e+08 2.23514772e+07
 3.17239859e+07 3.21184563e+06 2.84624795e+06 8.32185219e+05
 4.51273715e+06 3.43992520e+08 1.49370114e+07 3.46353387e+08
 3.43094782e+08]","[4.51815097e+04 3.69996530e+07 2.18343189e+06 9.35837079e+06
 1.08557473e+06 3.60308743e+08 2.34670478e+07 3.76698377e+06
 2.49672558e+07 4.41130336e+08 3.28314295e+06 1.39611377e+07
 3.30934269e+06 2.53275626e+06 3.78288800e+08 2.23514772e+07
 3.17239859e+07 3.21184563e+06 2.84624795e+06 8.32185219e+05
 4.51273715e+06 3.43992520e+08 1.49370114e+07 3.46353387e+08
 3.43094782e+08]",96741757.46211727,157347087.87229985,13961137.651220711,3211845.6279897513,36999652.96850916,45181.50965498771,441130335.82339764,130.88942753159995,24.654228539255808,138.05377938200036,0.00030687060017953627,0.00010737203820731206,[   1    2    3 ... 9997 9998 9999],"[3.23186792e+10 2.12186582e+10 1.85271216e+10 ... 9.67417576e+07
 9.67417576e+07 9.67417575e+07]","[5.29344102e+09 3.81930173e+09 3.92199867e+09 ... 1.57347088e+08
 1.57347088e+08 1.57347088e+08]",[    50    100    150 ... 499900 499950 500000],"[4.96871978e+10 3.23186792e+10 2.12186582e+10 ... 9.67417576e+07
 9.67417576e+07 9.67417575e+07]","[9.64275899e+09 5.29344102e+09 3.81930173e+09 ... 1.57347088e+08
 1.57347088e+08 1.57347088e+08]",1.9028357696533202,0.08403170915587457,1.867380142211914,2.1777820587158203,1.7370318603515624,[0.9        0.89994999 0.89989998 ... 0.40010002 0.40005001 0.4       ],"[3.39934989e-16 0.00000000e+00 1.13311663e-16 ... 2.26623326e-16
 1.69967494e-16 1.13311663e-16]",[2. 2. 2. ... 2. 2. 2.],[0. 0. 0. ... 0. 0. 0.],[2. 2. 2. ... 2. 2. 2.],[0. 0. 0. ... 0. 0. 0.],[   100    150    200 ... 499900 499950 500000],[0.9        0.89994999 0.89989998 ... 0.40010002 0.40005001 0.4       ],"[3.39934989e-16 0.00000000e+00 1.13311663e-16 ... 2.26623326e-16
 1.69967494e-16 1.13311663e-16]",[2. 2. 2. ... 2. 2. 2.],[0. 0. 0. ... 0. 0. 0.],[2. 2. 2. ... 2. 2. 2.],[0. 0. 0. ... 0. 0. 0.]
F11_Hybrid1,50,PSOTVAC,function_evaluations,500000,,500000,25,25,9999.0,0.0,9999,9999,500000.0,0.0,500000,500000,"[3.18359007e+06 1.45102854e+06 1.29301883e+05 1.69586749e+06
 9.92982798e+04 2.01476046e+06 2.26764917e+06 7.79564973e+04
 1.60983653e+06 2.41816003e+06 3.39543044e+08 6.19071228e+04
 1.39201791e+04 1.08393180e+07 8.10860397e+05 3.51500827e+05
 5.17266531e+05 2.93692056e+06 9.43175311e+03 2.29518344e+07
 1.67911398e+06 1.08951588e+09 2.21307860e+07 8.20445369e+06
 5.57273007e+04]","[3.18359007e+06 1.45102854e+06 1.29301883e+05 1.69586749e+06
 9.92982798e+04 2.01476046e+06 2.26764917e+06 7.79564973e+04
 1.60983653e+06 2.41816003e+06 3.39543044e+08 6.19071228e+04
 1.39201791e+04 1.08393180e+07 8.10860397e+05 3.51500827e+05
 5.17266531e+05 2.93692056e+06 9.43175311e+03 2.29518344e+07
 1.67911398e+06 1.08951588e+09 2.21307860e+07 8.20445369e+06
 5.57273007e+04]",60582776.62460146,224705749.14087152,1679113.982374734,129301.88291200472,3183590.0691387136,9431.753114979525,1089515882.3412166,131.73489574620012,24.560919788533415,140.02313528300147,0.00024219156002800447,3.91200826007431e-05,[   1    2    3 ... 9997 9998 9999],"[3.87132192e+10 2.52571944e+10 1.98842137e+10 ... 6.05828043e+07
 6.05827937e+07 6.05827766e+07]","[5.44455101e+09 4.19450918e+09 4.87913353e+09 ... 2.24705748e+08
 2.24705749e+08 2.24705749e+08]",[    50    100    150 ... 499900 499950 500000],"[4.96871978e+10 3.87132192e+10 2.52571944e+10 ... 6.05828043e+07
 6.05827937e+07 6.05827766e+07]","[9.64275899e+09 5.44455101e+09 4.19450918e+09 ... 2.24705748e+08
 2.24705749e+08 2.24705749e+08]",3.4232608795166017,0.1851957692751248,3.4445056915283203,3.8178653717041016,3.0690899658203126,[0.9        0.89994999 0.89989998 ... 0.40010002 0.40005001 0.4       ],"[3.39934989e-16 1.13311663e-16 1.13311663e-16 ... 2.26623326e-16
 1.69967494e-16 1.13311663e-16]",[2.5        2.49979996 2.49959992 ... 0.50040008 0.50020004 0.5       ],"[0.00000000e+00 1.35973996e-15 1.35973996e-15 ... 3.39934989e-16
 1.13311663e-16 0.00000000e+00]",[0.5        0.50020004 0.50040008 ... 2.49959992 2.49979996 2.5       ],"[0.00000000e+00 1.13311663e-16 2.26623326e-16 ... 1.35973996e-15
 1.35973996e-15 0.00000000e+00]",[   100    150    200 ... 499900 499950 500000],[0.9        0.89994999 0.89989998 ... 0.40010002 0.40005001 0.4       ],"[3.39934989e-16 1.13311663e-16 1.13311663e-16 ... 2.26623326e-16
 1.69967494e-16 1.13311663e-16]",[2.5        2.49979996 2.49959992 ... 0.50040008 0.50020004 0.5       ],"[0.00000000e+00 1.35973996e-15 1.35973996e-15 ... 3.39934989e-16
 1.13311663e-16 0.00000000e+00]",[0.5        0.50020004 0.50040008 ... 2.49959992 2.49979996 2.5       ],"[0.00000000e+00 1.13311663e-16 2.26623326e-16 ... 1.35973996e-15
 1.35973996e-15 0.00000000e+00]"
F11_Hybrid1,50,APSOVI,function_evaluations,500000,,500000,25,25,9999.0,0.0,9999,9999,500000.0,0.0,500000,500000,"[8.66604564e+06 4.52478382e+04 1.24921274e+09 4.70372778e+08
 3.95330486e+07 2.63151477e+06 1.97562070e+06 3.84978889e+08
 5.00728723e+08 6.42138078e+08 1.67639376e+07 8.57285493e+05
 1.39789953e+07 5.75484336e+07 1.05225471e+07 2.20304886e+07
 3.43539259e+08 4.32559977e+07 2.63023261e+07 4.31274980e+06
 4.04716083e+08 6.45051900e+08 4.09499110e+08 1.75939866e+09
 1.26489946e+09]","[8.66604564e+06 4.52478382e+04 1.24921274e+09 4.70372778e+08
 3.95330486e+07 2.63151477e+06 1.97562070e+06 3.84978889e+08
 5.00728723e+08 6.42138078e+08 1.67639376e+07 8.57285493e+05
 1.39789953e+07 5.75484336e+07 1.05225471e+07 2.20304886e+07
 3.43539259e+08 4.32559977e+07 2.63023261e+07 4.31274980e+06
 4.04716083e+08 6.45051900e+08 4.09499110e+08 1.75939866e+09
 1.26489946e+09]",332918396.76335406,473984058.5733527,43255997.69640197,10522547.111779235,470372778.0104007,45247.838177465936,1759398662.1892543,131.48822398932018,25.102002215573023,139.02985863400136,0.00027830196006107144,0.0002188168152750599,[   1    2    3 ... 9997 9998 9999],"[3.29621880e+10 2.13304919e+10 1.89686130e+10 ... 3.32920655e+08
 3.32919586e+08 3.32918397e+08]","[5.27871138e+09 3.88685721e+09 4.37326859e+09 ... 4.73985422e+08
 4.73984927e+08 4.73984059e+08]",[    50    100    150 ... 499900 499950 500000],"[4.96871978e+10 3.29621880e+10 2.13304919e+10 ... 3.32920655e+08
 3.32919586e+08 3.32918397e+08]","[9.64275899e+09 5.27871138e+09 3.88685721e+09 ... 4.73985422e+08
 4.73984927e+08 4.73984059e+08]",1.822162857055664,0.10485835434161833,1.809549331665039,2.036111831665039,1.6576596069335938,[0.9 0.9 0.9 ... 0.3 0.3 0.3],"[3.39934989e-16 3.39934989e-16 3.39934989e-16 ... 1.13311663e-16
 1.13311663e-16 1.13311663e-16]",[1.49618 1.49618 1.49618 ... 1.49618 1.49618 1.49618],"[2.26623326e-16 2.26623326e-16 2.26623326e-16 ... 2.26623326e-16
 2.26623326e-16 2.26623326e-16]",[1.49618 1.49618 1.49618 ... 1.49618 1.49618 1.49618],"[2.26623326e-16 2.26623326e-16 2.26623326e-16 ... 2.26623326e-16
 2.26623326e-16 2.26623326e-16]",[   100    150    200 ... 499900 499950 500000],[0.9 0.9 0.9 ... 0.3 0.3 0.3],"[3.39934989e-16 3.39934989e-16 3.39934989e-16 ... 1.13311663e-16
 1.13311663e-16 1.13311663e-16]",[1.49618 1.49618 1.49618 ... 1.49618 1.49618 1.49618],"[2.26623326e-16 2.26623326e-16 2.26623326e-16 ... 2.26623326e-16
 2.26623326e-16 2.26623326e-16]",[1.49618 1.49618 1.49618 ... 1.49618 1.49618 1.49618],"[2.26623326e-16 2.26623326e-16 2.26623326e-16 ... 2.26623326e-16
 2.26623326e-16 2.26623326e-16]"
F11_Hybrid1,50,APSO,function_evaluations,500000,,500000,25,25,9803.04,0.2,9803,9804,500000.0,0.0,500000,500000,"[34343.37280773  6302.00496788 16114.30151242 84634.29465377
 56999.44233909 32190.41098716 37576.14313799 45122.78680118
 20474.71104121 75833.35694032 88969.2566232  34298.89492907
 37303.57555936 61694.34263077 61852.91929789 61556.55453623
 13041.04184106 63754.21474142 16246.72612599 12079.24161899
 13392.92830151 76858.91575779 71130.53010749 94443.28473868
 26230.83661244]","[34343.37280773  6302.00496788 16114.30151242 84634.29465377
 56999.44233909 32190.41098716 37576.14313799 45122.78680118
 20474.71104121 75833.35694032 88969.2566232  34298.89492907
 37303.57555936 61694.34263077 61852.91929789 61556.55453623
 13041.04184106 63754.21474142 16246.72612599 12079.24161899
 13392.92830151 76858.91575779 71130.53010749 94443.28473868
 26230.83661244]",45697.76354442493,27111.501581897624,37576.143137985084,20474.71104120741,63754.214741416654,6302.004967884599,94443.28473868006,142.7027890261198,27.8830069416636,150.61759338999946,0.00036263920010242144,0.0006266610166468142,[   1    2    3 ... 9801 9802 9803],"[3.26304258e+10 1.96317667e+10 1.57922384e+10 ... 4.57008767e+04
 4.56983123e+04 4.56978612e+04]","[5.43928628e+09 3.72145934e+09 4.14035603e+09 ... 2.71098998e+04
 2.71113141e+04 2.71114949e+04]",[    50    100    150 ... 499900 499950 500000],"[4.96871978e+10 3.26304258e+10 1.96317667e+10 ... 4.57008647e+04
 4.56981804e+04 4.56977635e+04]","[9.64275899e+09 5.43928628e+09 3.72145934e+09 ... 2.71099035e+04
 2.71113175e+04 2.71115016e+04]",4.9007572555542,0.06535174885475767,4.872005462646484,5.085086822509766,2.8516700363159178,[0.60535914 0.63752242 0.65983706 ... 0.40145256 0.40080712 0.40096974],[0.1289311  0.11831918 0.11464816 ... 0.00288006 0.00164387 0.00217026],[2.03746163 2.07274932 2.10246361 ... 2.00001027 2.00001007 2.00000983],"[3.00109882e-02 4.27831794e-02 5.64479730e-02 ... 5.13694495e-05
 5.03602892e-05 4.91694923e-05]",[1.96253837 1.92725068 1.89753639 ... 1.99998973 1.99998993 1.99999017],"[3.00109882e-02 4.27831794e-02 5.64479730e-02 ... 5.13694495e-05
 5.03602892e-05 4.91694923e-05]",[   101    151    201 ... 499901 499951 499978],[0.60535914 0.63752242 0.65709202 ... 0.4014526  0.40080711 0.40080839],[0.1289311  0.11831918 0.11738429 ... 0.00288004 0.00164388 0.00164334],[2.03746163 2.07274932 2.10251661 ... 2.00001027 2.00001007 2.00001007],"[3.00109882e-02 4.27831794e-02 5.64190347e-02 ... 5.13694495e-05
 5.03602892e-05 5.03602892e-05]",[1.96253837 1.92725068 1.89748339 ... 1.99998973 1.99998993 1.99998993],"[3.00109882e-02 4.27831794e-02 5.64190347e-02 ... 5.13694495e-05
 5.03602892e-05 5.03602892e-05]"
F11_Hybrid1,50,UAPSO,function_evaluations,500000,,500000,25,25,9999.0,0.0,9999,9999,500000.0,0.0,500000,500000,"[7.67987383e+08 6.42450101e+08 5.60942436e+07 2.84260512e+08
 2.66414977e+08 7.87660037e+07 1.04179060e+09 2.30897813e+07
 4.67953870e+08 4.91597988e+08 2.63023869e+08 1.80054611e+08
 9.45569484e+08 8.19399531e+06 1.15220048e+09 3.79050911e+07
 3.57540491e+07 1.87058171e+09 1.63985068e+09 1.07901465e+09
 3.04472580e+08 3.02261983e+09 5.49995056e+08 7.41998202e+08
 1.59311800e+09]","[7.67987383e+08 6.42450101e+08 5.60942436e+07 2.84260512e+08
 2.66414977e+08 7.87660037e+07 1.04179060e+09 2.30897813e+07
 4.67953870e+08 4.91597988e+08 2.63023869e+08 1.80054611e+08
 9.45569484e+08 8.19399531e+06 1.15220048e+09 3.79050911e+07
 3.57540491e+07 1.87058171e+09 1.63985068e+09 1.07901465e+09
 3.04472580e+08 3.02261983e+09 5.49995056e+08 7.41998202e+08
 1.59311800e+09]",701790309.7017499,727323075.035049,491597987.8482592,180054611.180824,1041790603.097758,8193995.306569726,3022619826.2744994,135.35199408996013,24.872549861169524,140.6150172510006,0.00036920643993653356,5.9455695735471356e-05,[   1    2    3 ... 9997 9998 9999],"[3.77958094e+10 2.63756337e+10 2.07834950e+10 ... 7.01790310e+08
 7.01790310e+08 7.01790310e+08]","[6.35043101e+09 7.20161770e+09 5.85144689e+09 ... 7.27323075e+08
 7.27323075e+08 7.27323075e+08]",[    50    100    150 ... 499900 499950 500000],"[4.96871978e+10 3.77958094e+10 2.63756337e+10 ... 7.01790310e+08
 7.01790310e+08 7.01790310e+08]","[9.64275899e+09 6.35043101e+09 7.20161770e+09 ... 7.27323075e+08
 7.27323075e+08 7.27323075e+08]",2.193229942321777,0.15772556288466633,2.1472978591918945,2.8577775955200195,2.0297753524780275,[0.44421053 0.43789474 0.52421053 ... 0.54315789 0.57894737 0.55368421],[0.3287122  0.31311735 0.30176459 ... 0.30791348 0.29225143 0.30009232],[1.10222222 0.82666667 1.04       ... 1.32444444 0.79111111 0.78222222],[0.62683476 0.63349576 0.63414503 ... 0.51111111 0.6288012  0.66703693],[0.93333333 1.00444444 1.00444444 ... 1.04888889 0.88888889 0.96888889],[0.68793243 0.49740065 0.66083872 ... 0.6367355  0.57017794 0.6281464 ],[   100    150    200 ... 499900 499950 500000],[0.44421053 0.43789474 0.52421053 ... 0.54315789 0.57894737 0.55368421],[0.3287122  0.31311735 0.30176459 ... 0.30791348 0.29225143 0.30009232],[1.10222222 0.82666667 1.04       ... 1.32444444 0.79111111 0.78222222],[0.62683476 0.63349576 0.63414503 ... 0.51111111 0.6288012  0.66703693],[0.93333333 1.00444444 1.00444444 ... 1.04888889 0.88888889 0.96888889],[0.68793243 0.49740065 0.66083872 ... 0.6367355  0.57017794 0.6281464 ]
F21_Composition1,50,PSO,function_evaluations,500000,,500000,25,25,9999.0,0.0,9999,9999,500000.0,0.0,500000,500000,"[566.85089078 477.12121753 472.0973932  844.4703016  705.65422951
 565.2398552  537.81698005 482.11684201 447.85318425 471.03577951
 453.33310915 959.19285588 399.89958992 669.52078689 411.12464291
 660.54517021 869.15094147 498.07122572 497.70128392 656.64531076
 654.87778641 634.84393082 566.83905387 473.78848547 640.04939332]","[566.85089078 477.12121753 472.0973932  844.4703016  705.65422951
 565.2398552  537.81698005 482.11684201 447.85318425 471.03577951
 453.33310915 959.19285588 399.89958992 669.52078689 411.12464291
 660.54517021 869.15094147 498.07122572 497.70128392 656.64531076
 654.87778641 634.84393082 566.83905387 473.78848547 640.04939332]",584.6336096146459,145.83695927991658,565.2398552019117,473.78848547135385,656.6453107556517,399.89958992275115,959.1928558812747,216.08677921500006,39.459399562797834,230.05658911200044,0.00024156008010322693,4.15501621373582e-05,[   1    2    3 ... 9997 9998 9999],"[13670.34136423 11865.8766771  10563.87926094 ...   584.63360961
   584.63360961   584.63360961]","[1544.71204298 2445.43578338 2948.3231378  ...  145.83695928  145.83695928
  145.83695928]",[    50    100    150 ... 499900 499950 500000],"[16087.27034492 13670.34136423 11865.8766771  ...   584.63360961
   584.63360961   584.63360961]","[ 890.75074146 1544.71204298 2445.43578338 ...  145.83695928  145.83695928
  145.83695928]",1.3402246856689453,0.011725549521664628,1.3414020538330078,1.359079360961914,1.1846432495117187,[0.8 0.8 0.8 ... 0.8 0.8 0.8],"[2.26623326e-16 2.26623326e-16 2.26623326e-16 ... 2.26623326e-16
 2.26623326e-16 2.26623326e-16]",[2. 2. 2. ... 2. 2. 2.],[0. 0. 0. ... 0. 0. 0.],[2. 2. 2. ... 2. 2. 2.],[0. 0. 0. ... 0. 0. 0.],[   100    150    200 ... 499900 499950 500000],[0.8 0.8 0.8 ... 0.8 0.8 0.8],"[2.26623326e-16 2.26623326e-16 2.26623326e-16 ... 2.26623326e-16
 2.26623326e-16 2.26623326e-16]",[2. 2. 2. ... 2. 2. 2.],[0. 0. 0. ... 0. 0. 0.],[2. 2. 2. ... 2. 2. 2.],[0. 0. 0. ... 0. 0. 0.]
F21_Composition1,50,PSOLVIW,function_evaluations,500000,,500000,25,25,9999.0,0.0,9999,9999,500000.0,0.0,500000,500000,"[ 665.24626322  575.77176379  565.23537103 2765.55243975  609.45672985
  538.74610436  910.11924172  615.84868001  511.0158882   851.73668195
  775.29286617  565.2451389   397.28184152  735.87157374  577.25031037
  556.24768217  648.01588924  677.3552558   429.3796489   580.33836914
  716.35951619  634.9533476   464.22008624  405.53346146  484.24361601]","[ 665.24626322  575.77176379  565.23537103 2765.55243975  609.45672985
  538.74610436  910.11924172  615.84868001  511.0158882   851.73668195
  775.29286617  565.2451389   397.28184152  735.87157374  577.25031037
  556.24768217  648.01588924  677.3552558   429.3796489   580.33836914
  716.35951619  634.9533476   464.22008624  405.53346146  484.24361601]",690.2527106924477,450.9116634552343,580.3383691362278,538.7461043628991,677.3552557957682,397.2818415180536,2765.5524397463605,216.26625000896004,42.371064196790314,231.24814989700099,0.0002358849602023838,4.2148545898029875e-05,[   1    2    3 ... 9997 9998 9999],"[13670.34136423 11889.90640293 10731.63895533 ...   690.25271069
   690.25271069   690.25271069]","[1544.71204298 2356.63935957 3008.61552026 ...  450.91166346  450.91166346
  450.91166346]",[    50    100    150 ... 499900 499950 500000],"[16087.27034492 13670.34136423 11889.90640293 ...   690.25271069
   690.25271069   690.25271069]","[ 890.75074146 1544.71204298 2356.63935957 ...  450.91166346  450.91166346
  450.91166346]",1.6588462066650391,0.021705802921240608,1.6631641387939453,1.7240772247314453,1.5023025512695312,[0.9        0.89994999 0.89989998 ... 0.40010002 0.40005001 0.4       ],"[3.39934989e-16 0.00000000e+00 1.13311663e-16 ... 2.26623326e-16
 1.69967494e-16 1.13311663e-16]",[2. 2. 2. ... 2. 2. 2.],[0. 0. 0. ... 0. 0. 0.],[2. 2. 2. ... 2. 2. 2.],[0. 0. 0. ... 0. 0. 0.],[   100    150    200 ... 499900 499950 500000],[0.9        0.89994999 0.89989998 ... 0.40010002 0.40005001 0.4       ],"[3.39934989e-16 0.00000000e+00 1.13311663e-16 ... 2.26623326e-16
 1.69967494e-16 1.13311663e-16]",[2. 2. 2. ... 2. 2. 2.],[0. 0. 0. ... 0. 0. 0.],[2. 2. 2. ... 2. 2. 2.],[0. 0. 0. ... 0. 0. 0.]
F21_Composition1,50,PSOTVAC,function_evaluations,500000,,500000,25,25,9999.0,0.0,9999,9999,500000.0,0.0,500000,500000,"[480.85803031 399.74562084 479.07775753 366.39902202 364.39446796
 356.91812742 316.97677545 413.5569955  333.1936239  539.95182997
 414.49637281 437.49700862 375.96920186 446.89480742 402.37453541
 393.18028158 331.41921804 433.75822853 466.98693407 410.2135721
 279.58010824 350.78354865 289.61841512 366.2547897  329.92451415]","[480.85803031 399.74562084 479.07775753 366.39902202 364.39446796
 356.91812742 316.97677545 413.5569955  333.1936239  539.95182997
 414.49637281 437.49700862 375.96920186 446.89480742 402.37453541
 393.18028158 331.41921804 433.75822853 466.98693407 410.2135721
 279.58010824 350.78354865 289.61841512 366.2547897  329.92451415]",391.20095148702325,63.33473323387826,393.1802815773717,350.78354864963694,433.758228525885,279.5801082424141,539.9518299675556,215.7954535428399,42.249747990793516,230.5298588629994,0.00023842303977289703,3.1684066796855194e-05,[   1    2    3 ... 9997 9998 9999],"[14591.32990691 13059.94448179 12020.99921747 ...   391.20095149
   391.20095149   391.20095149]","[1434.37499142 1942.46789561 2403.11310491 ...   63.33473323   63.33473323
   63.33473323]",[    50    100    150 ... 499900 499950 500000],"[16087.27034492 14591.32990691 13059.94448179 ...   391.20095149
   391.20095149   391.20095149]","[ 890.75074146 1434.37499142 1942.46789561 ...   63.33473323   63.33473323
   63.33473323]",2.1194757843017578,0.09721617943657711,2.093362808227539,2.528940200805664,1.9614569091796874,[0.9        0.89994999 0.89989998 ... 0.40010002 0.40005001 0.4       ],"[3.39934989e-16 1.13311663e-16 1.13311663e-16 ... 2.26623326e-16
 1.69967494e-16 1.13311663e-16]",[2.5        2.49979996 2.49959992 ... 0.50040008 0.50020004 0.5       ],"[0.00000000e+00 1.35973996e-15 1.35973996e-15 ... 3.39934989e-16
 1.13311663e-16 0.00000000e+00]",[0.5        0.50020004 0.50040008 ... 2.49959992 2.49979996 2.5       ],"[0.00000000e+00 1.13311663e-16 2.26623326e-16 ... 1.35973996e-15
 1.35973996e-15 0.00000000e+00]",[   100    150    200 ... 499900 499950 500000],[0.9        0.89994999 0.89989998 ... 0.40010002 0.40005001 0.4       ],"[3.39934989e-16 1.13311663e-16 1.13311663e-16 ... 2.26623326e-16
 1.69967494e-16 1.13311663e-16]",[2.5        2.49979996 2.49959992 ... 0.50040008 0.50020004 0.5       ],"[0.00000000e+00 1.35973996e-15 1.35973996e-15 ... 3.39934989e-16
 1.13311663e-16 0.00000000e+00]",[0.5        0.50020004 0.50040008 ... 2.49959992 2.49979996 2.5       ],"[0.00000000e+00 1.13311663e-16 2.26623326e-16 ... 1.35973996e-15
 1.35973996e-15 0.00000000e+00]"
F21_Composition1,50,APSOVI,function_evaluations,500000,,500000,25,25,9999.0,0.0,9999,9999,500000.0,0.0,500000,500000,"[ 533.74939637  407.46366927  865.05542011  873.30153039  828.95513051
 4187.09579099  690.12249866 1045.77141859 1121.47022551  742.33033278
  829.45997266  446.76090758  456.24753811 1131.03984249  995.28994042
  845.0128264   742.96664655  549.28502543  554.85046792  851.20351125
  688.24416296  772.15766501  985.92601745  568.46608644  517.18251706]","[ 533.74939637  407.46366927  865.05542011  873.30153039  828.95513051
 4187.09579099  690.12249866 1045.77141859 1121.47022551  742.33033278
  829.45997266  446.76090758  456.24753811 1131.03984249  995.28994042
  845.0128264   742.96664655  549.28502543  554.85046792  851.20351125
  688.24416296  772.15766501  985.92601745  568.46608644  517.18251706]",889.1763416360598,718.5631393395865,772.1576650134784,554.8504679165139,873.3015303912143,407.46366927447707,4187.095790992633,217.70677153875994,41.36999645182262,233.08926915099983,0.00024209244023950304,3.258670550591669e-05,[   1    2    3 ... 9997 9998 9999],"[13613.78988713 11926.70084753 10786.23186688 ...   889.17634164
   889.17634164   889.17634164]","[1585.56488347 2456.97006425 3116.61471915 ...  718.56313934  718.56313934
  718.56313934]",[    50    100    150 ... 499900 499950 500000],"[16087.27034492 13613.78988713 11926.70084753 ...   889.17634164
   889.17634164   889.17634164]","[ 890.75074146 1585.56488347 2456.97006425 ...  718.56313934  718.56313934
  718.56313934]",1.6685923004150391,0.061112911610109254,1.6477222442626953,1.7595691680908203,1.5118679809570312,[0.9 0.9 0.9 ... 0.3 0.3 0.3],"[3.39934989e-16 3.39934989e-16 3.39934989e-16 ... 1.13311663e-16
 1.13311663e-16 1.13311663e-16]",[1.49618 1.49618 1.49618 ... 1.49618 1.49618 1.49618],"[2.26623326e-16 2.26623326e-16 2.26623326e-16 ... 2.26623326e-16
 2.26623326e-16 2.26623326e-16]",[1.49618 1.49618 1.49618 ... 1.49618 1.49618 1.49618],"[2.26623326e-16 2.26623326e-16 2.26623326e-16 ... 2.26623326e-16
 2.26623326e-16 2.26623326e-16]",[   100    150    200 ... 499900 499950 500000],[0.9 0.9 0.9 ... 0.3 0.3 0.3],"[3.39934989e-16 3.39934989e-16 3.39934989e-16 ... 1.13311663e-16
 1.13311663e-16 1.13311663e-16]",[1.49618 1.49618 1.49618 ... 1.49618 1.49618 1.49618],"[2.26623326e-16 2.26623326e-16 2.26623326e-16 ... 2.26623326e-16
 2.26623326e-16 2.26623326e-16]",[1.49618 1.49618 1.49618 ... 1.49618 1.49618 1.49618],"[2.26623326e-16 2.26623326e-16 2.26623326e-16 ... 2.26623326e-16
 2.26623326e-16 2.26623326e-16]"
F21_Composition1,50,APSO,function_evaluations,500000,,500000,25,25,9805.84,12.957237359869579,9803,9868,500000.0,0.0,500000,500000,"[191.33368333 189.12190359 191.02906933 337.5432226  192.48100011
 192.13544121 188.62752745 188.4493386  191.32841049 190.97477154
 188.76884461 188.42536769 188.61083718 192.13485753 188.41720117
 190.7722783  188.67979662 187.72567616 187.95990855 191.39517437
 192.47513574 191.84514758 190.96994185 187.65500671 190.77227276]","[191.33368333 189.12190359 191.02906933 337.5432226  192.48100011
 192.13544121 188.62752745 188.4493386  191.32841049 190.97477154
 188.76884461 188.42536769 188.61083718 192.13485753 188.41720117
 190.7722783  188.67979662 187.72567616 187.95990855 191.39517437
 192.47513574 191.84514758 190.96994185 187.65500671 190.77227276]",195.98527260339375,29.536642444418057,190.7722783035956,188.6108371763048,191.39517437064842,187.65500670750453,337.5432225982604,226.64511585903986,44.45189759347971,242.03134558799866,0.0002410994400997879,3.4940097057328673e-05,[   1    2    3 ... 9801 9802 9803],"[13877.0097859  12133.04274436 10832.1631235  ...   195.98537113
   195.98534435   195.98530569]","[1507.9628199  2353.75963056 2936.35646397 ...   29.53661672   29.53662358
   29.53663363]",[    50    100    150 ... 499900 499950 500000],"[16087.27034492 13877.0097859  12133.04274436 ...   195.98534435
   195.98530674   195.9852726 ]","[ 890.75074146 1507.9628199  2353.75963056 ...   29.53662357   29.53663339
   29.53664244]",5.057839088439941,0.22222651468145443,5.035585403442383,5.487845420837402,3.006171455383301,[0.64280815 0.66562142 0.59543964 ... 0.40051075 0.40080019 0.40021716],[0.1335893  0.13449399 0.12879357 ... 0.00187657 0.00383945 0.00071481],[2.03350101 2.06199788 2.08770552 ... 2.00357099 2.00348232 2.00343774],[0.0432201  0.06288102 0.06634381 ... 0.02005291 0.0195665  0.01930584],[1.96649899 1.93800212 1.91229448 ... 1.99642901 1.99651768 1.99656226],[0.0432201  0.06288102 0.06634381 ... 0.02005291 0.0195665  0.01930584],[   101    151    201 ... 499901 499951 499953],[0.64280815 0.6617895  0.59231576 ... 0.40093038 0.40015944 0.40015944],[0.1335893  0.13874137 0.12119331 ... 0.003861   0.00069762 0.00069762],[2.03350101 2.06199788 2.08606347 ... 2.00346785 2.00342251 2.00342251],[0.0432201  0.06288102 0.06810748 ... 0.01956994 0.01930967 0.01930967],[1.96649899 1.93800212 1.91393653 ... 1.99653215 1.99657749 1.99657749],[0.0432201  0.06288102 0.06810748 ... 0.01956994 0.01930967 0.01930967]
F21_Composition1,50,UAPSO,function_evaluations,500000,,500000,25,25,9999.0,0.0,9999,9999,500000.0,0.0,500000,500000,"[ 894.09003472 1463.19910169  648.32428656 3440.76323989 1132.04771057
 1044.84940472 1453.92951937  654.43430093 1914.01489987 4668.95861742
  592.1894319   851.98024752 1514.25744891 5794.58744618 2472.56794236
  758.70985309  710.06661985 3082.66046348 3471.31687963 1338.31302604
 2044.20988244 6652.79615315 2854.80856936 1391.34215417 2483.48529043]","[ 894.09003472 1463.19910169  648.32428656 3440.76323989 1132.04771057
 1044.84940472 1453.92951937  654.43430093 1914.01489987 4668.95861742
  592.1894319   851.98024752 1514.25744891 5794.58744618 2472.56794236
  758.70985309  710.06661985 3082.66046348 3471.31687963 1338.31302604
 2044.20988244 6652.79615315 2854.80856936 1391.34215417 2483.48529043]",2133.116100969479,1632.9811797535585,1463.1991016882812,894.0900347150518,2854.8085693551675,592.1894318991185,6652.796153153733,217.74948022620018,42.73449329029645,231.42474543799835,0.00036156696012767497,6.68351815973014e-05,[   1    2    3 ... 9997 9998 9999],"[14462.1882737  12544.31509435 11242.03395697 ...  2133.11610097
  2133.11610097  2133.11610097]","[1726.9357211  2353.90578952 2594.88763144 ... 1632.98117975 1632.98117975
 1632.98117975]",[    50    100    150 ... 499900 499950 500000],"[16087.27034492 14462.1882737  12544.31509435 ...  2133.11610097
  2133.11610097  2133.11610097]","[ 890.75074146 1726.9357211  2353.90578952 ... 1632.98117975 1632.98117975
 1632.98117975]",2.148962936401367,0.11800583800633316,2.118697166442871,2.668206214904785,1.9889844131469727,[0.44421053 0.43789474 0.52421053 ... 0.54526316 0.57894737 0.55578947],[0.3287122  0.31311735 0.30176459 ... 0.30609385 0.29225143 0.30122863],[1.10222222 0.82666667 1.04888889 ... 1.31555556 0.77333333 0.78222222],[0.62683476 0.63349576 0.62367555 ... 0.50479185 0.61903948 0.66703693],[0.93333333 1.00444444 1.00444444 ... 1.04888889 0.88888889 0.96      ],[0.68793243 0.49740065 0.66083872 ... 0.6367355  0.57017794 0.62433504],[   100    150    200 ... 499900 499950 500000],[0.44421053 0.43789474 0.52421053 ... 0.54526316 0.57894737 0.55578947],[0.3287122  0.31311735 0.30176459 ... 0.30609385 0.29225143 0.30122863],[1.10222222 0.82666667 1.04888889 ... 1.31555556 0.77333333 0.78222222],[0.62683476 0.63349576 0.62367555 ... 0.50479185 0.61903948 0.66703693],[0.93333333 1.00444444 1.00444444 ... 1.04888889 0.88888889 0.96      ],[0.68793243 0.49740065 0.66083872 ... 0.6367355  0.57017794 0.62433504]
F1_BentCigar,100,PSO,function_evaluations,1000000,,1000000,25,25,19999.0,0.0,19999,19999,1000000.0,0.0,1000000,1000000,"[5.65084434e+10 7.02064441e+10 4.31357598e+10 6.84663818e+10
 3.67986795e+10 2.06115754e+10 4.38279886e+10 3.36714847e+10
 4.68579059e+10 3.04914536e+10 2.55289095e+10 5.94462415e+10
 3.03118012e+10 4.16290003e+10 5.26230591e+10 4.04757617e+10
 5.96025008e+10 3.46665713e+10 3.97253360e+10 3.70258627e+10
 2.29041832e+10 5.34030715e+10 3.65796327e+10 3.87613639e+10
 2.65653789e+10]","[5.65084434e+10 7.02064441e+10 4.31357598e+10 6.84663818e+10
 3.67986795e+10 2.06115754e+10 4.38279886e+10 3.36714847e+10
 4.68579059e+10 3.04914536e+10 2.55289095e+10 5.94462415e+10
 3.03118012e+10 4.16290003e+10 5.26230591e+10 4.04757617e+10
 5.96025008e+10 3.46665713e+10 3.97253360e+10 3.70258627e+10
 2.29041832e+10 5.34030715e+10 3.65796327e+10 3.87613639e+10
 2.65653789e+10]",41992991641.07215,13563184415.880768,39725336019.80765,33671484687.296513,52623059112.70136,20611575416.533405,70206444122.74898,33.930532097280086,6.612351256495004,35.149401679998846,0.00025754599999345374,3.854168507004824e-05,[    1     2     3 ... 19997 19998 19999],"[4.28950763e+11 3.42434764e+11 3.33288734e+11 ... 4.20024182e+10
 4.19929916e+10 4.19929916e+10]","[2.72609968e+10 2.41828556e+10 2.73206952e+10 ... 1.35640936e+10
 1.35631844e+10 1.35631844e+10]",[     50     100     150 ...  999900  999950 1000000],"[6.13470283e+11 4.28950763e+11 3.42434764e+11 ... 4.20024182e+10
 4.19929916e+10 4.19929916e+10]","[4.69355005e+10 2.72609968e+10 2.41828556e+10 ... 1.35640936e+10
 1.35631844e+10 1.35631844e+10]",2.6857608795166015,0.015418403584764496,2.6826419830322266,2.714761734008789,2.3772537231445314,[0.8 0.8 0.8 ... 0.8 0.8 0.8],"[2.26623326e-16 2.26623326e-16 2.26623326e-16 ... 2.26623326e-16
 2.26623326e-16 2.26623326e-16]",[2. 2. 2. ... 2. 2. 2.],[0. 0. 0. ... 0. 0. 0.],[2. 2. 2. ... 2. 2. 2.],[0. 0. 0. ... 0. 0. 0.],[    100     150     200 ...  999900  999950 1000000],[0.8 0.8 0.8 ... 0.8 0.8 0.8],"[2.26623326e-16 2.26623326e-16 2.26623326e-16 ... 2.26623326e-16
 2.26623326e-16 2.26623326e-16]",[2. 2. 2. ... 2. 2. 2.],[0. 0. 0. ... 0. 0. 0.],[2. 2. 2. ... 2. 2. 2.],[0. 0. 0. ... 0. 0. 0.]
F1_BentCigar,100,PSOLVIW,function_evaluations,1000000,,1000000,25,25,19999.0,0.0,19999,19999,1000000.0,0.0,1000000,1000000,"[5.54821596e+10 5.97825118e+10 4.06519175e+10 8.20605886e+10
 2.71873002e+10 2.80716030e+10 4.46833179e+10 5.06201720e+10
 1.80876058e+10 2.35579950e+10 5.08693529e+10 4.22454251e+10
 3.69043299e+10 3.27014382e+10 2.36003516e+10 2.76902596e+10
 3.69802831e+10 3.76986031e+10 3.52546734e+10 6.13581964e+10
 4.82414092e+10 3.65903108e+10 3.01681901e+10 4.98158163e+10
 2.55447958e+10]","[5.54821596e+10 5.97825118e+10 4.06519175e+10 8.20605886e+10
 2.71873002e+10 2.80716030e+10 4.46833179e+10 5.06201720e+10
 1.80876058e+10 2.35579950e+10 5.08693529e+10 4.22454251e+10
 3.69043299e+10 3.27014382e+10 2.36003516e+10 2.76902596e+10
 3.69802831e+10 3.76986031e+10 3.52546734e+10 6.13581964e+10
 4.82414092e+10 3.65903108e+10 3.01681901e+10 4.98158163e+10
 2.55447958e+10]",40233944272.21191,14679912983.048857,36980283056.90496,28071602979.156254,49815816315.366425,18087605757.630127,82060588571.30214,34.36754755895992,6.783119162028599,35.6015849129999,0.00026706355973146853,2.8486831922261695e-05,[    1     2     3 ... 19997 19998 19999],"[4.28950763e+11 3.46899030e+11 3.39597196e+11 ... 4.02339443e+10
 4.02339443e+10 4.02339443e+10]","[2.72609968e+10 2.49687815e+10 2.70088675e+10 ... 1.46799130e+10
 1.46799130e+10 1.46799130e+10]",[     50     100     150 ...  999900  999950 1000000],"[6.13470283e+11 4.28950763e+11 3.46899030e+11 ... 4.02339443e+10
 4.02339443e+10 4.02339443e+10]","[4.69355005e+10 2.72609968e+10 2.49687815e+10 ... 1.46799130e+10
 1.46799130e+10 1.46799130e+10]",3.514028091430664,0.04724315880793697,3.4988040924072266,3.594400405883789,3.2017727661132813,[0.9        0.899975   0.89994999 ... 0.40005001 0.400025   0.4       ],"[3.39934989e-16 3.39934989e-16 5.66558315e-16 ... 1.13311663e-16
 0.00000000e+00 1.13311663e-16]",[2. 2. 2. ... 2. 2. 2.],[0. 0. 0. ... 0. 0. 0.],[2. 2. 2. ... 2. 2. 2.],[0. 0. 0. ... 0. 0. 0.],[    100     150     200 ...  999900  999950 1000000],[0.9        0.899975   0.89994999 ... 0.40005001 0.400025   0.4       ],"[3.39934989e-16 3.39934989e-16 5.66558315e-16 ... 1.13311663e-16
 0.00000000e+00 1.13311663e-16]",[2. 2. 2. ... 2. 2. 2.],[0. 0. 0. ... 0. 0. 0.],[2. 2. 2. ... 2. 2. 2.],[0. 0. 0. ... 0. 0. 0.]
F1_BentCigar,100,PSOTVAC,function_evaluations,1000000,,1000000,25,25,19999.0,0.0,19999,19999,1000000.0,0.0,1000000,1000000,"[7.48324933e+09 8.79365487e+09 5.01330514e+09 3.01226413e+09
 4.71029472e+09 1.35801739e+10 2.52918090e+09 1.28961738e+09
 9.24278521e+08 4.73650382e+09 8.36221056e+09 3.63906383e+09
 5.13882233e+09 4.97353367e+09 2.51852936e+09 4.41050368e+09
 4.02312306e+09 2.87560438e+09 1.99902155e+09 4.05549336e+09
 1.15326419e+10 2.66884493e+10 1.29274397e+10 5.16147005e+08
 1.39629552e+10]","[7.48324933e+09 8.79365487e+09 5.01330514e+09 3.01226413e+09
 4.71029472e+09 1.35801739e+10 2.52918090e+09 1.28961738e+09
 9.24278521e+08 4.73650382e+09 8.36221056e+09 3.63906383e+09
 5.13882233e+09 4.97353367e+09 2.51852936e+09 4.41050368e+09
 4.02312306e+09 2.87560438e+09 1.99902155e+09 4.05549336e+09
 1.15326419e+10 2.66884493e+10 1.29274397e+10 5.16147005e+08
 1.39629552e+10]",6387842459.304432,5766310990.469093,4710294720.228192,2875604376.726479,8362210555.471312,516147005.32055104,26688449266.20832,34.41336961063993,6.233893311987086,35.3343783119999,0.000255745719987317,4.240065607681892e-05,[    1     2     3 ... 19997 19998 19999],"[4.88571837e+11 3.54603476e+11 3.29466398e+11 ... 6.38784246e+09
 6.38784246e+09 6.38784246e+09]","[2.29648140e+10 2.23824334e+10 1.88871408e+10 ... 5.76631099e+09
 5.76631099e+09 5.76631099e+09]",[     50     100     150 ...  999900  999950 1000000],"[6.13470283e+11 4.88571837e+11 3.54603476e+11 ... 6.38784246e+09
 6.38784246e+09 6.38784246e+09]","[4.69355005e+10 2.29648140e+10 2.23824334e+10 ... 5.76631099e+09
 5.76631099e+09 5.76631099e+09]",4.75485969543457,0.26594489706457397,4.676393508911133,5.832010269165039,4.412505493164063,[0.9        0.899975   0.89994999 ... 0.40005001 0.400025   0.4       ],"[3.39934989e-16 3.39934989e-16 5.66558315e-16 ... 1.13311663e-16
 0.00000000e+00 1.13311663e-16]",[2.5        2.49989999 2.49979998 ... 0.50020002 0.50010001 0.5       ],"[0.00000000e+00 9.06493304e-16 9.06493304e-16 ... 2.26623326e-16
 2.26623326e-16 0.00000000e+00]",[0.5        0.50010001 0.50020002 ... 2.49979998 2.49989999 2.5       ],"[0.00000000e+00 1.13311663e-16 1.13311663e-16 ... 9.06493304e-16
 4.53246652e-16 0.00000000e+00]",[    100     150     200 ...  999900  999950 1000000],[0.9        0.899975   0.89994999 ... 0.40005001 0.400025   0.4       ],"[3.39934989e-16 3.39934989e-16 5.66558315e-16 ... 1.13311663e-16
 0.00000000e+00 1.13311663e-16]",[2.5        2.49989999 2.49979998 ... 0.50020002 0.50010001 0.5       ],"[0.00000000e+00 9.06493304e-16 9.06493304e-16 ... 2.26623326e-16
 2.26623326e-16 0.00000000e+00]",[0.5        0.50010001 0.50020002 ... 2.49979998 2.49989999 2.5       ],"[0.00000000e+00 1.13311663e-16 1.13311663e-16 ... 9.06493304e-16
 4.53246652e-16 0.00000000e+00]"
F1_BentCigar,100,APSOVI,function_evaluations,1000000,,1000000,25,25,19999.0,0.0,19999,19999,1000000.0,0.0,1000000,1000000,"[4.84615891e+10 6.33536235e+10 4.20050988e+10 4.01822266e+10
 2.64958523e+10 4.24670429e+10 3.48316281e+10 1.15872276e+10
 1.57893744e+10 1.92130834e+10 8.97451134e+10 4.56484274e+10
 2.12463064e+10 4.01898576e+10 3.88346707e+10 3.46128664e+10
 5.67943835e+10 5.62224763e+10 6.99030209e+10 5.70943946e+10
 3.04983673e+10 1.52388164e+10 2.52555764e+10 2.42337341e+10
 5.11277645e+10]","[4.84615891e+10 6.33536235e+10 4.20050988e+10 4.01822266e+10
 2.64958523e+10 4.24670429e+10 3.48316281e+10 1.15872276e+10
 1.57893744e+10 1.92130834e+10 8.97451134e+10 4.56484274e+10
 2.12463064e+10 4.01898576e+10 3.88346707e+10 3.46128664e+10
 5.67943835e+10 5.62224763e+10 6.99030209e+10 5.70943946e+10
 3.04983673e+10 1.52388164e+10 2.52555764e+10 2.42337341e+10
 5.11277645e+10]",40041300900.6655,18902294171.722794,40182226551.30595,25255576442.251743,51127764494.89706,11587227625.975067,89745113431.04758,36.07935594123999,7.028609105317965,38.143509634999646,0.00026651895983377473,4.4253844564939155e-05,[    1     2     3 ... 19997 19998 19999],"[4.35542178e+11 3.47206151e+11 3.42063091e+11 ... 4.00413009e+10
 4.00413009e+10 4.00413009e+10]","[2.57809526e+10 2.33495854e+10 2.32195136e+10 ... 1.89022942e+10
 1.89022942e+10 1.89022942e+10]",[     50     100     150 ...  999900  999950 1000000],"[6.13470283e+11 4.35542178e+11 3.47206151e+11 ... 4.00413009e+10
 4.00413009e+10 4.00413009e+10]","[4.69355005e+10 2.57809526e+10 2.33495854e+10 ... 1.89022942e+10
 1.89022942e+10 1.89022942e+10]",3.415423355102539,0.13281263333099466,3.349710464477539,3.6270389556884766,3.1036676025390624,[0.9 0.9 0.9 ... 0.3 0.3 0.3],"[3.39934989e-16 3.39934989e-16 3.39934989e-16 ... 1.13311663e-16
 1.13311663e-16 1.13311663e-16]",[1.49618 1.49618 1.49618 ... 1.49618 1.49618 1.49618],"[2.26623326e-16 2.26623326e-16 2.26623326e-16 ... 2.26623326e-16
 2.26623326e-16 2.26623326e-16]",[1.49618 1.49618 1.49618 ... 1.49618 1.49618 1.49618],"[2.26623326e-16 2.26623326e-16 2.26623326e-16 ... 2.26623326e-16
 2.26623326e-16 2.26623326e-16]",[    100     150     200 ...  999900  999950 1000000],[0.9 0.9 0.9 ... 0.3 0.3 0.3],"[3.39934989e-16 3.39934989e-16 3.39934989e-16 ... 1.13311663e-16
 1.13311663e-16 1.13311663e-16]",[1.49618 1.49618 1.49618 ... 1.49618 1.49618 1.49618],"[2.26623326e-16 2.26623326e-16 2.26623326e-16 ... 2.26623326e-16
 2.26623326e-16 2.26623326e-16]",[1.49618 1.49618 1.49618 ... 1.49618 1.49618 1.49618],"[2.26623326e-16 2.26623326e-16 2.26623326e-16 ... 2.26623326e-16
 2.26623326e-16 2.26623326e-16]"
F1_BentCigar,100,APSO,function_evaluations,1000000,,1000000,25,25,19607.0,0.0,19607,19607,1000000.0,0.0,1000000,1000000,"[5.11598115e+03 5.75999010e+03 2.85061362e+03 9.94728842e+05
 2.28857685e+02 2.84644021e+04 1.48455106e+03 1.17302137e+04
 2.61197872e+03 3.14834513e+04 3.44652174e+06 1.06979628e+04
 3.50544160e+04 2.82292917e+03 5.93763792e+03 5.46267089e+02
 9.03078535e+02 9.43222919e+02 1.09399348e+04 1.94198680e+01
 6.13676839e+04 4.74309377e+03 2.07178420e+03 6.13676839e+04
 2.83145254e+01]","[5.11598115e+03 5.75999010e+03 2.85061362e+03 9.94728842e+05
 2.28857685e+02 2.84644021e+04 1.48455106e+03 1.17302137e+04
 2.61197872e+03 3.14834513e+04 3.44652174e+06 1.06979628e+04
 3.50544160e+04 2.82292917e+03 5.93763792e+03 5.46267089e+02
 9.03078535e+02 9.43222919e+02 1.09399348e+04 1.94198680e+01
 6.13676839e+04 4.74309377e+03 2.07178420e+03 6.13676839e+04
 2.83145254e+01]",189136.96200480088,706657.6355869175,5115.981146851789,1484.551060181713,28464.402113520464,19.419867979298132,3446521.738948817,104.53276419639958,26.115159440590812,109.03197458799877,0.0005630785202083644,0.0008062420915359562,[    1     2     3 ... 19605 19606 19607],"[4.37281268e+11 3.34139962e+11 3.25843989e+11 ... 1.89136988e+05
 1.89136981e+05 1.89136972e+05]","[2.69685049e+10 2.20804559e+10 2.58698109e+10 ... 7.06657758e+05
 7.06657724e+05 7.06657683e+05]",[     50     100     150 ...  999900  999950 1000000],"[6.13470283e+11 4.37281268e+11 3.34862414e+11 ... 1.89136981e+05
 1.89136974e+05 1.89136962e+05]","[4.69355005e+10 2.69685049e+10 2.18788427e+10 ... 7.06657724e+05
 7.06657694e+05 7.06657636e+05]",9.547798271179198,0.279322493450962,9.581931114196777,10.064912796020508,5.490060081481934,[0.5919347  0.66535373 0.74734318 ... 0.40000018 0.40000018 0.40000024],"[1.56387410e-01 1.19091954e-01 1.05466580e-01 ... 8.41154911e-07
 6.27905485e-07 7.23261588e-07]",[2.01660371 2.03646784 2.06309835 ... 2.         2.         2.        ],"[3.85846839e-02 7.28119733e-02 1.10060920e-01 ... 4.35211202e-15
 4.35211202e-15 4.35211202e-15]",[1.98339629 1.96353216 1.93690165 ... 2.         2.         2.        ],"[3.85846839e-02 7.28119733e-02 1.10060920e-01 ... 4.35329193e-15
 4.35329193e-15 4.35329193e-15]",[   101    151    201 ... 999901 999951 999960],[0.5919347  0.65860879 0.69920423 ... 0.40000018 0.40000018 0.40000016],"[1.56387410e-01 1.27084785e-01 1.35786242e-01 ... 8.41154911e-07
 6.27905485e-07 6.07822664e-07]",[2.01660371 2.03646784 2.06303079 ... 2.         2.         2.        ],"[3.85846839e-02 7.28119733e-02 1.03870103e-01 ... 4.35211202e-15
 4.35211202e-15 4.35211202e-15]",[1.98339629 1.96353216 1.93696921 ... 2.         2.         2.        ],"[3.85846839e-02 7.28119733e-02 1.03870103e-01 ... 4.35329193e-15
 4.35329193e-15 4.35329193e-15]"
F1_BentCigar,100,UAPSO,function_evaluations,1000000,,1000000,25,25,19999.0,0.0,19999,19999,1000000.0,0.0,1000000,1000000,"[4.30510233e+10 1.33106397e+11 1.47246357e+11 1.51568335e+11
 1.30846251e+11 1.77913418e+11 1.34805436e+11 2.07210443e+11
 1.01413941e+11 1.06426163e+11 1.57143536e+11 7.93828797e+10
 1.17307962e+11 1.47491852e+11 1.19265025e+11 1.32535570e+11
 7.60499926e+10 1.06959146e+11 1.28332628e+11 2.14688175e+11
 8.44383091e+10 1.83775343e+11 2.12815923e+11 4.10368569e+10
 1.00690662e+11]","[4.30510233e+10 1.33106397e+11 1.47246357e+11 1.51568335e+11
 1.30846251e+11 1.77913418e+11 1.34805436e+11 2.07210443e+11
 1.01413941e+11 1.06426163e+11 1.57143536e+11 7.93828797e+10
 1.17307962e+11 1.47491852e+11 1.19265025e+11 1.32535570e+11
 7.60499926e+10 1.06959146e+11 1.28332628e+11 2.14688175e+11
 8.44383091e+10 1.83775343e+11 2.12815923e+11 4.10368569e+10
 1.00690662e+11]",129420064887.54951,47028975504.70569,130846250652.89304,101413940786.39699,151568334576.40057,41036856946.0546,214688175341.64093,41.130876465839904,7.39215896150096,43.91972126700057,0.0005306998797459528,0.000632725099025315,[    1     2     3 ... 19997 19998 19999],"[4.55988508e+11 3.57381925e+11 3.24453847e+11 ... 1.29420065e+11
 1.29420065e+11 1.29420065e+11]","[3.25044240e+10 3.61307640e+10 3.11621711e+10 ... 4.70289755e+10
 4.70289755e+10 4.70289755e+10]",[     50     100     150 ...  999900  999950 1000000],"[6.13470283e+11 4.55988508e+11 3.57381925e+11 ... 1.29420065e+11
 1.29420065e+11 1.29420065e+11]","[4.69355005e+10 3.25044240e+10 3.61307640e+10 ... 4.70289755e+10
 4.70289755e+10 4.70289755e+10]",4.146848449707031,0.07529612190765085,4.125344276428223,4.422311782836914,3.837036437988281,[0.38947368 0.56631579 0.49263158 ... 0.45894737 0.57473684 0.41473684],[0.28383666 0.31147639 0.32261627 ... 0.29831784 0.29536274 0.34723549],[0.85333333 0.81777778 0.90666667 ... 1.07555556 0.99555556 1.04888889],[0.66258007 0.60423744 0.68168274 ... 0.57976865 0.59185139 0.61033621],[1.19111111 0.85333333 1.21777778 ... 1.06666667 1.06666667 0.80888889],[0.51271889 0.56902198 0.59876416 ... 0.6350529  0.55183942 0.6905595 ],[    100     150     200 ...  999900  999950 1000000],[0.38947368 0.56631579 0.49263158 ... 0.45894737 0.57473684 0.41473684],[0.28383666 0.31147639 0.32261627 ... 0.29831784 0.29536274 0.34723549],[0.85333333 0.81777778 0.90666667 ... 1.07555556 0.99555556 1.04888889],[0.66258007 0.60423744 0.68168274 ... 0.57976865 0.59185139 0.61033621],[1.19111111 0.85333333 1.21777778 ... 1.06666667 1.06666667 0.80888889],[0.51271889 0.56902198 0.59876416 ... 0.6350529  0.55183942 0.6905595 ]
F3_Zakharov,100,PSO,function_evaluations,1000000,,1000000,25,25,19999.0,0.0,19999,19999,1000000.0,0.0,1000000,1000000,"[ 4222.10605143  2928.19771792  6132.03189897  4559.66239254
  5053.00910925  6936.94855491  8840.7726382   4031.39314401
 10014.43016813  4589.81286619  9283.46729436  9800.70350442
  4545.99407414 13490.49526529  3872.29580759  5966.55934813
  4235.09902351  9000.46923084  3476.89682468  5294.35586453
  4756.9012018   4966.34383493  8388.72298883  8656.87428819
  5180.72737534]","[ 4222.10605143  2928.19771792  6132.03189897  4559.66239254
  5053.00910925  6936.94855491  8840.7726382   4031.39314401
 10014.43016813  4589.81286619  9283.46729436  9800.70350442
  4545.99407414 13490.49526529  3872.29580759  5966.55934813
  4235.09902351  9000.46923084  3476.89682468  5294.35586453
  4756.9012018   4966.34383493  8388.72298883  8656.87428819
  5180.72737534]",6328.970818725032,2636.4091783716767,5180.72737534422,4545.994074139918,8656.874288185663,2928.1977179246205,13490.495265287715,63.605705101520364,12.113104352762168,67.0339348710022,0.0002450450799369719,4.0525613364223245e-05,[    1     2     3 ... 19997 19998 19999],"[195467.80117481 145333.87338141 131773.69132269 ...   6328.97081873
   6328.97081873   6328.97081873]","[27609.31828925 24537.60123186 21933.21446755 ...  2636.40917837
  2636.40917837  2636.40917837]",[     50     100     150 ...  999900  999950 1000000],"[349837.39608776 195467.80117481 145333.87338141 ...   6328.97081873
   6328.97081873   6328.97081873]","[28166.23667738 27609.31828925 24537.60123186 ...  2636.40917837
  2636.40917837  2636.40917837]",2.6837122344970705,0.012675117690276136,2.679445266723633,2.7173633575439453,2.3753628540039062,[0.8 0.8 0.8 ... 0.8 0.8 0.8],"[2.26623326e-16 2.26623326e-16 2.26623326e-16 ... 2.26623326e-16
 2.26623326e-16 2.26623326e-16]",[2. 2. 2. ... 2. 2. 2.],[0. 0. 0. ... 0. 0. 0.],[2. 2. 2. ... 2. 2. 2.],[0. 0. 0. ... 0. 0. 0.],[    100     150     200 ...  999900  999950 1000000],[0.8 0.8 0.8 ... 0.8 0.8 0.8],"[2.26623326e-16 2.26623326e-16 2.26623326e-16 ... 2.26623326e-16
 2.26623326e-16 2.26623326e-16]",[2. 2. 2. ... 2. 2. 2.],[0. 0. 0. ... 0. 0. 0.],[2. 2. 2. ... 2. 2. 2.],[0. 0. 0. ... 0. 0. 0.]
F3_Zakharov,100,PSOLVIW,function_evaluations,1000000,,1000000,25,25,19999.0,0.0,19999,19999,1000000.0,0.0,1000000,1000000,"[ 3108.65277003  2028.18601417  3898.89949646  5604.94639719
  8036.17216333  7007.0178296  10137.10914471  1437.17643832
  2219.03195077  2346.35151227  9563.77539768  1445.5217809
  7266.1517054   5721.94673793  4396.8561494   2258.48920319
  5143.76665878 10290.18560383  1196.3219701   3301.39488605
  5126.1768422   4536.20069727 10633.93807264  7855.3180384
  3025.2604695 ]","[ 3108.65277003  2028.18601417  3898.89949646  5604.94639719
  8036.17216333  7007.0178296  10137.10914471  1437.17643832
  2219.03195077  2346.35151227  9563.77539768  1445.5217809
  7266.1517054   5721.94673793  4396.8561494   2258.48920319
  5143.76665878 10290.18560383  1196.3219701   3301.39488605
  5126.1768422   4536.20069727 10633.93807264  7855.3180384
  3025.2604695 ]",5103.393917204364,3008.3845023674844,4536.200697272872,2346.351512272966,7266.1517053996595,1196.3219700970424,10633.93807263621,64.08447233735977,12.13597718600095,68.91196726399721,0.0002563413999450859,3.434590832456284e-05,[    1     2     3 ... 19997 19998 19999],"[195467.80117481 146804.60302809 134641.30158891 ...   5103.39392235
   5103.39392053   5103.3939172 ]","[27609.31828925 24220.15609307 21913.76221491 ...  3008.38449579
  3008.38449812  3008.38450237]",[     50     100     150 ...  999900  999950 1000000],"[349837.39608776 195467.80117481 146804.60302809 ...   5103.39392235
   5103.39392053   5103.3939172 ]","[28166.23667738 27609.31828925 24220.15609307 ...  3008.38449579
  3008.38449812  3008.38450237]",3.7497028350830077,0.1254906350895621,3.7350940704345703,4.228555679321289,3.428835754394531,[0.9        0.899975   0.89994999 ... 0.40005001 0.400025   0.4       ],"[3.39934989e-16 3.39934989e-16 5.66558315e-16 ... 1.13311663e-16
 0.00000000e+00 1.13311663e-16]",[2. 2. 2. ... 2. 2. 2.],[0. 0. 0. ... 0. 0. 0.],[2. 2. 2. ... 2. 2. 2.],[0. 0. 0. ... 0. 0. 0.],[    100     150     200 ...  999900  999950 1000000],[0.9        0.899975   0.89994999 ... 0.40005001 0.400025   0.4       ],"[3.39934989e-16 3.39934989e-16 5.66558315e-16 ... 1.13311663e-16
 0.00000000e+00 1.13311663e-16]",[2. 2. 2. ... 2. 2. 2.],[0. 0. 0. ... 0. 0. 0.],[2. 2. 2. ... 2. 2. 2.],[0. 0. 0. ... 0. 0. 0.]
F3_Zakharov,100,PSOTVAC,function_evaluations,1000000,,1000000,25,25,19999.0,0.0,19999,19999,1000000.0,0.0,1000000,1000000,"[1292.98030503  404.06642333  572.03605786 1219.19311376  988.28396592
  525.87369037  453.39912847  572.17131618  724.70059498  427.44149612
  430.44396057  981.03338937  750.00051725  778.35295637  507.2942229
  579.25250288 1017.25332879  387.41284731  487.60614088  493.09111513
 1326.28950592  338.08089388  609.09042422  369.38582181  614.3769912 ]","[1292.98030503  404.06642333  572.03605786 1219.19311376  988.28396592
  525.87369037  453.39912847  572.17131618  724.70059498  427.44149612
  430.44396057  981.03338937  750.00051725  778.35295637  507.2942229
  579.25250288 1017.25332879  387.41284731  487.60614088  493.09111513
 1326.28950592  338.08089388  609.09042422  369.38582181  614.3769912 ]",673.9644284201415,297.2144072224706,572.1713161750793,453.3991284700612,778.3529563732773,338.08089388195833,1326.2895059224122,63.81175121700013,12.182483191370583,66.73972644199966,0.00028916864015627653,8.631448635831763e-05,[    1     2     3 ... 19997 19998 19999],"[240155.85845789 155969.69500011 132103.88189295 ...    673.96442842
    673.96442842    673.96442842]","[28644.69662793 20449.49973007 20012.78913362 ...   297.21440722
   297.21440722   297.21440722]",[     50     100     150 ...  999900  999950 1000000],"[349837.39608776 240155.85845789 155969.69500011 ...    673.96442842
    673.96442842    673.96442842]","[28166.23667738 28644.69662793 20449.49973007 ...   297.21440722
   297.21440722   297.21440722]",6.927089614868164,0.5270526335544956,6.918878555297852,8.019380569458008,6.204306030273438,[0.9        0.899975   0.89994999 ... 0.40005001 0.400025   0.4       ],"[3.39934989e-16 3.39934989e-16 5.66558315e-16 ... 1.13311663e-16
 0.00000000e+00 1.13311663e-16]",[2.5        2.49989999 2.49979998 ... 0.50020002 0.50010001 0.5       ],"[0.00000000e+00 9.06493304e-16 9.06493304e-16 ... 2.26623326e-16
 2.26623326e-16 0.00000000e+00]",[0.5        0.50010001 0.50020002 ... 2.49979998 2.49989999 2.5       ],"[0.00000000e+00 1.13311663e-16 1.13311663e-16 ... 9.06493304e-16
 4.53246652e-16 0.00000000e+00]",[    100     150     200 ...  999900  999950 1000000],[0.9        0.899975   0.89994999 ... 0.40005001 0.400025   0.4       ],"[3.39934989e-16 3.39934989e-16 5.66558315e-16 ... 1.13311663e-16
 0.00000000e+00 1.13311663e-16]",[2.5        2.49989999 2.49979998 ... 0.50020002 0.50010001 0.5       ],"[0.00000000e+00 9.06493304e-16 9.06493304e-16 ... 2.26623326e-16
 2.26623326e-16 0.00000000e+00]",[0.5        0.50010001 0.50020002 ... 2.49979998 2.49989999 2.5       ],"[0.00000000e+00 1.13311663e-16 1.13311663e-16 ... 9.06493304e-16
 4.53246652e-16 0.00000000e+00]"
F3_Zakharov,100,APSOVI,function_evaluations,1000000,,1000000,25,25,19999.0,0.0,19999,19999,1000000.0,0.0,1000000,1000000,"[ 4510.20889165  2135.40762759  2921.69827355  4416.07724245
 14230.91627724  7131.04281574  7228.2921623   3997.64446417
  4850.43417508  5716.47986817  3061.31018829  1964.88388051
  1886.2210951   4860.92851257  2135.38313902  5564.2246946
  4422.21190955  6793.86943192  2464.32178291  2239.88267164
  4317.44170113  3951.46530052 12196.31396167  5534.67650477
  9171.06255024]","[ 4510.20889165  2135.40762759  2921.69827355  4416.07724245
 14230.91627724  7131.04281574  7228.2921623   3997.64446417
  4850.43417508  5716.47986817  3061.31018829  1964.88388051
  1886.2210951   4860.92851257  2135.38313902  5564.2246946
  4422.21190955  6793.86943192  2464.32178291  2239.88267164
  4317.44170113  3951.46530052 12196.31396167  5534.67650477
  9171.06255024]",5108.095964896175,3088.3938498762677,4422.211909554232,2921.698273552039,5716.479868167727,1886.2210951047628,14230.916277242135,65.51171224559992,12.900771593793461,69.70564903299964,0.000472277920198394,0.0008520595124737593,[    1     2     3 ... 19997 19998 19999],"[198391.89565361 144584.55472466 134190.10112999 ...   5108.09596815
   5108.09596694   5108.0959649 ]","[25348.6297145  27335.86772636 21328.13585842 ...  3088.39384855
  3088.39384905  3088.39384988]",[     50     100     150 ...  999900  999950 1000000],"[349837.39608776 198391.89565361 144584.55472466 ...   5108.09596815
   5108.09596694   5108.0959649 ]","[28166.23667738 25348.6297145  27335.86772636 ...  3088.39384855
  3088.39384905  3088.39384988]",3.492532424926758,0.12497596041727668,3.5559329986572266,3.7031192779541016,3.1797210693359377,[0.9 0.9 0.9 ... 0.3 0.3 0.3],"[3.39934989e-16 3.39934989e-16 3.39934989e-16 ... 1.13311663e-16
 1.13311663e-16 1.13311663e-16]",[1.49618 1.49618 1.49618 ... 1.49618 1.49618 1.49618],"[2.26623326e-16 2.26623326e-16 2.26623326e-16 ... 2.26623326e-16
 2.26623326e-16 2.26623326e-16]",[1.49618 1.49618 1.49618 ... 1.49618 1.49618 1.49618],"[2.26623326e-16 2.26623326e-16 2.26623326e-16 ... 2.26623326e-16
 2.26623326e-16 2.26623326e-16]",[    100     150     200 ...  999900  999950 1000000],[0.9 0.9 0.9 ... 0.3 0.3 0.3],"[3.39934989e-16 3.39934989e-16 3.39934989e-16 ... 1.13311663e-16
 1.13311663e-16 1.13311663e-16]",[1.49618 1.49618 1.49618 ... 1.49618 1.49618 1.49618],"[2.26623326e-16 2.26623326e-16 2.26623326e-16 ... 2.26623326e-16
 2.26623326e-16 2.26623326e-16]",[1.49618 1.49618 1.49618 ... 1.49618 1.49618 1.49618],"[2.26623326e-16 2.26623326e-16 2.26623326e-16 ... 2.26623326e-16
 2.26623326e-16 2.26623326e-16]"
F3_Zakharov,100,APSO,function_evaluations,1000000,,1000000,25,25,19607.0,0.0,19607,19607,1000000.0,0.0,1000000,1000000,"[194.77480329 213.93341968 289.96749946 235.52544261 300.12147259
 294.28082633 297.59701279 183.45472207 213.69567746 244.64288949
 233.14494868 258.84598729 211.55481236 221.01227442 111.179692
 314.67115737 199.57344219 184.54510681 307.14089815 227.02253012
 307.59115845 111.4845944  269.01616327 301.53501312 246.2830992 ]","[194.77480329 213.93341968 289.96749946 235.52544261 300.12147259
 294.28082633 297.59701279 183.45472207 213.69567746 244.64288949
 233.14494868 258.84598729 211.55481236 221.01227442 111.179692
 314.67115737 199.57344219 184.54510681 307.14089815 227.02253012
 307.59115845 111.4845944  269.01616327 301.53501312 246.2830992 ]",238.90378574399247,56.96551073452176,235.5254426067445,211.55481236194703,294.28082632704127,111.17969200092654,314.6711573740811,115.41795972380001,25.19654000570776,123.04157868999755,0.00035498519995599056,0.00017938192485507316,[    1     2     3 ... 19605 19606 19607],"[199407.77130415 138644.81028631 125735.99525716 ...    238.90696828
    238.9041968     238.90402945]","[23485.85178685 22234.49251384 21291.31935633 ...    56.9668219
    56.96552545    56.96559219]",[     50     100     150 ...  999900  999950 1000000],"[3.49837396e+05 1.99407771e+05 1.38644810e+05 ... 2.38904675e+02
 2.38904034e+02 2.38903786e+02]","[28166.23667738 23485.85178685 22234.49251384 ...    56.96598533
    56.96558846    56.96551073]",9.68119758605957,0.010666048548661005,9.67990493774414,9.699641227722168,5.617407150268555,[0.64658636 0.64342431 0.71889439 ... 0.40114021 0.40027437 0.4003917 ],[0.14567669 0.13827144 0.09685908 ... 0.00330149 0.00057501 0.0008011 ],[2.01547582 2.0317711  2.06534748 ... 2.         2.         2.        ],"[5.38946711e-02 7.34421060e-02 9.26110528e-02 ... 3.36747316e-15
 3.36747316e-15 3.36747316e-15]",[1.98452418 1.9682289  1.93465252 ... 2.         2.         2.        ],"[5.38946711e-02 7.34421060e-02 9.26110528e-02 ... 3.33837005e-15
 3.33837005e-15 3.33837005e-15]",[   101    151    201 ... 999901 999951 999961],[0.64658636 0.63198079 0.68887379 ... 0.40114021 0.40027437 0.40042261],[0.14567669 0.14900503 0.12195352 ... 0.00330149 0.00057501 0.0008918 ],[2.01547582 2.0317711  2.05761269 ... 2.         2.         2.        ],"[5.38946711e-02 7.34421060e-02 9.52052790e-02 ... 3.36747316e-15
 3.36747316e-15 3.36747316e-15]",[1.98452418 1.9682289  1.94238731 ... 2.         2.         2.        ],"[5.38946711e-02 7.34421060e-02 9.52052790e-02 ... 3.33837005e-15
 3.33837005e-15 3.33837005e-15]"
F3_Zakharov,100,UAPSO,function_evaluations,1000000,,1000000,25,25,19999.0,0.0,19999,19999,1000000.0,0.0,1000000,1000000,"[ 8348.23955787 19762.17129119 13522.57603955 28179.30684848
 21997.02416485 37249.7205497  19067.13621092 97111.63774456
 19582.83569737 20841.32429523 54055.31556191  9825.48531511
 25830.04863767 20360.74658697 21585.94823975 23627.21473317
 17652.858262   23089.8738242  16920.07805114 36492.95044796
 12342.33350977 24392.04455663 71593.33052818  7479.26091094
 11338.32509972]","[ 8348.23955787 19762.17129119 13522.57603955 28179.30684848
 21997.02416485 37249.7205497  19067.13621092 97111.63774456
 19582.83569737 20841.32429523 54055.31556191  9825.48531511
 25830.04863767 20360.74658697 21585.94823975 23627.21473317
 17652.858262   23089.8738242  16920.07805114 36492.95044796
 12342.33350977 24392.04455663 71593.33052818  7479.26091094
 11338.32509972]",26489.911466593923,20435.29812517119,20841.32429523222,16920.078051140983,25830.048637667107,7479.260910940293,97111.63774455797,70.12848176956003,14.067415500373096,74.27569988400137,0.00044913560006534683,0.00017796931517877242,[    1     2     3 ... 19997 19998 19999],"[220243.06634428 161482.14862276 130199.90429312 ...  26489.91146659
  26489.91146659  26489.91146659]","[40668.33526326 35957.59287281 26428.73672179 ... 20435.29812517
 20435.29812517 20435.29812517]",[     50     100     150 ...  999900  999950 1000000],"[349837.39608776 220243.06634428 161482.14862276 ...  26489.91146659
  26489.91146659  26489.91146659]","[28166.23667738 40668.33526326 35957.59287281 ... 20435.29812517
 20435.29812517 20435.29812517]",4.1662702560424805,0.10480728499211095,4.141073226928711,4.534854888916016,3.8555622482299805,[0.38947368 0.56631579 0.49263158 ... 0.45894737 0.57473684 0.41473684],[0.28383666 0.31147639 0.32261627 ... 0.29831784 0.29536274 0.34623686],[0.85333333 0.81777778 0.90666667 ... 1.06666667 0.99555556 1.04888889],[0.66258007 0.60423744 0.68168274 ... 0.58090323 0.59185139 0.61033621],[1.19111111 0.85333333 1.21777778 ... 1.06666667 1.07555556 0.80888889],[0.51271889 0.56902198 0.59876416 ... 0.6350529  0.55064496 0.6905595 ],[    100     150     200 ...  999900  999950 1000000],[0.38947368 0.56631579 0.49263158 ... 0.45894737 0.57473684 0.41473684],[0.28383666 0.31147639 0.32261627 ... 0.29831784 0.29536274 0.34623686],[0.85333333 0.81777778 0.90666667 ... 1.06666667 0.99555556 1.04888889],[0.66258007 0.60423744 0.68168274 ... 0.58090323 0.59185139 0.61033621],[1.19111111 0.85333333 1.21777778 ... 1.06666667 1.07555556 0.80888889],[0.51271889 0.56902198 0.59876416 ... 0.6350529  0.55064496 0.6905595 ]
F5_Rastrigin_SR,100,PSO,function_evaluations,1000000,,1000000,25,25,19999.0,0.0,19999,19999,1000000.0,0.0,1000000,1000000,"[0.04069785 0.02680254 0.03649797 0.02781828 0.04206115 0.02734755
 0.0284747  0.0350633  0.04512555 0.01987028 0.03463277 0.02343888
 0.0254085  0.04497208 0.03940177 0.03742467 0.01283006 0.03726784
 0.04395595 0.02990633 0.04058422 0.01735724 0.03998169 0.03216503
 0.03067569]","[0.04069785 0.02680254 0.03649797 0.02781828 0.04206115 0.02734755
 0.0284747  0.0350633  0.04512555 0.01987028 0.03463277 0.02343888
 0.0254085  0.04497208 0.03940177 0.03742467 0.01283006 0.03726784
 0.04395595 0.02990633 0.04058422 0.01735724 0.03998169 0.03216503
 0.03067569]",0.032790475339925254,0.008806177002906262,0.03463277013537436,0.02734754977166176,0.03998169431980614,0.012830056441771376,0.04512554686272097,977.5809388415596,192.74894166045078,1046.939316183998,0.00024106624041451142,3.4320805896113626e-05,[    1     2     3 ... 19997 19998 19999],[0.14138901 0.12163766 0.11440106 ... 0.03279048 0.03279048 0.03279048],[0.01693616 0.01291177 0.01349572 ... 0.00880618 0.00880618 0.00880618],[     50     100     150 ...  999900  999950 1000000],[0.19307158 0.14138901 0.12163766 ... 0.03279048 0.03279048 0.03279048],[0.02541501 0.01693616 0.01291177 ... 0.00880618 0.00880618 0.00880618],2.640906448364258,0.004570030611432097,2.6394596099853516,2.655588150024414,2.333052062988281,[0.8 0.8 0.8 ... 0.8 0.8 0.8],"[2.26623326e-16 2.26623326e-16 2.26623326e-16 ... 2.26623326e-16
 2.26623326e-16 2.26623326e-16]",[2. 2. 2. ... 2. 2. 2.],[0. 0. 0. ... 0. 0. 0.],[2. 2. 2. ... 2. 2. 2.],[0. 0. 0. ... 0. 0. 0.],[    100     150     200 ...  999900  999950 1000000],[0.8 0.8 0.8 ... 0.8 0.8 0.8],"[2.26623326e-16 2.26623326e-16 2.26623326e-16 ... 2.26623326e-16
 2.26623326e-16 2.26623326e-16]",[2. 2. 2. ... 2. 2. 2.],[0. 0. 0. ... 0. 0. 0.],[2. 2. 2. ... 2. 2. 2.],[0. 0. 0. ... 0. 0. 0.]
F5_Rastrigin_SR,100,PSOLVIW,function_evaluations,1000000,,1000000,25,25,19999.0,0.0,19999,19999,1000000.0,0.0,1000000,1000000,"[1.14276769e-03 1.71136895e-03 7.93823802e-04 8.88056831e-04
 6.95055257e-04 1.78422049e-03 2.19833565e-04 1.25983732e-04
 1.97129657e-04 5.64515382e-04 4.22570947e-04 7.36607478e-04
 2.41592883e-04 3.09756213e-04 4.82992156e-04 7.41139238e-05
 7.72813086e-04 6.67479478e-04 2.75544611e-04 7.22108073e-05
 7.29388747e-05 3.82761203e-04 9.57381721e-04 1.06468896e-04
 9.36510650e-04]","[1.14276769e-03 1.71136895e-03 7.93823802e-04 8.88056831e-04
 6.95055257e-04 1.78422049e-03 2.19833565e-04 1.25983732e-04
 1.97129657e-04 5.64515382e-04 4.22570947e-04 7.36607478e-04
 2.41592883e-04 3.09756213e-04 4.82992156e-04 7.41139238e-05
 7.72813086e-04 6.67479478e-04 2.75544611e-04 7.22108073e-05
 7.29388747e-05 3.82761203e-04 9.57381721e-04 1.06468896e-04
 9.36510650e-04]",0.0005853799311580588,0.00047302181421830813,0.0004829921564351025,0.00021983356521104724,0.0007938238018141419,7.221080733188501e-05,0.0017842204867406508,977.14127599324,191.24730385689554,1044.3112731869987,0.006572906960500404,0.009996912856992298,[    1     2     3 ... 19997 19998 19999],[0.14138901 0.12277785 0.11812183 ... 0.0005854  0.00058539 0.00058538],[0.01693616 0.01239774 0.01281223 ... 0.00047304 0.00047303 0.00047302],[     50     100     150 ...  999900  999950 1000000],[0.19307158 0.14138901 0.12277785 ... 0.0005854  0.00058539 0.00058538],[0.02541501 0.01693616 0.01239774 ... 0.00047304 0.00047303 0.00047302],3.8849142837524413,0.3167716432806024,3.705301284790039,4.383553504943848,3.5715438461303712,[0.9        0.899975   0.89994999 ... 0.40005001 0.400025   0.4       ],"[3.39934989e-16 3.39934989e-16 5.66558315e-16 ... 1.13311663e-16
 0.00000000e+00 1.13311663e-16]",[2. 2. 2. ... 2. 2. 2.],[0. 0. 0. ... 0. 0. 0.],[2. 2. 2. ... 2. 2. 2.],[0. 0. 0. ... 0. 0. 0.],[    100     150     200 ...  999900  999950 1000000],[0.9        0.899975   0.89994999 ... 0.40005001 0.400025   0.4       ],"[3.39934989e-16 3.39934989e-16 5.66558315e-16 ... 1.13311663e-16
 0.00000000e+00 1.13311663e-16]",[2. 2. 2. ... 2. 2. 2.],[0. 0. 0. ... 0. 0. 0.],[2. 2. 2. ... 2. 2. 2.],[0. 0. 0. ... 0. 0. 0.]
F5_Rastrigin_SR,100,PSOTVAC,function_evaluations,1000000,,1000000,25,25,19999.0,0.0,19999,19999,1000000.0,0.0,1000000,1000000,"[1.30271943e-04 9.19960002e-04 2.60738290e-04 6.80825958e-04
 1.80109417e-04 3.96173592e-04 8.04363107e-04 5.96943334e-04
 1.33036981e-04 3.18872850e-05 1.82650656e-04 2.28232473e-04
 3.76875050e-04 2.18803217e-04 1.13012325e-04 1.88191198e-04
 2.44357221e-05 4.00380922e-04 1.82507144e-03 4.42864059e-04
 1.48128020e-04 3.64420561e-04 1.84689134e-04 1.05101780e-04
 1.46955207e-04]","[1.30271943e-04 9.19960002e-04 2.60738290e-04 6.80825958e-04
 1.80109417e-04 3.96173592e-04 8.04363107e-04 5.96943334e-04
 1.33036981e-04 3.18872850e-05 1.82650656e-04 2.28232473e-04
 3.76875050e-04 2.18803217e-04 1.13012325e-04 1.88191198e-04
 2.44357221e-05 4.00380922e-04 1.82507144e-03 4.42864059e-04
 1.48128020e-04 3.64420561e-04 1.84689134e-04 1.05101780e-04
 1.46955207e-04]",0.0003633648666436784,0.00038396866273463507,0.00021880321691014615,0.00014695520735585887,0.00040038092237182354,2.443572208221667e-05,0.0018250714350642738,972.1270313980399,190.58770216356086,1039.2134403399978,0.006025704159546876,0.009584956739903403,[    1     2     3 ... 19997 19998 19999],[0.15285303 0.1134289  0.10559365 ... 0.00036336 0.00036336 0.00036336],[0.02241785 0.00979791 0.01109532 ... 0.00038397 0.00038397 0.00038397],[     50     100     150 ...  999900  999950 1000000],[0.19307158 0.15285303 0.1134289  ... 0.00036336 0.00036336 0.00036336],[0.02541501 0.02241785 0.00979791 ... 0.00038397 0.00038397 0.00038397],6.6265562057495115,0.5715386198818114,6.513971328735352,7.89992618560791,5.987854156494141,[0.9        0.899975   0.89994999 ... 0.40005001 0.400025   0.4       ],"[3.39934989e-16 3.39934989e-16 5.66558315e-16 ... 1.13311663e-16
 0.00000000e+00 1.13311663e-16]",[2.5        2.49989999 2.49979998 ... 0.50020002 0.50010001 0.5       ],"[0.00000000e+00 9.06493304e-16 9.06493304e-16 ... 2.26623326e-16
 2.26623326e-16 0.00000000e+00]",[0.5        0.50010001 0.50020002 ... 2.49979998 2.49989999 2.5       ],"[0.00000000e+00 1.13311663e-16 1.13311663e-16 ... 9.06493304e-16
 4.53246652e-16 0.00000000e+00]",[    100     150     200 ...  999900  999950 1000000],[0.9        0.899975   0.89994999 ... 0.40005001 0.400025   0.4       ],"[3.39934989e-16 3.39934989e-16 5.66558315e-16 ... 1.13311663e-16
 0.00000000e+00 1.13311663e-16]",[2.5        2.49989999 2.49979998 ... 0.50020002 0.50010001 0.5       ],"[0.00000000e+00 9.06493304e-16 9.06493304e-16 ... 2.26623326e-16
 2.26623326e-16 0.00000000e+00]",[0.5        0.50010001 0.50020002 ... 2.49979998 2.49989999 2.5       ],"[0.00000000e+00 1.13311663e-16 1.13311663e-16 ... 9.06493304e-16
 4.53246652e-16 0.00000000e+00]"
F5_Rastrigin_SR,100,APSOVI,function_evaluations,1000000,,1000000,25,25,19999.0,0.0,19999,19999,1000000.0,0.0,1000000,1000000,"[0.00061348 0.00154887 0.00102389 0.00056611 0.00112535 0.00132739
 0.00073332 0.00095826 0.00015407 0.00036738 0.00063452 0.00027121
 0.00064439 0.00151682 0.00043058 0.00156602 0.00168739 0.0032241
 0.00149487 0.00044482 0.00137799 0.00086845 0.00065883 0.00035458
 0.0003781 ]","[0.00061348 0.00154887 0.00102389 0.00056611 0.00112535 0.00132739
 0.00073332 0.00095826 0.00015407 0.00036738 0.00063452 0.00027121
 0.00064439 0.00151682 0.00043058 0.00156602 0.00168739 0.0032241
 0.00149487 0.00044482 0.00137799 0.00086845 0.00065883 0.00035458
 0.0003781 ]",0.0009588314269717557,0.0006665741757878785,0.0007333174429504652,0.00044482298642378737,0.0013779857372924198,0.00015407442316472952,0.0032240968657220037,977.8547395959591,192.0879704732614,1045.75849398,0.004841627759888069,0.00683449439483724,[    1     2     3 ... 19997 19998 19999],[0.14068215 0.11526483 0.11177477 ... 0.00095883 0.00095883 0.00095883],[0.01279896 0.0121562  0.01138321 ... 0.00066657 0.00066657 0.00066657],[     50     100     150 ...  999900  999950 1000000],[0.19307158 0.14068215 0.11526483 ... 0.00095883 0.00095883 0.00095883],[0.02541501 0.01279896 0.0121562  ... 0.00066657 0.00066657 0.00066657],3.8045566940307616,0.4129940472917225,3.6401004791259766,4.593838691711426,3.484839096069336,[0.9 0.9 0.9 ... 0.3 0.3 0.3],"[3.39934989e-16 3.39934989e-16 3.39934989e-16 ... 1.13311663e-16
 1.13311663e-16 1.13311663e-16]",[1.49618 1.49618 1.49618 ... 1.49618 1.49618 1.49618],"[2.26623326e-16 2.26623326e-16 2.26623326e-16 ... 2.26623326e-16
 2.26623326e-16 2.26623326e-16]",[1.49618 1.49618 1.49618 ... 1.49618 1.49618 1.49618],"[2.26623326e-16 2.26623326e-16 2.26623326e-16 ... 2.26623326e-16
 2.26623326e-16 2.26623326e-16]",[    100     150     200 ...  999900  999950 1000000],[0.9 0.9 0.9 ... 0.3 0.3 0.3],"[3.39934989e-16 3.39934989e-16 3.39934989e-16 ... 1.13311663e-16
 1.13311663e-16 1.13311663e-16]",[1.49618 1.49618 1.49618 ... 1.49618 1.49618 1.49618],"[2.26623326e-16 2.26623326e-16 2.26623326e-16 ... 2.26623326e-16
 2.26623326e-16 2.26623326e-16]",[1.49618 1.49618 1.49618 ... 1.49618 1.49618 1.49618],"[2.26623326e-16 2.26623326e-16 2.26623326e-16 ... 2.26623326e-16
 2.26623326e-16 2.26623326e-16]"
F5_Rastrigin_SR,100,APSO,function_evaluations,1000000,,1000000,25,25,19607.0,2.9011491975882016,19606,19620,1000000.0,0.0,1000000,1000000,"[8.42548944e-04 2.73168902e-04 6.12837769e-05 3.90159361e-05
 4.46858456e-04 1.08686535e-04 8.61018435e-04 2.78561335e-04
 2.04272572e-04 1.68605852e-04 1.63214488e-04 3.19328781e-04
 2.31338481e-04 6.25333953e-04 4.11691969e-04 1.68145499e-03
 4.12590722e-04 1.06554596e-03 8.69204429e-05 1.02037707e-03
 4.78359848e-04 1.45680989e-03 2.93578367e-04 3.62799813e-04
 1.76261315e-04]","[8.42548944e-04 2.73168902e-04 6.12837769e-05 3.90159361e-05
 4.46858456e-04 1.08686535e-04 8.61018435e-04 2.78561335e-04
 2.04272572e-04 1.68605852e-04 1.63214488e-04 3.19328781e-04
 2.31338481e-04 6.25333953e-04 4.11691969e-04 1.68145499e-03
 4.12590722e-04 1.06554596e-03 8.69204429e-05 1.02037707e-03
 4.78359848e-04 1.45680989e-03 2.93578367e-04 3.62799813e-04
 1.76261315e-04]",0.00048278507333179735,0.00043720942478568794,0.000319328781074546,0.00017626131500492193,0.0006253339532236168,3.901593612454235e-05,0.0016814549919104138,1017.4232741336798,198.89590282225925,1080.3781389940013,0.005186678999598371,0.008090533786870418,[    1     2     3 ... 19604 19605 19606],[0.13726983 0.11154449 0.10629613 ... 0.00048279 0.00048279 0.00048279],[0.02008355 0.01293643 0.01284744 ... 0.00043722 0.00043722 0.00043722],[     50     100     150 ...  999900  999950 1000000],[0.19307158 0.13726983 0.11224219 ... 0.00048279 0.00048279 0.00048279],[0.02541501 0.02008355 0.01338673 ... 0.00043721 0.00043721 0.00043721],9.914877586364746,0.31712014366970426,9.71220874786377,10.389348030090332,5.853410339355468,[0.59408669 0.6555988  0.64561489 ... 0.40013312 0.40016238 0.40010566],[0.11919184 0.14132678 0.1278632  ... 0.00024711 0.00027897 0.00014376],[2.03105329 2.05424835 2.07801944 ... 2.         2.         2.        ],"[2.67006728e-02 6.36715075e-02 7.72694664e-02 ... 9.06493304e-16
 9.06493304e-16 9.06493304e-16]",[1.96894671 1.94575165 1.92198056 ... 2.         2.         2.        ],"[2.67006728e-02 6.36715075e-02 7.72694664e-02 ... 4.53246652e-16
 4.53246652e-16 4.53246652e-16]",[   101    151    201 ... 999851 999901 999950],[0.59408669 0.65503929 0.63222396 ... 0.40011229 0.40012462 0.40018692],"[1.19191837e-01 1.41901326e-01 1.39055941e-01 ... 1.32382689e-04
 2.58357132e-04 2.66895892e-04]",[2.03105329 2.05424835 2.07677388 ... 2.         2.         2.        ],"[2.67006728e-02 6.36715075e-02 7.83793784e-02 ... 9.06493304e-16
 9.06493304e-16 9.06493304e-16]",[1.96894671 1.94575165 1.92322612 ... 2.         2.         2.        ],"[2.67006728e-02 6.36715075e-02 7.83793784e-02 ... 4.53246652e-16
 4.53246652e-16 4.53246652e-16]"
F5_Rastrigin_SR,100,UAPSO,function_evaluations,1000000,,1000000,25,25,19999.0,0.0,19999,19999,1000000.0,0.0,1000000,1000000,"[0.00874792 0.01996327 0.01146687 0.01864418 0.01211418 0.00918664
 0.00790061 0.01858989 0.01293018 0.00772202 0.01445049 0.01041266
 0.01587296 0.01548654 0.00517359 0.01593481 0.01019748 0.00854147
 0.0139469  0.00854112 0.00546859 0.0088681  0.00585417 0.00298235
 0.00976781]","[0.00874792 0.01996327 0.01146687 0.01864418 0.01211418 0.00918664
 0.00790061 0.01858989 0.01293018 0.00772202 0.01445049 0.01041266
 0.01587296 0.01548654 0.00517359 0.01593481 0.01019748 0.00854147
 0.0139469  0.00854112 0.00546859 0.0088681  0.00585417 0.00298235
 0.00976781]",0.01115059259426971,0.004532178198884066,0.01019748195773218,0.008541122596795958,0.014450488793272598,0.0029823490323224178,0.019963268067044737,982.9463690035201,193.07130143285647,1049.0861571170026,0.005006248320423765,0.006724068339972653,[    1     2     3 ... 19997 19998 19999],[0.14320502 0.12397964 0.10822075 ... 0.01115059 0.01115059 0.01115059],[0.01598342 0.01647497 0.01656567 ... 0.00453218 0.00453218 0.00453218],[     50     100     150 ...  999900  999950 1000000],[0.19307158 0.14320502 0.12397964 ... 0.01115059 0.01115059 0.01115059],[0.02541501 0.01598342 0.01647497 ... 0.00453218 0.00453218 0.00453218],4.324803657531739,0.3167182676926883,4.134464263916016,4.803101539611816,4.014809036254883,[0.38947368 0.56631579 0.49263158 ... 0.45894737 0.57473684 0.41263158],[0.28383666 0.31147639 0.32261627 ... 0.29831784 0.29536274 0.34768725],[0.85333333 0.81777778 0.90666667 ... 1.07555556 0.99555556 1.04888889],[0.66258007 0.60423744 0.68168274 ... 0.58330688 0.59185139 0.61033621],[1.19111111 0.85333333 1.21777778 ... 1.06666667 1.07555556 0.80888889],[0.51271889 0.56902198 0.59876416 ... 0.6350529  0.55064496 0.6905595 ],[    100     150     200 ...  999900  999950 1000000],[0.38947368 0.56631579 0.49263158 ... 0.45894737 0.57473684 0.41263158],[0.28383666 0.31147639 0.32261627 ... 0.29831784 0.29536274 0.34768725],[0.85333333 0.81777778 0.90666667 ... 1.07555556 0.99555556 1.04888889],[0.66258007 0.60423744 0.68168274 ... 0.58330688 0.59185139 0.61033621],[1.19111111 0.85333333 1.21777778 ... 1.06666667 1.07555556 0.80888889],[0.51271889 0.56902198 0.59876416 ... 0.6350529  0.55064496 0.6905595 ]
F6_Scaffer,100,PSO,function_evaluations,1000000,,1000000,25,25,19999.0,0.0,19999,19999,1000000.0,0.0,1000000,1000000,"[1392985.02078381 1378759.62213527 1325614.92959683  853697.26251051
 1699381.50682497 1388813.68776887 3599495.43000327 1187881.07698807
  920960.72512513 1491598.88379179 1679256.1373017  2836370.71846756
 1378687.44123911 1384696.86336223 1965651.04121582 1994588.91176981
 1697669.99916963  947129.76981079 2721326.54796998 1051038.40910026
 1998232.32660961 1258582.87457486 1082486.29892237 1317480.51814808
 2766779.90763214]","[1392985.02078381 1378759.62213527 1325614.92959683  853697.26251051
 1699381.50682497 1388813.68776887 3599495.43000327 1187881.07698807
  920960.72512513 1491598.88379179 1679256.1373017  2836370.71846756
 1378687.44123911 1384696.86336223 1965651.04121582 1994588.91176981
 1697669.99916963  947129.76981079 2721326.54796998 1051038.40910026
 1998232.32660961 1258582.87457486 1082486.29892237 1317480.51814808
 2766779.90763214]",1652766.6364328982,684589.4005875329,1388813.6877688703,1258582.874574858,1965651.0412158235,853697.2625105082,3599495.4300032738,101.56345964308042,19.340273924268963,107.05598198499501,0.005001155999780167,0.007040134004259397,[    1     2     3 ... 19997 19998 19999],"[15563419.49578562 12570249.68149162 12304720.50762622 ...
  1652766.6364329   1652766.6364329   1652766.6364329 ]","[1229648.04607411 1251268.89356315 1126596.66522816 ...  684589.40058753
  684589.40058753  684589.40058753]",[     50     100     150 ...  999900  999950 1000000],"[21201069.97893031 15563419.49578562 12570249.68149162 ...
  1652766.6364329   1652766.6364329   1652766.6364329 ]","[1742386.33514728 1229648.04607411 1251268.89356315 ...  684589.40058753
  684589.40058753  684589.40058753]",2.893868522644043,0.3157656253023287,2.6900196075439453,3.379488945007324,2.5851254653930664,[0.8 0.8 0.8 ... 0.8 0.8 0.8],"[2.26623326e-16 2.26623326e-16 2.26623326e-16 ... 2.26623326e-16
 2.26623326e-16 2.26623326e-16]",[2. 2. 2. ... 2. 2. 2.],[0. 0. 0. ... 0. 0. 0.],[2. 2. 2. ... 2. 2. 2.],[0. 0. 0. ... 0. 0. 0.],[    100     150     200 ...  999900  999950 1000000],[0.8 0.8 0.8 ... 0.8 0.8 0.8],"[2.26623326e-16 2.26623326e-16 2.26623326e-16 ... 2.26623326e-16
 2.26623326e-16 2.26623326e-16]",[2. 2. 2. ... 2. 2. 2.],[0. 0. 0. ... 0. 0. 0.],[2. 2. 2. ... 2. 2. 2.],[0. 0. 0. ... 0. 0. 0.]
F6_Scaffer,100,PSOLVIW,function_evaluations,1000000,,1000000,25,25,19999.0,0.0,19999,19999,1000000.0,0.0,1000000,1000000,"[1595211.09721363 1068907.07920915 1710283.98529833  740174.12820738
 1334947.44254895 1201492.60327899 2147253.47559295 1412405.06089943
 2078311.32487531  879623.72660654 1322855.96004642 2371722.65866412
 1830577.80227313 1444073.63270468 1854216.52092924 1523495.82987056
  755450.12165336 1416446.00368744  912948.71639794  835724.51226279
 1483828.7721855   744000.18974427  955098.13319783  959736.87615763
 2247529.34370438]","[1595211.09721363 1068907.07920915 1710283.98529833  740174.12820738
 1334947.44254895 1201492.60327899 2147253.47559295 1412405.06089943
 2078311.32487531  879623.72660654 1322855.96004642 2371722.65866412
 1830577.80227313 1444073.63270468 1854216.52092924 1523495.82987056
  755450.12165336 1416446.00368744  912948.71639794  835724.51226279
 1483828.7721855   744000.18974427  955098.13319783  959736.87615763
 2247529.34370438]",1393052.5998883985,495358.6564333222,1412405.060899427,955098.1331978326,1710283.9852983328,740174.1282073822,2371722.6586641157,100.0367967394006,18.810293583297913,106.47707543100114,0.00026359168143244463,3.372191580073663e-05,[    1     2     3 ... 19997 19998 19999],"[15563419.49578562 12700632.45919812 12472203.99383165 ...
  1393052.5998884   1393052.5998884   1393052.5998884 ]","[1229648.04607411 1267327.8039502  1113759.97537808 ...  495358.65643332
  495358.65643332  495358.65643332]",[     50     100     150 ...  999900  999950 1000000],"[21201069.97893031 15563419.49578562 12700632.45919812 ...
  1393052.5998884   1393052.5998884   1393052.5998884 ]","[1742386.33514728 1229648.04607411 1267327.8039502  ...  495358.65643332
  495358.65643332  495358.65643332]",3.5104621124267577,0.05367916408600186,3.5093860626220703,3.619508743286133,3.197917175292969,[0.9        0.899975   0.89994999 ... 0.40005001 0.400025   0.4       ],"[3.39934989e-16 3.39934989e-16 5.66558315e-16 ... 1.13311663e-16
 0.00000000e+00 1.13311663e-16]",[2. 2. 2. ... 2. 2. 2.],[0. 0. 0. ... 0. 0. 0.],[2. 2. 2. ... 2. 2. 2.],[0. 0. 0. ... 0. 0. 0.],[    100     150     200 ...  999900  999950 1000000],[0.9        0.899975   0.89994999 ... 0.40005001 0.400025   0.4       ],"[3.39934989e-16 3.39934989e-16 5.66558315e-16 ... 1.13311663e-16
 0.00000000e+00 1.13311663e-16]",[2. 2. 2. ... 2. 2. 2.],[0. 0. 0. ... 0. 0. 0.],[2. 2. 2. ... 2. 2. 2.],[0. 0. 0. ... 0. 0. 0.]
F6_Scaffer,100,PSOTVAC,function_evaluations,1000000,,1000000,25,25,19999.0,0.0,19999,19999,1000000.0,0.0,1000000,1000000,"[ 150382.56255879  168694.22124054  393625.17946293  519566.02585126
  235986.30451471  233895.91806781  276089.17320225 1049195.43882054
  180075.38524917  229078.90457826  117714.29901217  167529.22175359
  155695.07075873  122188.15765897  125270.73568535  420364.76278751
  190641.7284449   104981.47598369  111473.45428068   86634.39525946
  212178.20926792  134885.65723064   29357.29444714  144945.49845621
  296698.33649332]","[ 150382.56255879  168694.22124054  393625.17946293  519566.02585126
  235986.30451471  233895.91806781  276089.17320225 1049195.43882054
  180075.38524917  229078.90457826  117714.29901217  167529.22175359
  155695.07075873  122188.15765897  125270.73568535  420364.76278751
  190641.7284449   104981.47598369  111473.45428068   86634.39525946
  212178.20926792  134885.65723064   29357.29444714  144945.49845621
  296698.33649332]",234285.89644266226,203096.599269674,168694.22124054472,125270.73568535491,235986.3045147052,29357.294447143315,1049195.43882054,99.62151000164013,19.065307798480838,105.7410212399991,0.00026376463967608287,3.753135718015683e-05,[    1     2     3 ... 19997 19998 19999],"[17131371.84081473 13018250.18412543 12068467.46816552 ...
   234285.89644266   234285.89644266   234285.89644266]","[ 977311.48629062 1070956.7643947  1247624.81269064 ...  203096.59926967
  203096.59926967  203096.59926967]",[     50     100     150 ...  999900  999950 1000000],"[21201069.97893031 17131371.84081473 13018250.18412543 ...
   234285.89644266   234285.89644266   234285.89644266]","[1742386.33514728  977311.48629062 1070956.7643947  ...  203096.59926967
  203096.59926967  203096.59926967]",4.867437820434571,0.24692560179586132,4.811861038208008,5.712335586547852,4.504209594726563,[0.9        0.899975   0.89994999 ... 0.40005001 0.400025   0.4       ],"[3.39934989e-16 3.39934989e-16 5.66558315e-16 ... 1.13311663e-16
 0.00000000e+00 1.13311663e-16]",[2.5        2.49989999 2.49979998 ... 0.50020002 0.50010001 0.5       ],"[0.00000000e+00 9.06493304e-16 9.06493304e-16 ... 2.26623326e-16
 2.26623326e-16 0.00000000e+00]",[0.5        0.50010001 0.50020002 ... 2.49979998 2.49989999 2.5       ],"[0.00000000e+00 1.13311663e-16 1.13311663e-16 ... 9.06493304e-16
 4.53246652e-16 0.00000000e+00]",[    100     150     200 ...  999900  999950 1000000],[0.9        0.899975   0.89994999 ... 0.40005001 0.400025   0.4       ],"[3.39934989e-16 3.39934989e-16 5.66558315e-16 ... 1.13311663e-16
 0.00000000e+00 1.13311663e-16]",[2.5        2.49989999 2.49979998 ... 0.50020002 0.50010001 0.5       ],"[0.00000000e+00 9.06493304e-16 9.06493304e-16 ... 2.26623326e-16
 2.26623326e-16 0.00000000e+00]",[0.5        0.50010001 0.50020002 ... 2.49979998 2.49989999 2.5       ],"[0.00000000e+00 1.13311663e-16 1.13311663e-16 ... 9.06493304e-16
 4.53246652e-16 0.00000000e+00]"
F6_Scaffer,100,APSOVI,function_evaluations,1000000,,1000000,25,25,19999.0,0.0,19999,19999,1000000.0,0.0,1000000,1000000,"[1348163.20573114 1643404.10851893 1431897.6194027  1283434.90449111
 1483789.35654302 1553122.19081868  917264.85659922 1537741.82586706
 1350864.96703345 1786399.83529674  658427.72306391 2087014.72742892
 1870180.26953385 1333010.14431852 2039979.10694427 1397787.91040091
 1637855.12938182 1164215.94938475  713687.98556405 1522310.16291099
 1618831.07592772 1244819.89707672 1166753.3135136  1102037.24093967
 1805895.15520608]","[1348163.20573114 1643404.10851893 1431897.6194027  1283434.90449111
 1483789.35654302 1553122.19081868  917264.85659922 1537741.82586706
 1350864.96703345 1786399.83529674  658427.72306391 2087014.72742892
 1870180.26953385 1333010.14431852 2039979.10694427 1397787.91040091
 1637855.12938182 1164215.94938475  713687.98556405 1522310.16291099
 1618831.07592772 1244819.89707672 1166753.3135136  1102037.24093967
 1805895.15520608]",1427955.546475913,360919.17090773926,1431897.619402701,1244819.8970767206,1637855.1293818231,658427.7230639055,2087014.7274289217,102.10815313507977,19.360289364739696,108.78323768499831,0.0003973762795794755,0.0006695957427998822,[    1     2     3 ... 19997 19998 19999],"[15665947.73196126 12648843.64610791 12416339.37937427 ...
  1427955.54662771  1427955.54654444  1427955.54647591]","[1148647.15346202 1166582.88065366 1151035.78821274 ...  360919.17094859
  360919.17092492  360919.17090774]",[     50     100     150 ...  999900  999950 1000000],"[21201069.97893031 15665947.73196126 12648843.64610791 ...
  1427955.54662771  1427955.54654444  1427955.54647591]","[1742386.33514728 1148647.15346202 1166582.88065366 ...  360919.17094859
  360919.17092492  360919.17090774]",3.4095691680908202,0.12481769191934929,3.4813709259033203,3.6011829376220703,3.0974517822265626,[0.9 0.9 0.9 ... 0.3 0.3 0.3],"[3.39934989e-16 3.39934989e-16 3.39934989e-16 ... 1.13311663e-16
 1.13311663e-16 1.13311663e-16]",[1.49618 1.49618 1.49618 ... 1.49618 1.49618 1.49618],"[2.26623326e-16 2.26623326e-16 2.26623326e-16 ... 2.26623326e-16
 2.26623326e-16 2.26623326e-16]",[1.49618 1.49618 1.49618 ... 1.49618 1.49618 1.49618],"[2.26623326e-16 2.26623326e-16 2.26623326e-16 ... 2.26623326e-16
 2.26623326e-16 2.26623326e-16]",[    100     150     200 ...  999900  999950 1000000],[0.9 0.9 0.9 ... 0.3 0.3 0.3],"[3.39934989e-16 3.39934989e-16 3.39934989e-16 ... 1.13311663e-16
 1.13311663e-16 1.13311663e-16]",[1.49618 1.49618 1.49618 ... 1.49618 1.49618 1.49618],"[2.26623326e-16 2.26623326e-16 2.26623326e-16 ... 2.26623326e-16
 2.26623326e-16 2.26623326e-16]",[1.49618 1.49618 1.49618 ... 1.49618 1.49618 1.49618],"[2.26623326e-16 2.26623326e-16 2.26623326e-16 ... 2.26623326e-16
 2.26623326e-16 2.26623326e-16]"
F6_Scaffer,100,APSO,function_evaluations,1000000,,1000000,25,25,19607.0,0.0,19607,19607,1000000.0,0.0,1000000,1000000,"[1062.16826817 1222.65011131 1301.40740169 1721.3471704  1079.45045498
 1447.60251438 1247.01631846 1546.91188719 1545.50275529 2119.50019505
 1455.17833511  910.69288158  768.53757751 1584.10658033 1317.02753802
 1823.51827741  748.33272713 1579.39222404 2102.97519184 1645.23913126
 1710.72219927 2200.18244795 1681.32375408 1038.14554986 1477.63215455]","[1062.16826817 1222.65011131 1301.40740169 1721.3471704  1079.45045498
 1447.60251438 1247.01631846 1546.91188719 1545.50275529 2119.50019505
 1455.17833511  910.69288158  768.53757751 1584.10658033 1317.02753802
 1823.51827741  748.33272713 1579.39222404 2102.97519184 1645.23913126
 1710.72219927 2200.18244795 1681.32375408 1038.14554986 1477.63215455]",1453.4625458740093,392.7172171420945,1477.6321545472238,1222.6501113136233,1681.323754078469,748.3327271300532,2200.1824479534503,139.50235120131956,28.174724658256217,149.78944519499782,0.00048778500087792053,0.0006197445001631304,[    1     2     3 ... 19605 19606 19607],"[1.53896398e+07 1.25280899e+07 1.20672216e+07 ... 1.45353342e+03
 1.45346856e+03 1.45346256e+03]","[1.11290629e+06 1.11614640e+06 1.16444991e+06 ... 3.92839459e+02
 3.92727580e+02 3.92717240e+02]",[     50     100     150 ...  999900  999950 1000000],"[2.12010700e+07 1.53896398e+07 1.25577796e+07 ... 1.45346856e+03
 1.45346256e+03 1.45346255e+03]","[1.74238634e+06 1.11290629e+06 1.06602789e+06 ... 3.92727580e+02
 3.92717240e+02 3.92717217e+02]",9.039596557617188,0.2393063425337698,8.997776985168457,9.500738143920898,4.988434600830078,[0.60156585 0.65449339 0.74470483 ... 0.40000328 0.40000249 0.40000852],"[1.36565819e-01 1.44590316e-01 6.59392464e-02 ... 1.64033567e-05
 1.24709719e-05 4.25971928e-05]",[2.02213974 2.05611466 2.10210795 ... 2.         2.         2.        ],"[4.17630606e-02 5.16886872e-02 7.23894522e-02 ... 3.88842308e-15
 3.88842308e-15 3.88842308e-15]",[1.97786026 1.94388534 1.89789205 ... 2.         2.         2.        ],"[4.17630606e-02 5.16886872e-02 7.23894522e-02 ... 3.88842308e-15
 3.88842308e-15 3.88842308e-15]",[   101    151    201 ... 999901 999951 999958],[0.60156585 0.65449339 0.74470483 ... 0.40000328 0.40000249 0.40000249],"[1.36565819e-01 1.44590316e-01 6.59392464e-02 ... 1.64033567e-05
 1.24709719e-05 1.24709719e-05]",[2.02213974 2.05611466 2.10210795 ... 2.         2.         2.        ],"[4.17630606e-02 5.16886872e-02 7.23894522e-02 ... 3.88842308e-15
 3.88842308e-15 3.88842308e-15]",[1.97786026 1.94388534 1.89789205 ... 2.         2.         2.        ],"[4.17630606e-02 5.16886872e-02 7.23894522e-02 ... 3.88842308e-15
 3.88842308e-15 3.88842308e-15]"
F6_Scaffer,100,UAPSO,function_evaluations,1000000,,1000000,25,25,19999.0,0.0,19999,19999,1000000.0,0.0,1000000,1000000,"[2679933.04026057 3632080.71043023 3609463.34293115 5654140.0994372
 4541587.37770299 6622334.8726756  5067188.40153804 8101410.73717093
 3959044.80990237 4486269.99009874 7736748.55417605 3838133.76054185
 4319455.13788014 5386288.50838073 5030845.9856984  4538168.92285041
 3669241.68431432 3303306.11636144 4570270.29875394 6897747.46404122
 2784639.58141606 3771123.26695784 6899406.79779162 2745201.81713092
 3209877.94395037]","[2679933.04026057 3632080.71043023 3609463.34293115 5654140.0994372
 4541587.37770299 6622334.8726756  5067188.40153804 8101410.73717093
 3959044.80990237 4486269.99009874 7736748.55417605 3838133.76054185
 4319455.13788014 5386288.50838073 5030845.9856984  4538168.92285041
 3669241.68431432 3303306.11636144 4570270.29875394 6897747.46404122
 2784639.58141606 3771123.26695784 6899406.79779162 2745201.81713092
 3209877.94395037]",4682156.368895725,1545411.9823792516,4486269.990098741,3632080.7104302323,5386288.508380732,2679933.040260571,8101410.737170931,105.05575552431895,20.8895054968056,111.60580903799564,0.0006629424789571203,0.0008944030092380119,[    1     2     3 ... 19997 19998 19999],"[16187995.30741289 13238940.27543559 12029313.76194239 ...
  4682156.36889572  4682156.36889572  4682156.36889572]","[1787601.60804672 1534181.9001945  1336036.60724869 ... 1545411.98237925
 1545411.98237925 1545411.98237925]",[     50     100     150 ...  999900  999950 1000000],"[21201069.97893031 16187995.30741289 13238940.27543559 ...
  4682156.36889572  4682156.36889572  4682156.36889572]","[1742386.33514728 1787601.60804672 1534181.9001945  ... 1545411.98237925
 1545411.98237925 1545411.98237925]",4.142947387695313,0.07889725818645797,4.132065773010254,4.490342140197754,3.8330297470092773,[0.38947368 0.56631579 0.49263158 ... 0.45894737 0.57473684 0.41263158],[0.28383666 0.31147639 0.32261627 ... 0.29831784 0.29536274 0.34768725],[0.85333333 0.81777778 0.90666667 ... 1.06666667 0.99555556 1.04888889],[0.66258007 0.60423744 0.68168274 ... 0.58090323 0.59185139 0.61033621],[1.19111111 0.85333333 1.21777778 ... 1.06666667 1.07555556 0.80888889],[0.51271889 0.56902198 0.59876416 ... 0.6350529  0.55064496 0.6905595 ],[    100     150     200 ...  999900  999950 1000000],[0.38947368 0.56631579 0.49263158 ... 0.45894737 0.57473684 0.41263158],[0.28383666 0.31147639 0.32261627 ... 0.29831784 0.29536274 0.34768725],[0.85333333 0.81777778 0.90666667 ... 1.06666667 0.99555556 1.04888889],[0.66258007 0.60423744 0.68168274 ... 0.58090323 0.59185139 0.61033621],[1.19111111 0.85333333 1.21777778 ... 1.06666667 1.07555556 0.80888889],[0.51271889 0.56902198 0.59876416 ... 0.6350529  0.55064496 0.6905595 ]
F7_LunacekBiRastr,100,PSO,function_evaluations,1000000,,1000000,25,25,19999.0,0.0,19999,19999,1000000.0,0.0,1000000,1000000,"[2219.55914845 2273.26981251 2551.03707029 2365.45708506 2200.65484019
 2399.46150905 2349.97647638 2287.80022043 1991.50552211 2227.70766773
 2035.91104958 2015.48095177 2277.90643519 1826.39129306 1959.77922248
 2365.15859961 2324.45742766 2217.72247431 1970.77249899 2116.73360453
 2269.88663258 1825.62279854 2086.53340119 2183.49802558 2107.04562753]","[2219.55914845 2273.26981251 2551.03707029 2365.45708506 2200.65484019
 2399.46150905 2349.97647638 2287.80022043 1991.50552211 2227.70766773
 2035.91104958 2015.48095177 2277.90643519 1826.39129306 1959.77922248
 2365.15859961 2324.45742766 2217.72247431 1970.77249899 2116.73360453
 2269.88663258 1825.62279854 2086.53340119 2183.49802558 2107.04562753]",2177.9731757921463,181.6785523325374,2217.7224743100287,2035.9110495817185,2287.8002204308277,1825.622798543548,2551.0370702869236,221.35537580464063,44.96916456423911,237.19121350700152,0.0002616315596969798,2.8703035473624715e-05,[    1     2     3 ... 19997 19998 19999],"[4323.76175911 3807.51159929 3734.58799343 ... 2177.97317579 2177.97317579
 2177.97317579]","[184.08689435 180.62890959 164.17150709 ... 181.67855233 181.67855233
 181.67855233]",[     50     100     150 ...  999900  999950 1000000],"[5265.11567281 4323.76175911 3807.51159929 ... 2177.97317579 2177.97317579
 2177.97317579]","[249.12918419 184.08689435 180.62890959 ... 181.67855233 181.67855233
 181.67855233]",2.644566421508789,0.0056921397299223245,2.6437320709228516,2.6631031036376953,2.336448059082031,[0.8 0.8 0.8 ... 0.8 0.8 0.8],"[2.26623326e-16 2.26623326e-16 2.26623326e-16 ... 2.26623326e-16
 2.26623326e-16 2.26623326e-16]",[2. 2. 2. ... 2. 2. 2.],[0. 0. 0. ... 0. 0. 0.],[2. 2. 2. ... 2. 2. 2.],[0. 0. 0. ... 0. 0. 0.],[    100     150     200 ...  999900  999950 1000000],[0.8 0.8 0.8 ... 0.8 0.8 0.8],"[2.26623326e-16 2.26623326e-16 2.26623326e-16 ... 2.26623326e-16
 2.26623326e-16 2.26623326e-16]",[2. 2. 2. ... 2. 2. 2.],[0. 0. 0. ... 0. 0. 0.],[2. 2. 2. ... 2. 2. 2.],[0. 0. 0. ... 0. 0. 0.]
F7_LunacekBiRastr,100,PSOLVIW,function_evaluations,1000000,,1000000,25,25,19999.0,0.0,19999,19999,1000000.0,0.0,1000000,1000000,"[1265.         1133.5        1046.         1202.5        1285.62284066
 1290.5         958.50003323  940.          985.5         948.03557103
 1329.         1201.5        1025.         1081.          991.
 1310.5        1134.         1156.5         882.5         904.5
 1120.         1156.5         808.5        1091.5        1021.5       ]","[1265.         1133.5        1046.         1202.5        1285.62284066
 1290.5         958.50003323  940.          985.5         948.03557103
 1329.         1201.5        1025.         1081.          991.
 1310.5        1134.         1156.5         882.5         904.5
 1120.         1156.5         808.5        1091.5        1021.5       ]",1090.7463377970553,144.59638663039428,1091.5,985.5,1201.5,808.5,1329.0000000000005,224.3445738574001,46.04720893165124,240.29183577599906,0.0002780260797590017,3.646926935941254e-05,[    1     2     3 ... 19997 19998 19999],"[4323.76175911 3837.05179358 3782.15813992 ... 1090.7507031  1090.74908402
 1090.7463378 ]","[184.08689435 219.93938042 222.84152577 ... 144.60251626 144.60024261
 144.59638663]",[     50     100     150 ...  999900  999950 1000000],"[5265.11567281 4323.76175911 3837.05179358 ... 1090.7507031  1090.74908402
 1090.7463378 ]","[249.12918419 184.08689435 219.93938042 ... 144.60251626 144.60024261
 144.59638663]",3.4502698516845705,0.07989354333868916,3.4448299407958984,3.6343135833740234,3.1386094665527344,[0.9        0.899975   0.89994999 ... 0.40005001 0.400025   0.4       ],"[3.39934989e-16 3.39934989e-16 5.66558315e-16 ... 1.13311663e-16
 0.00000000e+00 1.13311663e-16]",[2. 2. 2. ... 2. 2. 2.],[0. 0. 0. ... 0. 0. 0.],[2. 2. 2. ... 2. 2. 2.],[0. 0. 0. ... 0. 0. 0.],[    100     150     200 ...  999900  999950 1000000],[0.9        0.899975   0.89994999 ... 0.40005001 0.400025   0.4       ],"[3.39934989e-16 3.39934989e-16 5.66558315e-16 ... 1.13311663e-16
 0.00000000e+00 1.13311663e-16]",[2. 2. 2. ... 2. 2. 2.],[0. 0. 0. ... 0. 0. 0.],[2. 2. 2. ... 2. 2. 2.],[0. 0. 0. ... 0. 0. 0.]
F7_LunacekBiRastr,100,PSOTVAC,function_evaluations,1000000,,1000000,25,25,19999.0,0.0,19999,19999,1000000.0,0.0,1000000,1000000,"[ 815.         1148.5         920.5         817.5        1034.
 1051.5        1150.5         822.         1022.5         750.5
  682.93431523  900.          953.5         871.         1277.
  935.5         835.         1143.          892.5         839.
 1049.          996.         1025.5         827.         1286.5       ]","[ 815.         1148.5         920.5         817.5        1034.
 1051.5        1150.5         822.         1022.5         750.5
  682.93431523  900.          953.5         871.         1277.
  935.5         835.         1143.          892.5         839.
 1049.          996.         1025.5         827.         1286.5       ]",961.8373726092148,156.903101098555,935.5000000000005,835.0,1049.0,682.9343152303577,1286.5,224.49038358199994,45.636344295125696,240.38137074899714,0.00030332359892781824,8.650720464052844e-05,[    1     2     3 ... 19997 19998 19999],"[4522.45485406 3798.30612245 3664.06205988 ...  961.83737261  961.83737261
  961.83737261]","[249.80564213 204.76257879 196.16371839 ... 156.9031011  156.9031011
 156.9031011 ]",[     50     100     150 ...  999900  999950 1000000],"[5265.11567281 4522.45485406 3798.30612245 ...  961.83737261  961.83737261
  961.83737261]","[249.12918419 249.80564213 204.76257879 ... 156.9031011  156.9031011
 156.9031011 ]",4.292812728881836,0.2024195660583601,4.209508895874023,4.806856155395508,3.9781340026855467,[0.9        0.899975   0.89994999 ... 0.40005001 0.400025   0.4       ],"[3.39934989e-16 3.39934989e-16 5.66558315e-16 ... 1.13311663e-16
 0.00000000e+00 1.13311663e-16]",[2.5        2.49989999 2.49979998 ... 0.50020002 0.50010001 0.5       ],"[0.00000000e+00 9.06493304e-16 9.06493304e-16 ... 2.26623326e-16
 2.26623326e-16 0.00000000e+00]",[0.5        0.50010001 0.50020002 ... 2.49979998 2.49989999 2.5       ],"[0.00000000e+00 1.13311663e-16 1.13311663e-16 ... 9.06493304e-16
 4.53246652e-16 0.00000000e+00]",[    100     150     200 ...  999900  999950 1000000],[0.9        0.899975   0.89994999 ... 0.40005001 0.400025   0.4       ],"[3.39934989e-16 3.39934989e-16 5.66558315e-16 ... 1.13311663e-16
 0.00000000e+00 1.13311663e-16]",[2.5        2.49989999 2.49979998 ... 0.50020002 0.50010001 0.5       ],"[0.00000000e+00 9.06493304e-16 9.06493304e-16 ... 2.26623326e-16
 2.26623326e-16 0.00000000e+00]",[0.5        0.50010001 0.50020002 ... 2.49979998 2.49989999 2.5       ],"[0.00000000e+00 1.13311663e-16 1.13311663e-16 ... 9.06493304e-16
 4.53246652e-16 0.00000000e+00]"
F7_LunacekBiRastr,100,APSOVI,function_evaluations,1000000,,1000000,25,25,19999.0,0.0,19999,19999,1000000.0,0.0,1000000,1000000,"[1573.5        1225.         2100.1088117   971.05603339 1401.37460781
 1586.26796454 1182.         1120.50020867 1210.53067794 1168.5
 1511.5        1965.84412227 1202.5        1052.50147828 1377.50175283
 1529.         1211.5        1557.98891944 1659.29130797 1480.00000038
 1332.         1164.50004206 1329.5        1270.00000289 1122.00017932]","[1573.5        1225.         2100.1088117   971.05603339 1401.37460781
 1586.26796454 1182.         1120.50020867 1210.53067794 1168.5
 1511.5        1965.84412227 1202.5        1052.50147828 1377.50175283
 1529.         1211.5        1557.98891944 1659.29130797 1480.00000038
 1332.         1164.50004206 1329.5        1270.00000289 1122.00017932]",1372.17864437992,271.4343118663216,1329.5,1182.0000000000082,1529.00000000009,971.0560333851847,2100.108811699899,227.01288048988033,46.66557509280885,243.58326905599824,0.0002599138001096435,4.682018442719501e-05,[    1     2     3 ... 19997 19998 19999],"[4304.15661812 3760.7112534  3716.90088577 ... 1372.18194776 1372.18019693
 1372.17864438]","[214.01902527 242.13180398 241.27985504 ... 271.43667965 271.43541676
 271.43431187]",[     50     100     150 ...  999900  999950 1000000],"[5265.11567281 4304.15661812 3760.7112534  ... 1372.18194776 1372.18019693
 1372.17864438]","[249.12918419 214.01902527 242.13180398 ... 271.43667965 271.43541676
 271.43431187]",3.6765792083740236,0.3616543808638591,3.720766067504883,4.243703842163086,3.3351951599121095,[0.9 0.9 0.9 ... 0.3 0.3 0.3],"[3.39934989e-16 3.39934989e-16 3.39934989e-16 ... 1.13311663e-16
 1.13311663e-16 1.13311663e-16]",[1.49618 1.49618 1.49618 ... 1.49618 1.49618 1.49618],"[2.26623326e-16 2.26623326e-16 2.26623326e-16 ... 2.26623326e-16
 2.26623326e-16 2.26623326e-16]",[1.49618 1.49618 1.49618 ... 1.49618 1.49618 1.49618],"[2.26623326e-16 2.26623326e-16 2.26623326e-16 ... 2.26623326e-16
 2.26623326e-16 2.26623326e-16]",[    100     150     200 ...  999900  999950 1000000],[0.9 0.9 0.9 ... 0.3 0.3 0.3],"[3.39934989e-16 3.39934989e-16 3.39934989e-16 ... 1.13311663e-16
 1.13311663e-16 1.13311663e-16]",[1.49618 1.49618 1.49618 ... 1.49618 1.49618 1.49618],"[2.26623326e-16 2.26623326e-16 2.26623326e-16 ... 2.26623326e-16
 2.26623326e-16 2.26623326e-16]",[1.49618 1.49618 1.49618 ... 1.49618 1.49618 1.49618],"[2.26623326e-16 2.26623326e-16 2.26623326e-16 ... 2.26623326e-16
 2.26623326e-16 2.26623326e-16]"
F7_LunacekBiRastr,100,APSO,function_evaluations,1000000,,1000000,25,25,19694.4,140.68167376504067,19607,19993,1000000.0,0.0,1000000,1000000,"[1062.         1742.99291842 1176.99621178 1409.5        1485.77953641
 1134.36209408 1310.5        1528.19690655 1264.         1586.
 1532.         1428.         1148.         1254.5        1177.
 1218.         1394.         1175.45428168 1170.         1036.
 1155.72574381 1348.5        1148.         1180.5        1032.        ]","[1062.         1742.99291842 1176.99621178 1409.5        1485.77953641
 1134.36209408 1310.5        1528.19690655 1264.         1586.
 1532.         1428.         1148.         1254.5        1177.
 1218.         1394.         1175.45428168 1170.         1036.
 1155.72574381 1348.5        1148.         1180.5        1032.        ]",1283.9203077091424,186.1141531672312,1218.0,1155.7257438118097,1409.5,1032.0,1742.9929184230386,265.99344389904,54.54140898971246,285.69834761100356,0.0002931319607887417,5.9399351016502375e-05,[    1     2     3 ... 19605 19606 19607],"[4225.3049075  3694.86881982 3598.31650475 ... 1283.97401837 1283.96489131
 1283.93994901]","[207.54647855 253.79249167 222.62592064 ... 186.15828503 186.14595861
 186.11242501]",[     50     100     150 ...  999900  999950 1000000],"[5265.11567281 4225.3049075  3697.36902048 ... 1283.95003559 1283.92540915
 1283.92030771]","[249.12918419 207.54647855 252.90018987 ... 186.15483487 186.1211124
 186.11415317]",8.65226505279541,0.09154300712781617,8.63655948638916,8.843979835510254,4.606008644104004,[0.596514   0.70905763 0.69971191 ... 0.46079087 0.45900789 0.46780355],[0.15992201 0.11574299 0.10868731 ... 0.13993564 0.13402254 0.14877801],[2.0228708  2.05549679 2.09782047 ... 2.08262245 2.082586   2.08254058],[0.04345014 0.07721776 0.10491003 ... 0.18627787 0.18628489 0.18629238],[1.9771292  1.94450321 1.90217953 ... 1.91737755 1.917414   1.91745942],[0.04345014 0.07721776 0.10491003 ... 0.18627787 0.18628489 0.18629238],[   101    151    201 ... 999851 999901 999950],[0.596514   0.70085975 0.69857853 ... 0.45627753 0.45904982 0.47090848],[0.15992201 0.13059168 0.09814838 ... 0.13042551 0.13439779 0.14707453],[2.0228708  2.05549679 2.09950114 ... 2.08253671 2.08250332 2.08245803],[0.04345014 0.07721776 0.10172163 ... 0.18631499 0.18632071 0.18632816],[1.9771292  1.94450321 1.90049886 ... 1.91746329 1.91749668 1.91754197],[0.04345014 0.07721776 0.10172163 ... 0.18631499 0.18632071 0.18632816]
F7_LunacekBiRastr,100,UAPSO,function_evaluations,1000000,,1000000,25,25,19999.0,0.0,19999,19999,1000000.0,0.0,1000000,1000000,"[2144.27697049 2103.55856774 1962.83448218 2246.         2392.07910279
 2291.2202607  2322.71907694 2628.04802497 2068.97707657 2303.64351772
 2714.89139187 1776.50069617 2170.6875959  2272.20468518 2158.15591121
 1894.91315503 1894.53029126 1594.57739942 2206.20851063 2810.70715731
 2270.23969443 2541.00089195 2664.30835175 2378.33090813 2051.97770238]","[2144.27697049 2103.55856774 1962.83448218 2246.         2392.07910279
 2291.2202607  2322.71907694 2628.04802497 2068.97707657 2303.64351772
 2714.89139187 1776.50069617 2170.6875959  2272.20468518 2158.15591121
 1894.91315503 1894.53029126 1594.57739942 2206.20851063 2810.70715731
 2270.23969443 2541.00089195 2664.30835175 2378.33090813 2051.97770238]",2234.5036569093595,294.4729044190522,2246.0,2068.9770765737244,2378.3309081306343,1594.5773994198307,2810.707157310517,230.70927951359917,46.90093609829958,246.68531128999894,0.00039803983934689314,7.773894882864556e-05,[    1     2     3 ... 19997 19998 19999],"[4283.3818522  3864.9293764  3680.64271944 ... 2234.50365691 2234.50365691
 2234.50365691]","[307.96703828 287.59573865 232.01554343 ... 294.47290442 294.47290442
 294.47290442]",[     50     100     150 ...  999900  999950 1000000],"[5265.11567281 4283.3818522  3864.9293764  ... 2234.50365691 2234.50365691
 2234.50365691]","[249.12918419 307.96703828 287.59573865 ... 294.47290442 294.47290442
 294.47290442]",4.150319709777832,0.09177261949879315,4.113001823425293,4.407710075378418,3.8405238342285157,[0.38947368 0.56631579 0.49263158 ... 0.45894737 0.57473684 0.41263158],[0.28383666 0.31147639 0.32261627 ... 0.29831784 0.29536274 0.34768725],[0.85333333 0.81777778 0.90666667 ... 1.06666667 1.00444444 1.04888889],[0.66258007 0.60423744 0.68168274 ... 0.58090323 0.59876416 0.61033621],[1.19111111 0.85333333 1.21777778 ... 1.06666667 1.07555556 0.80888889],[0.51271889 0.56902198 0.59876416 ... 0.6350529  0.55064496 0.6905595 ],[    100     150     200 ...  999900  999950 1000000],[0.38947368 0.56631579 0.49263158 ... 0.45894737 0.57473684 0.41263158],[0.28383666 0.31147639 0.32261627 ... 0.29831784 0.29536274 0.34768725],[0.85333333 0.81777778 0.90666667 ... 1.06666667 1.00444444 1.04888889],[0.66258007 0.60423744 0.68168274 ... 0.58090323 0.59876416 0.61033621],[1.19111111 0.85333333 1.21777778 ... 1.06666667 1.07555556 0.80888889],[0.51271889 0.56902198 0.59876416 ... 0.6350529  0.55064496 0.6905595 ]
F9_Levy,100,PSO,function_evaluations,1000000,,1000000,25,25,19999.0,0.0,19999,19999,1000000.0,0.0,1000000,1000000,"[28296.41472516 28217.4133598  27287.9711593  28217.43060261
 28028.26827386 28700.07367194 28754.87223379 30598.9454449
 28486.92009376 26310.53464524 29464.689258   26738.05107548
 30652.62337342 27304.79073942 28283.37537753 27610.24969708
 29366.42093603 28810.7114759  28501.63554384 27863.89674112
 29293.44067099 27588.7128036  27422.08539621 28353.50685568
 28140.37030633]","[28296.41472516 28217.4133598  27287.9711593  28217.43060261
 28028.26827386 28700.07367194 28754.87223379 30598.9454449
 28486.92009376 26310.53464524 29464.689258   26738.05107548
 30652.62337342 27304.79073942 28283.37537753 27610.24969708
 29366.42093603 28810.7114759  28501.63554384 27863.89674112
 29293.44067099 27588.7128036  27422.08539621 28353.50685568
 28140.37030633]",28331.736178439856,1029.763165068937,28283.37537753299,27610.24969708422,28754.87223378892,26310.534645237298,30652.623373421695,241.9911383940809,46.77015520697705,257.89028131800296,0.0002453571994556114,3.963079104292145e-05,[    1     2     3 ... 19997 19998 19999],"[35222.2999506  34989.73361575 34816.00846966 ... 28331.73617844
 28331.73617844 28331.73617844]","[ 609.42484098  589.53816695  803.86497309 ... 1029.76316507 1029.76316507
 1029.76316507]",[     50     100     150 ...  999900  999950 1000000],"[35711.92651763 35222.2999506  34989.73361575 ... 28331.73617844
 28331.73617844 28331.73617844]","[ 688.66450794  609.42484098  589.53816695 ... 1029.76316507 1029.76316507
 1029.76316507]",2.6408686065673828,0.0020023390642182753,2.641054153442383,2.6444873809814453,2.3329116821289064,[0.8 0.8 0.8 ... 0.8 0.8 0.8],"[2.26623326e-16 2.26623326e-16 2.26623326e-16 ... 2.26623326e-16
 2.26623326e-16 2.26623326e-16]",[2. 2. 2. ... 2. 2. 2.],[0. 0. 0. ... 0. 0. 0.],[2. 2. 2. ... 2. 2. 2.],[0. 0. 0. ... 0. 0. 0.],[    100     150     200 ...  999900  999950 1000000],[0.8 0.8 0.8 ... 0.8 0.8 0.8],"[2.26623326e-16 2.26623326e-16 2.26623326e-16 ... 2.26623326e-16
 2.26623326e-16 2.26623326e-16]",[2. 2. 2. ... 2. 2. 2.],[0. 0. 0. ... 0. 0. 0.],[2. 2. 2. ... 2. 2. 2.],[0. 0. 0. ... 0. 0. 0.]
F9_Levy,100,PSOLVIW,function_evaluations,1000000,,1000000,25,25,19999.0,0.0,19999,19999,1000000.0,0.0,1000000,1000000,"[13732.88669133 14854.89283284 10947.91793216 16424.25240488
 12629.61905028 11288.32401257 15315.17820971 14013.61541861
 14711.62967762 13384.50472471 13669.66777035 13341.71159139
 14911.32370272 12899.94146137 15219.5561678  13787.00922367
 12733.91506462 13057.6963543  16144.48412563 14951.50768781
 10554.46422869 15532.66793963 11978.38286843 14598.5984386
 13908.35291155]","[13732.88669133 14854.89283284 10947.91793216 16424.25240488
 12629.61905028 11288.32401257 15315.17820971 14013.61541861
 14711.62967762 13384.50472471 13669.66777035 13341.71159139
 14911.32370272 12899.94146137 15219.5561678  13787.00922367
 12733.91506462 13057.6963543  16144.48412563 14951.50768781
 10554.46422869 15532.66793963 11978.38286843 14598.5984386
 13908.35291155]",13783.68401965117,1547.2577348543982,13787.00922367143,12899.941461369544,14911.323702719856,10554.464228686786,16424.252404880535,241.86974704336055,46.39639931330694,257.2410195400007,0.0002441903599537909,4.315951419846302e-05,[    1     2     3 ... 19997 19998 19999],"[35222.2999506  35034.53653035 34873.71635634 ... 13783.69716956
 13783.6921188  13783.68401965]","[ 609.42484098  680.71829737  787.83666252 ... 1547.24827434 1547.25223288
 1547.25773485]",[     50     100     150 ...  999900  999950 1000000],"[35711.92651763 35222.2999506  35034.53653035 ... 13783.69716956
 13783.6921188  13783.68401965]","[ 688.66450794  609.42484098  680.71829737 ... 1547.24827434 1547.25223288
 1547.25773485]",3.521822280883789,0.030118376950204587,3.5178165435791016,3.5975894927978516,3.210240478515625,[0.9        0.899975   0.89994999 ... 0.40005001 0.400025   0.4       ],"[3.39934989e-16 3.39934989e-16 5.66558315e-16 ... 1.13311663e-16
 0.00000000e+00 1.13311663e-16]",[2. 2. 2. ... 2. 2. 2.],[0. 0. 0. ... 0. 0. 0.],[2. 2. 2. ... 2. 2. 2.],[0. 0. 0. ... 0. 0. 0.],[    100     150     200 ...  999900  999950 1000000],[0.9        0.899975   0.89994999 ... 0.40005001 0.400025   0.4       ],"[3.39934989e-16 3.39934989e-16 5.66558315e-16 ... 1.13311663e-16
 0.00000000e+00 1.13311663e-16]",[2. 2. 2. ... 2. 2. 2.],[0. 0. 0. ... 0. 0. 0.],[2. 2. 2. ... 2. 2. 2.],[0. 0. 0. ... 0. 0. 0.]
F9_Levy,100,PSOTVAC,function_evaluations,1000000,,1000000,25,25,19999.0,0.0,19999,19999,1000000.0,0.0,1000000,1000000,"[15116.77136813 12877.31633609 15898.86308754 13786.57988216
 13673.22312137 14067.15368118 13788.29443346 14301.47236598
 14070.09939143 11503.61428691 14582.90821154 14210.57847734
 14050.42158132 15027.55385072 14391.23676927 15624.12581617
 16740.00490881 13142.29133834 15135.41457923 14095.97806431
 14949.14400799 15300.21804594 14784.08344287 15355.16871591
 14439.57251402]","[15116.77136813 12877.31633609 15898.86308754 13786.57988216
 13673.22312137 14067.15368118 13788.29443346 14301.47236598
 14070.09939143 11503.61428691 14582.90821154 14210.57847734
 14050.42158132 15027.55385072 14391.23676927 15624.12581617
 16740.00490881 13142.29133834 15135.41457923 14095.97806431
 14949.14400799 15300.21804594 14784.08344287 15355.16871591
 14439.57251402]",14436.483531121477,1058.511559018502,14391.236769266914,14050.421581317067,15116.77136813376,11503.614286907079,16740.0049088076,239.7225161759209,45.47290690366391,255.53259192599944,0.00037446480098878964,0.0005966831430845471,[    1     2     3 ... 19997 19998 19999],"[35401.82677559 35187.83641856 34954.89001951 ... 14436.48356638
 14436.48354803 14436.48353112]","[ 601.81576699  637.03334625  673.63265286 ... 1058.5115561  1058.5115588
 1058.51155902]",[     50     100     150 ...  999900  999950 1000000],"[35711.92651763 35401.82677559 35187.83641856 ... 14436.48356638
 14436.48354803 14436.48353112]","[ 688.66450794  601.81576699  637.03334625 ... 1058.5115561  1058.5115588
 1058.51155902]",5.854540786743164,0.5271180936840094,5.741617202758789,7.200471878051758,5.320871887207031,[0.9        0.899975   0.89994999 ... 0.40005001 0.400025   0.4       ],"[3.39934989e-16 3.39934989e-16 5.66558315e-16 ... 1.13311663e-16
 0.00000000e+00 1.13311663e-16]",[2.5        2.49989999 2.49979998 ... 0.50020002 0.50010001 0.5       ],"[0.00000000e+00 9.06493304e-16 9.06493304e-16 ... 2.26623326e-16
 2.26623326e-16 0.00000000e+00]",[0.5        0.50010001 0.50020002 ... 2.49979998 2.49989999 2.5       ],"[0.00000000e+00 1.13311663e-16 1.13311663e-16 ... 9.06493304e-16
 4.53246652e-16 0.00000000e+00]",[    100     150     200 ...  999900  999950 1000000],[0.9        0.899975   0.89994999 ... 0.40005001 0.400025   0.4       ],"[3.39934989e-16 3.39934989e-16 5.66558315e-16 ... 1.13311663e-16
 0.00000000e+00 1.13311663e-16]",[2.5        2.49989999 2.49979998 ... 0.50020002 0.50010001 0.5       ],"[0.00000000e+00 9.06493304e-16 9.06493304e-16 ... 2.26623326e-16
 2.26623326e-16 0.00000000e+00]",[0.5        0.50010001 0.50020002 ... 2.49979998 2.49989999 2.5       ],"[0.00000000e+00 1.13311663e-16 1.13311663e-16 ... 9.06493304e-16
 4.53246652e-16 0.00000000e+00]"
F9_Levy,100,APSOVI,function_evaluations,1000000,,1000000,25,25,19999.0,0.0,19999,19999,1000000.0,0.0,1000000,1000000,"[13978.50414115 14982.19628921 14045.1329061  14435.21292866
 16225.40753381 15331.29378473 17066.80377734 15852.29630825
 12382.36065591 16784.19147142 13369.8242752  17208.59258915
 16037.12498142 12227.18867742 16498.87149858 15740.59936945
 17667.90418072 18826.92835457 16242.26752954 14655.50557451
 14128.69764559 12644.17565914 12728.21217825 19482.51355572
 16885.3907824 ]","[13978.50414115 14982.19628921 14045.1329061  14435.21292866
 16225.40753381 15331.29378473 17066.80377734 15852.29630825
 12382.36065591 16784.19147142 13369.8242752  17208.59258915
 16037.12498142 12227.18867742 16498.87149858 15740.59936945
 17667.90418072 18826.92835457 16242.26752954 14655.50557451
 14128.69764559 12644.17565914 12728.21217825 19482.51355572
 16885.3907824 ]",15417.08786592905,1960.0977750375341,15740.599369450374,14045.132906095361,16784.19147141518,12227.188677420676,19482.51355572032,239.97772682972078,44.90565553281862,255.6073911659987,0.000290124959719833,0.00012409624624851482,[    1     2     3 ... 19997 19998 19999],"[35242.4740337  34974.63478981 34908.41949695 ... 15417.10341758
 15417.09576102 15417.08786593]","[ 927.9210014   796.53780004  762.90982664 ... 1960.11321533 1960.10570696
 1960.09777504]",[     50     100     150 ...  999900  999950 1000000],"[35711.92651763 35242.4740337  34974.63478981 ... 15417.10341758
 15417.09576102 15417.08786593]","[ 688.66450794  927.9210014   796.53780004 ... 1960.11321533 1960.10570696
 1960.09777504]",3.994374771118164,0.15921201937178373,4.031045913696289,4.183259963989258,3.6236285400390624,[0.9 0.9 0.9 ... 0.3 0.3 0.3],"[3.39934989e-16 3.39934989e-16 3.39934989e-16 ... 1.13311663e-16
 1.13311663e-16 1.13311663e-16]",[1.49618 1.49618 1.49618 ... 1.49618 1.49618 1.49618],"[2.26623326e-16 2.26623326e-16 2.26623326e-16 ... 2.26623326e-16
 2.26623326e-16 2.26623326e-16]",[1.49618 1.49618 1.49618 ... 1.49618 1.49618 1.49618],"[2.26623326e-16 2.26623326e-16 2.26623326e-16 ... 2.26623326e-16
 2.26623326e-16 2.26623326e-16]",[    100     150     200 ...  999900  999950 1000000],[0.9 0.9 0.9 ... 0.3 0.3 0.3],"[3.39934989e-16 3.39934989e-16 3.39934989e-16 ... 1.13311663e-16
 1.13311663e-16 1.13311663e-16]",[1.49618 1.49618 1.49618 ... 1.49618 1.49618 1.49618],"[2.26623326e-16 2.26623326e-16 2.26623326e-16 ... 2.26623326e-16
 2.26623326e-16 2.26623326e-16]",[1.49618 1.49618 1.49618 ... 1.49618 1.49618 1.49618],"[2.26623326e-16 2.26623326e-16 2.26623326e-16 ... 2.26623326e-16
 2.26623326e-16 2.26623326e-16]"
F9_Levy,100,APSO,function_evaluations,1000000,,1000000,25,25,19669.36,123.7318606234196,19606,19996,1000000.0,0.0,1000000,1000000,"[15646.39463259 20773.63509547 20552.61975252 15204.00904184
 13339.46557081 11379.77520743 14901.77600263 12912.05689884
 13763.80029268 12074.8082036  13411.04344599 13116.24550552
 13416.41000961 13141.76591764 13353.06880129 14513.80730311
 11940.9971837  13417.74882978 13119.55495308 13327.87532185
 14148.69483029 13375.05382301 14414.28321151 15455.55187896
 13162.28201805]","[15646.39463259 20773.63509547 20552.61975252 15204.00904184
 13339.46557081 11379.77520743 14901.77600263 12912.05689884
 13763.80029268 12074.8082036  13411.04344599 13116.24550552
 13416.41000961 13141.76591764 13353.06880129 14513.80730311
 11940.9971837  13417.74882978 13119.55495308 13327.87532185
 14148.69483029 13375.05382301 14414.28321151 15455.55187896
 13162.28201805]",14154.508949272225,2213.0384589687105,13411.043445989275,13141.765917642013,14513.807303110967,11379.775207434013,20773.63509547029,277.35883356935926,54.212661032754994,293.61390157900314,0.0003984403589856811,0.00042967973869952237,[    1     2     3 ... 19604 19605 19606],"[34980.61924357 34806.7589881  34560.1096277  ... 14154.51002959
 14154.51000469 14154.50999171]","[ 908.06386982  832.36324338  951.76685916 ... 2213.0380898  2213.03809882
 2213.03810242]",[     50     100     150 ...  999900  999950 1000000],"[35711.92651763 34980.61924357 34806.7589881  ... 14154.50898184
 14154.50896887 14154.50894927]","[ 688.66450794  908.06386982  832.36324338 ... 2213.03845392 2213.0384575
 2213.03845897]",9.229445838928223,0.261289756198576,9.331700325012207,9.486891746520996,5.176537628173828,[0.66821695 0.60642954 0.50016956 ... 0.47683237 0.47795911 0.47768052],[0.13919825 0.1355814  0.13773323 ... 0.15771978 0.1597068  0.16069193],[2.03725263 2.07046265 2.09173892 ... 2.08938555 2.08669871 2.09055659],[0.04285093 0.05145333 0.07013468 ... 0.18878017 0.18709721 0.18980676],[1.96274737 1.92953735 1.90826108 ... 1.91061445 1.91330129 1.90944341],[0.04285093 0.05145333 0.07013468 ... 0.18878017 0.18709721 0.18980676],[   101    151    201 ... 999851 999901 999951],[0.66821695 0.60903499 0.52481187 ... 0.48572634 0.4781809  0.47375814],[0.13919825 0.13217082 0.13730791 ... 0.17515476 0.15992329 0.1535345 ],[2.03725263 2.07046265 2.09186553 ... 2.09430466 2.0944349  2.09774345],[0.04285093 0.05145333 0.07018142 ... 0.19315704 0.19443081 0.19978364],[1.96274737 1.92953735 1.90813447 ... 1.90569534 1.9055651  1.90225655],[0.04285093 0.05145333 0.07018142 ... 0.19315704 0.19443081 0.19978364]
F9_Levy,100,UAPSO,function_evaluations,1000000,,1000000,25,25,19999.0,0.0,19999,19999,1000000.0,0.0,1000000,1000000,"[17054.74415617 21327.65532725 21446.50816329 15377.28221977
 17457.7980774  20895.66193826 18810.48450535 18375.31060106
 18933.52170845 19752.58187841 19668.66089614 20742.50127057
 17101.55737791 18919.10112686 19412.77954999 20438.11254731
 19062.85445624 17977.21101582 18683.02017768 17467.41915308
 18031.10296202 18646.28553941 19698.65854897 18031.2174105
 18124.3877853 ]","[17054.74415617 21327.65532725 21446.50816329 15377.28221977
 17457.7980774  20895.66193826 18810.48450535 18375.31060106
 18933.52170845 19752.58187841 19668.66089614 20742.50127057
 17101.55737791 18919.10112686 19412.77954999 20438.11254731
 19062.85445624 17977.21101582 18683.02017768 17467.41915308
 18031.10296202 18646.28553941 19698.65854897 18031.2174105
 18124.3877853 ]",18857.456735728847,1455.7581036276533,18810.48450535216,18031.102962020366,19698.658548974432,15377.282219774599,21446.508163285722,242.42731601156032,46.87141263247345,258.56368115800433,0.0007181866402970627,0.00038353750239331373,[    1     2     3 ... 19997 19998 19999],"[35475.76060763 35153.51139506 35003.15864159 ... 18857.45673573
 18857.45673573 18857.45673573]","[ 583.03438513  846.0086501   814.52582319 ... 1455.75810363 1455.75810363
 1455.75810363]",[     50     100     150 ...  999900  999950 1000000],"[35711.92651763 35475.76060763 35153.51139506 ... 18857.45673573
 18857.45673573 18857.45673573]","[ 688.66450794  583.03438513  846.0086501  ... 1455.75810363 1455.75810363
 1455.75810363]",4.217014656066895,0.11896705528817998,4.191448211669922,4.551947593688965,3.905953369140625,[0.38947368 0.56631579 0.49263158 ... 0.45894737 0.57473684 0.41263158],[0.28383666 0.31147639 0.32261627 ... 0.29831784 0.29536274 0.34768725],[0.85333333 0.81777778 0.90666667 ... 1.06666667 0.99555556 1.04888889],[0.66258007 0.60423744 0.68168274 ... 0.58090323 0.59185139 0.61033621],[1.19111111 0.84444444 1.21777778 ... 1.06666667 1.07555556 0.80888889],[0.51271889 0.57735027 0.59876416 ... 0.6350529  0.55064496 0.6905595 ],[    100     150     200 ...  999900  999950 1000000],[0.38947368 0.56631579 0.49263158 ... 0.45894737 0.57473684 0.41263158],[0.28383666 0.31147639 0.32261627 ... 0.29831784 0.29536274 0.34768725],[0.85333333 0.81777778 0.90666667 ... 1.06666667 0.99555556 1.04888889],[0.66258007 0.60423744 0.68168274 ... 0.58090323 0.59185139 0.61033621],[1.19111111 0.84444444 1.21777778 ... 1.06666667 1.07555556 0.80888889],[0.51271889 0.57735027 0.59876416 ... 0.6350529  0.55064496 0.6905595 ]
F10_Schwefel,100,PSO,function_evaluations,1000000,,1000000,25,25,19999.0,0.0,19999,19999,1000000.0,0.0,1000000,1000000,"[2.93052661e+08 4.42201628e+07 4.21294704e+07 1.60967285e+09
 6.68752824e+08 4.18808469e+07 8.00540904e+07 1.71163930e+08
 2.44534021e+07 5.68424729e+08 1.52228589e+08 2.58596131e+08
 5.04807334e+07 2.77644075e+09 9.69687693e+08 1.91655207e+07
 9.18193009e+06 1.40653578e+09 8.89840773e+07 1.68454167e+09
 2.73975702e+09 3.57257594e+07 3.20218424e+07 4.71020324e+07
 8.89527858e+07]","[2.93052661e+08 4.42201628e+07 4.21294704e+07 1.60967285e+09
 6.68752824e+08 4.18808469e+07 8.00540904e+07 1.71163930e+08
 2.44534021e+07 5.68424729e+08 1.52228589e+08 2.58596131e+08
 5.04807334e+07 2.77644075e+09 9.69687693e+08 1.91655207e+07
 9.18193009e+06 1.40653578e+09 8.89840773e+07 1.68454167e+09
 2.73975702e+09 3.57257594e+07 3.20218424e+07 4.71020324e+07
 8.89527858e+07]",556128291.0889951,837697507.2767264,88984077.25039858,42129470.40307265,668752823.8415099,9181930.09373505,2776440753.118584,121.81747577139991,23.45008250678208,130.3553677059972,0.000261429839883931,8.113073901722509e-05,[    1     2     3 ... 19997 19998 19999],"[1.17292663e+11 7.29040674e+10 6.02416368e+10 ... 5.56128291e+08
 5.56128291e+08 5.56128291e+08]","[2.04586104e+10 1.95569455e+10 1.47691611e+10 ... 8.37697507e+08
 8.37697507e+08 8.37697507e+08]",[     50     100     150 ...  999900  999950 1000000],"[2.58525530e+11 1.17292663e+11 7.29040674e+10 ... 5.56128291e+08
 5.56128291e+08 5.56128291e+08]","[5.80685759e+10 2.04586104e+10 1.95569455e+10 ... 8.37697507e+08
 8.37697507e+08 8.37697507e+08]",2.6816767120361327,0.01418583868230069,2.679841995239258,2.709016799926758,2.3732839965820314,[0.8 0.8 0.8 ... 0.8 0.8 0.8],"[2.26623326e-16 2.26623326e-16 2.26623326e-16 ... 2.26623326e-16
 2.26623326e-16 2.26623326e-16]",[2. 2. 2. ... 2. 2. 2.],[0. 0. 0. ... 0. 0. 0.],[2. 2. 2. ... 2. 2. 2.],[0. 0. 0. ... 0. 0. 0.],[    100     150     200 ...  999900  999950 1000000],[0.8 0.8 0.8 ... 0.8 0.8 0.8],"[2.26623326e-16 2.26623326e-16 2.26623326e-16 ... 2.26623326e-16
 2.26623326e-16 2.26623326e-16]",[2. 2. 2. ... 2. 2. 2.],[0. 0. 0. ... 0. 0. 0.],[2. 2. 2. ... 2. 2. 2.],[0. 0. 0. ... 0. 0. 0.]
F10_Schwefel,100,PSOLVIW,function_evaluations,1000000,,1000000,25,25,19999.0,0.0,19999,19999,1000000.0,0.0,1000000,1000000,"[1.20128440e+09 7.93328542e+07 1.48243980e+08 2.67974440e+08
 3.17725164e+09 8.80067613e+07 1.34017884e+08 9.05433193e+07
 2.78637029e+07 5.12172360e+08 2.10699659e+08 2.38133219e+08
 5.83615638e+07 2.98014946e+09 9.51619700e+08 9.12776954e+06
 9.88487238e+07 1.55387597e+09 1.04107104e+08 5.03746901e+08
 2.44491039e+09 2.22959680e+09 1.09104807e+07 2.31632400e+09
 2.48888200e+09]","[1.20128440e+09 7.93328542e+07 1.48243980e+08 2.67974440e+08
 3.17725164e+09 8.80067613e+07 1.34017884e+08 9.05433193e+07
 2.78637029e+07 5.12172360e+08 2.10699659e+08 2.38133219e+08
 5.83615638e+07 2.98014946e+09 9.51619700e+08 9.12776954e+06
 9.88487238e+07 1.55387597e+09 1.04107104e+08 5.03746901e+08
 2.44491039e+09 2.22959680e+09 1.09104807e+07 2.31632400e+09
 2.48888200e+09]",877039403.7022661,1076146708.184836,238133218.71297213,90543319.33581649,1553875972.768291,9127769.538304918,3177251644.430301,121.21178121588018,23.162766022226556,126.44724203299847,0.0002573703590314835,3.1197411546556395e-05,[    1     2     3 ... 19997 19998 19999],"[1.17292663e+11 7.50661198e+10 6.41957660e+10 ... 8.77039404e+08
 8.77039404e+08 8.77039404e+08]","[2.04586104e+10 2.06922892e+10 1.60771432e+10 ... 1.07614671e+09
 1.07614671e+09 1.07614671e+09]",[     50     100     150 ...  999900  999950 1000000],"[2.58525530e+11 1.17292663e+11 7.50661198e+10 ... 8.77039404e+08
 8.77039404e+08 8.77039404e+08]","[5.80685759e+10 2.04586104e+10 2.06922892e+10 ... 1.07614671e+09
 1.07614671e+09 1.07614671e+09]",3.657551956176758,0.11523732114079387,3.7002124786376953,3.7673587799072266,3.343122863769531,[0.9        0.899975   0.89994999 ... 0.40005001 0.400025   0.4       ],"[3.39934989e-16 3.39934989e-16 5.66558315e-16 ... 1.13311663e-16
 0.00000000e+00 1.13311663e-16]",[2. 2. 2. ... 2. 2. 2.],[0. 0. 0. ... 0. 0. 0.],[2. 2. 2. ... 2. 2. 2.],[0. 0. 0. ... 0. 0. 0.],[    100     150     200 ...  999900  999950 1000000],[0.9        0.899975   0.89994999 ... 0.40005001 0.400025   0.4       ],"[3.39934989e-16 3.39934989e-16 5.66558315e-16 ... 1.13311663e-16
 0.00000000e+00 1.13311663e-16]",[2. 2. 2. ... 2. 2. 2.],[0. 0. 0. ... 0. 0. 0.],[2. 2. 2. ... 2. 2. 2.],[0. 0. 0. ... 0. 0. 0.]
F10_Schwefel,100,PSOTVAC,function_evaluations,1000000,,1000000,25,25,19999.0,0.0,19999,19999,1000000.0,0.0,1000000,1000000,"[  363356.91052193  2329074.76734152  8777748.43919828 12812615.80975549
   307366.49579506   380927.08064553  3812015.33267104 43481116.93975872
  2026034.72885524  1838754.44055649   121628.85929692   218144.31013736
   430900.17658233  1557892.52213357   547509.00047283   262475.62707304
 25133586.99434809   353790.98805675 17137215.89701293   356824.63188171
   404798.53720543  5076296.61567847   252549.08960022   191428.21880438
   217922.29494355]","[  363356.91052193  2329074.76734152  8777748.43919828 12812615.80975549
   307366.49579506   380927.08064553  3812015.33267104 43481116.93975872
  2026034.72885524  1838754.44055649   121628.85929692   218144.31013736
   430900.17658233  1557892.52213357   547509.00047283   262475.62707304
 25133586.99434809   353790.98805675 17137215.89701293   356824.63188171
   404798.53720543  5076296.61567847   252549.08960022   191428.21880438
   217922.29494355]",5135678.988333073,10113957.379091501,430900.17658233363,307366.49579505634,3812015.3326710365,121628.8592969187,43481116.93975872,123.44588163855923,22.90776665097024,130.15898185200058,0.00037351092061726376,0.00041382724988850265,[    1     2     3 ... 19997 19998 19999],"[1.55094517e+11 7.85446797e+10 5.73680386e+10 ... 5.13567900e+06
 5.13567900e+06 5.13567899e+06]","[3.24052149e+10 1.82562493e+10 1.51248565e+10 ... 1.01139574e+07
 1.01139574e+07 1.01139574e+07]",[     50     100     150 ...  999900  999950 1000000],"[2.58525530e+11 1.55094517e+11 7.85446797e+10 ... 5.13567900e+06
 5.13567900e+06 5.13567899e+06]","[5.80685759e+10 3.24052149e+10 1.82562493e+10 ... 1.01139574e+07
 1.01139574e+07 1.01139574e+07]",5.5859488677978515,0.6940598507312826,5.277460098266602,7.28459358215332,5.099137878417968,[0.9        0.899975   0.89994999 ... 0.40005001 0.400025   0.4       ],"[3.39934989e-16 3.39934989e-16 5.66558315e-16 ... 1.13311663e-16
 0.00000000e+00 1.13311663e-16]",[2.5        2.49989999 2.49979998 ... 0.50020002 0.50010001 0.5       ],"[0.00000000e+00 9.06493304e-16 9.06493304e-16 ... 2.26623326e-16
 2.26623326e-16 0.00000000e+00]",[0.5        0.50010001 0.50020002 ... 2.49979998 2.49989999 2.5       ],"[0.00000000e+00 1.13311663e-16 1.13311663e-16 ... 9.06493304e-16
 4.53246652e-16 0.00000000e+00]",[    100     150     200 ...  999900  999950 1000000],[0.9        0.899975   0.89994999 ... 0.40005001 0.400025   0.4       ],"[3.39934989e-16 3.39934989e-16 5.66558315e-16 ... 1.13311663e-16
 0.00000000e+00 1.13311663e-16]",[2.5        2.49989999 2.49979998 ... 0.50020002 0.50010001 0.5       ],"[0.00000000e+00 9.06493304e-16 9.06493304e-16 ... 2.26623326e-16
 2.26623326e-16 0.00000000e+00]",[0.5        0.50010001 0.50020002 ... 2.49979998 2.49989999 2.5       ],"[0.00000000e+00 1.13311663e-16 1.13311663e-16 ... 9.06493304e-16
 4.53246652e-16 0.00000000e+00]"
F10_Schwefel,100,APSOVI,function_evaluations,1000000,,1000000,25,25,19999.0,0.0,19999,19999,1000000.0,0.0,1000000,1000000,"[1.28137862e+09 1.50556449e+08 7.46769176e+08 2.26137490e+08
 7.64615622e+08 5.12349001e+07 2.20487376e+09 1.68017321e+08
 3.50455275e+08 1.56081961e+08 4.97144151e+08 7.05171851e+05
 8.40956575e+07 5.92864134e+08 1.43292465e+09 1.41855935e+09
 6.93564361e+08 5.81658174e+08 1.22068322e+08 2.51904603e+09
 1.72973187e+09 3.06566634e+08 5.86466415e+07 1.99584757e+09
 2.89238807e+09]","[1.28137862e+09 1.50556449e+08 7.46769176e+08 2.26137490e+08
 7.64615622e+08 5.12349001e+07 2.20487376e+09 1.68017321e+08
 3.50455275e+08 1.56081961e+08 4.97144151e+08 7.05171851e+05
 8.40956575e+07 5.92864134e+08 1.43292465e+09 1.41855935e+09
 6.93564361e+08 5.81658174e+08 1.22068322e+08 2.51904603e+09
 1.72973187e+09 3.06566634e+08 5.86466415e+07 1.99584757e+09
 2.89238807e+09]",841037254.3370976,854005483.132002,581658174.3415296,156081961.36093768,1418559346.0716267,705171.8512519771,2892388065.6607604,124.65651642223995,24.007624347762086,132.68305975099793,0.0002761666392325424,4.381517337257973e-05,[    1     2     3 ... 19997 19998 19999],"[1.20389730e+11 7.11281433e+10 6.22229738e+10 ... 8.41037254e+08
 8.41037254e+08 8.41037254e+08]","[2.24655247e+10 2.25397367e+10 1.83620330e+10 ... 8.54005483e+08
 8.54005483e+08 8.54005483e+08]",[     50     100     150 ...  999900  999950 1000000],"[2.58525530e+11 1.20389730e+11 7.11281433e+10 ... 8.41037254e+08
 8.41037254e+08 8.41037254e+08]","[5.80685759e+10 2.24655247e+10 2.25397367e+10 ... 8.54005483e+08
 8.54005483e+08 8.54005483e+08]",3.4449002838134763,0.1258963936469215,3.4334659576416016,3.644716262817383,3.133164367675781,[0.9 0.9 0.9 ... 0.3 0.3 0.3],"[3.39934989e-16 3.39934989e-16 3.39934989e-16 ... 1.13311663e-16
 1.13311663e-16 1.13311663e-16]",[1.49618 1.49618 1.49618 ... 1.49618 1.49618 1.49618],"[2.26623326e-16 2.26623326e-16 2.26623326e-16 ... 2.26623326e-16
 2.26623326e-16 2.26623326e-16]",[1.49618 1.49618 1.49618 ... 1.49618 1.49618 1.49618],"[2.26623326e-16 2.26623326e-16 2.26623326e-16 ... 2.26623326e-16
 2.26623326e-16 2.26623326e-16]",[    100     150     200 ...  999900  999950 1000000],[0.9 0.9 0.9 ... 0.3 0.3 0.3],"[3.39934989e-16 3.39934989e-16 3.39934989e-16 ... 1.13311663e-16
 1.13311663e-16 1.13311663e-16]",[1.49618 1.49618 1.49618 ... 1.49618 1.49618 1.49618],"[2.26623326e-16 2.26623326e-16 2.26623326e-16 ... 2.26623326e-16
 2.26623326e-16 2.26623326e-16]",[1.49618 1.49618 1.49618 ... 1.49618 1.49618 1.49618],"[2.26623326e-16 2.26623326e-16 2.26623326e-16 ... 2.26623326e-16
 2.26623326e-16 2.26623326e-16]"
F10_Schwefel,100,APSO,function_evaluations,1000000,,1000000,25,25,19607.84,0.5537749241945383,19607,19609,1000000.0,0.0,1000000,1000000,"[12923.46411472   314.25713201   316.2550876    417.26578769
   713.51721698   510.05547031 12755.14389342   388.69335057
   509.17771015   610.30467902   594.17871623   216.61337205
   605.56039661   426.71384968   681.17058275   536.04022816
  8886.37798745   628.59372591   440.55737343 10643.88831189
   308.85642243   439.89327865   350.14444007   554.71469104
  1097.57309169]","[12923.46411472   314.25713201   316.2550876    417.26578769
   713.51721698   510.05547031 12755.14389342   388.69335057
   509.17771015   610.30467902   594.17871623   216.61337205
   605.56039661   426.71384968   681.17058275   536.04022816
  8886.37798745   628.59372591   440.55737343 10643.88831189
   308.85642243   439.89327865   350.14444007   554.71469104
  1097.57309169]",2234.7604364196063,4099.054710029646,536.0402281606569,417.2657876891051,681.1705827472601,216.61337204809342,12923.464114716428,167.90478836048015,34.15953427689587,178.79208890099835,0.0003141074805171229,5.769639377640218e-05,[    1     2     3 ... 19605 19606 19607],"[1.20266709e+11 6.86834833e+10 5.59964820e+10 ... 2.23498891e+03
 2.23498215e+03 2.23498161e+03]","[2.23871383e+10 1.40698513e+10 1.35606614e+10 ... 4.09948893e+03
 4.09947859e+03 4.09947878e+03]",[     50     100     150 ...  999900  999950 1000000],"[2.58525530e+11 1.20266709e+11 6.86834833e+10 ... 2.23498215e+03
 2.23487838e+03 2.23476044e+03]","[5.80685759e+10 2.23871383e+10 1.40698513e+10 ... 4.09947875e+03
 4.09930600e+03 4.09905471e+03]",9.643096885681153,0.06207055815645238,9.653325080871582,9.803849220275879,5.5847334289550785,[0.62903141 0.65721185 0.73369988 ... 0.40013845 0.40015111 0.40005402],"[1.28295550e-01 1.24746756e-01 7.38079576e-02 ... 5.61681551e-04
 4.77995857e-04 9.56336209e-05]",[2.04487925 2.06628817 2.11171582 ... 2.         2.         2.        ],"[2.84560688e-02 4.87123141e-02 7.49943807e-02 ... 4.07921987e-15
 4.07921987e-15 4.07921987e-15]",[1.95512075 1.93371183 1.88828418 ... 2.         2.         2.        ],"[2.84560688e-02 4.87123141e-02 7.49943807e-02 ... 4.07921987e-15
 4.07921987e-15 4.07921987e-15]",[   101    151    201 ... 999901 999951 999953],[0.62903141 0.65251709 0.7222154  ... 0.40025971 0.40003901 0.40004099],"[1.28295550e-01 1.30291689e-01 7.62694798e-02 ... 7.17371671e-04
 5.85038210e-05 5.80263967e-05]",[2.04487925 2.06628817 2.11388385 ... 2.         2.         2.        ],"[2.84560688e-02 4.87123141e-02 7.06559669e-02 ... 4.07921987e-15
 4.07921987e-15 4.07921987e-15]",[1.95512075 1.93371183 1.88611615 ... 2.         2.         2.        ],"[2.84560688e-02 4.87123141e-02 7.06559669e-02 ... 4.07921987e-15
 4.07921987e-15 4.07921987e-15]"
F10_Schwefel,100,UAPSO,function_evaluations,1000000,,1000000,25,25,19999.0,0.0,19999,19999,1000000.0,0.0,1000000,1000000,"[1.05583796e+08 6.23933733e+08 4.20166019e+08 3.23294651e+09
 9.18682704e+08 2.98737275e+09 2.07882423e+09 2.05785985e+10
 3.97996728e+08 7.41632470e+08 3.51600906e+09 9.19992504e+08
 1.33108544e+09 2.33126336e+09 1.01039343e+09 1.96503634e+09
 7.42618364e+08 4.32393032e+08 4.59224113e+08 5.99916181e+09
 3.18952635e+08 2.39993153e+09 1.03356737e+10 6.34455679e+07
 1.57531074e+09]","[1.05583796e+08 6.23933733e+08 4.20166019e+08 3.23294651e+09
 9.18682704e+08 2.98737275e+09 2.07882423e+09 2.05785985e+10
 3.97996728e+08 7.41632470e+08 3.51600906e+09 9.19992504e+08
 1.33108544e+09 2.33126336e+09 1.01039343e+09 1.96503634e+09
 7.42618364e+08 4.32393032e+08 4.59224113e+08 5.99916181e+09
 3.18952635e+08 2.39993153e+09 1.03356737e+10 6.34455679e+07
 1.57531074e+09]",2619449165.693817,4354968911.856722,1010393430.5431482,459224112.5614742,2399931530.0889354,63445567.90218515,20578598531.533535,125.52257086847996,25.033611868766346,131.0070511820013,0.00039193156000692396,7.129571178958389e-05,[    1     2     3 ... 19997 19998 19999],"[1.38785588e+11 8.07441947e+10 5.79780494e+10 ... 2.61944917e+09
 2.61944917e+09 2.61944917e+09]","[3.46648480e+10 2.63667922e+10 1.50265911e+10 ... 4.35496891e+09
 4.35496891e+09 4.35496891e+09]",[     50     100     150 ...  999900  999950 1000000],"[2.58525530e+11 1.38785588e+11 8.07441947e+10 ... 2.61944917e+09
 2.61944917e+09 2.61944917e+09]","[5.80685759e+10 3.46648480e+10 2.63667922e+10 ... 4.35496891e+09
 4.35496891e+09 4.35496891e+09]",4.172372169494629,0.10791740832677757,4.1416521072387695,4.63438606262207,3.8616808700561522,[0.38947368 0.56631579 0.49263158 ... 0.46105263 0.57263158 0.41263158],[0.28383666 0.31147639 0.32261627 ... 0.29667284 0.29512819 0.34768725],[0.85333333 0.81777778 0.90666667 ... 1.05777778 0.98666667 1.04888889],[0.66258007 0.60423744 0.68168274 ... 0.59587056 0.6020541  0.61033621],[1.19111111 0.85333333 1.21777778 ... 1.06666667 1.07555556 0.80888889],[0.51271889 0.56902198 0.59876416 ... 0.6350529  0.55064496 0.6905595 ],[    100     150     200 ...  999900  999950 1000000],[0.38947368 0.56631579 0.49263158 ... 0.46105263 0.57263158 0.41263158],[0.28383666 0.31147639 0.32261627 ... 0.29667284 0.29512819 0.34768725],[0.85333333 0.81777778 0.90666667 ... 1.05777778 0.98666667 1.04888889],[0.66258007 0.60423744 0.68168274 ... 0.59587056 0.6020541  0.61033621],[1.19111111 0.85333333 1.21777778 ... 1.06666667 1.07555556 0.80888889],[0.51271889 0.56902198 0.59876416 ... 0.6350529  0.55064496 0.6905595 ]
F11_Hybrid1,100,PSO,function_evaluations,1000000,,1000000,25,25,19999.0,0.0,19999,19999,1000000.0,0.0,1000000,1000000,"[3.05295702e+10 1.00362487e+10 6.64724374e+09 9.99092871e+09
 1.43267356e+10 3.46332988e+09 2.15771445e+10 7.06344048e+09
 1.12606203e+10 1.58714487e+10 1.01449149e+10 4.47035793e+09
 1.74706383e+10 5.70650487e+09 7.12840051e+09 1.57421808e+10
 1.86420278e+10 1.80391351e+10 3.02814038e+10 8.03292120e+09
 1.51006411e+10 1.01762244e+10 2.28914703e+10 8.06389553e+09
 1.46103396e+10]","[3.05295702e+10 1.00362487e+10 6.64724374e+09 9.99092871e+09
 1.43267356e+10 3.46332988e+09 2.15771445e+10 7.06344048e+09
 1.12606203e+10 1.58714487e+10 1.01449149e+10 4.47035793e+09
 1.74706383e+10 5.70650487e+09 7.12840051e+09 1.57421808e+10
 1.86420278e+10 1.80391351e+10 3.02814038e+10 8.03292120e+09
 1.51006411e+10 1.01762244e+10 2.28914703e+10 8.06389553e+09
 1.46103396e+10]",13490710671.021809,7320246287.773792,11260620296.60463,8032921203.845037,17470638271.137077,3463329878.6189847,30529570163.85137,272.23649431696043,51.461909664484004,287.5047563800035,0.0002666115193278529,3.791723641441693e-05,[    1     2     3 ... 19997 19998 19999],"[2.62359173e+11 2.14865309e+11 1.89876770e+11 ... 1.34907107e+10
 1.34907107e+10 1.34907107e+10]","[2.98989522e+10 2.70593924e+10 2.62156206e+10 ... 7.32024629e+09
 7.32024629e+09 7.32024629e+09]",[     50     100     150 ...  999900  999950 1000000],"[3.71302119e+11 2.62359173e+11 2.14865309e+11 ... 1.34907107e+10
 1.34907107e+10 1.34907107e+10]","[3.21994989e+10 2.98989522e+10 2.70593924e+10 ... 7.32024629e+09
 7.32024629e+09 7.32024629e+09]",2.6879740142822266,0.016279814201486505,2.6897144317626953,2.713350296020508,2.379688720703125,[0.8 0.8 0.8 ... 0.8 0.8 0.8],"[2.26623326e-16 2.26623326e-16 2.26623326e-16 ... 2.26623326e-16
 2.26623326e-16 2.26623326e-16]",[2. 2. 2. ... 2. 2. 2.],[0. 0. 0. ... 0. 0. 0.],[2. 2. 2. ... 2. 2. 2.],[0. 0. 0. ... 0. 0. 0.],[    100     150     200 ...  999900  999950 1000000],[0.8 0.8 0.8 ... 0.8 0.8 0.8],"[2.26623326e-16 2.26623326e-16 2.26623326e-16 ... 2.26623326e-16
 2.26623326e-16 2.26623326e-16]",[2. 2. 2. ... 2. 2. 2.],[0. 0. 0. ... 0. 0. 0.],[2. 2. 2. ... 2. 2. 2.],[0. 0. 0. ... 0. 0. 0.]
F11_Hybrid1,100,PSOLVIW,function_evaluations,1000000,,1000000,25,25,19999.0,0.0,19999,19999,1000000.0,0.0,1000000,1000000,"[1.49659623e+10 3.04732516e+09 1.44088820e+10 1.08956941e+10
 1.68221622e+10 1.42475377e+10 1.82162143e+10 1.12806497e+10
 7.28157969e+09 1.47630260e+10 1.58447559e+10 8.46974239e+09
 2.40175739e+10 2.08492898e+09 4.91950347e+09 7.09917191e+09
 8.58803447e+09 1.21591940e+10 2.60426118e+10 4.74737466e+09
 2.25708876e+10 2.28914041e+10 2.33426976e+10 7.58026640e+09
 1.38187656e+10]","[1.49659623e+10 3.04732516e+09 1.44088820e+10 1.08956941e+10
 1.68221622e+10 1.42475377e+10 1.82162143e+10 1.12806497e+10
 7.28157969e+09 1.47630260e+10 1.58447559e+10 8.46974239e+09
 2.40175739e+10 2.08492898e+09 4.91950347e+09 7.09917191e+09
 8.58803447e+09 1.21591940e+10 2.60426118e+10 4.74737466e+09
 2.25708876e+10 2.28914041e+10 2.33426976e+10 7.58026640e+09
 1.38187656e+10]",13204237843.663628,6905706144.563675,13818765610.10241,7580266396.387743,16822162234.13888,2084928981.8711934,26042611767.889023,273.54433594992037,53.160756495318424,289.88782278200233,0.00026906527957180513,0.0001110715681383495,[    1     2     3 ... 19997 19998 19999],"[2.62359173e+11 2.16741535e+11 1.93716070e+11 ... 1.32042379e+10
 1.32042379e+10 1.32042378e+10]","[2.98989522e+10 2.65460104e+10 2.57380900e+10 ... 6.90570615e+09
 6.90570615e+09 6.90570614e+09]",[     50     100     150 ...  999900  999950 1000000],"[3.71302119e+11 2.62359173e+11 2.16741535e+11 ... 1.32042379e+10
 1.32042379e+10 1.32042378e+10]","[3.21994989e+10 2.98989522e+10 2.65460104e+10 ... 6.90570615e+09
 6.90570615e+09 6.90570614e+09]",3.7349329376220703,0.10384864168737327,3.7405338287353516,3.889719009399414,3.41731201171875,[0.9        0.899975   0.89994999 ... 0.40005001 0.400025   0.4       ],"[3.39934989e-16 3.39934989e-16 5.66558315e-16 ... 1.13311663e-16
 0.00000000e+00 1.13311663e-16]",[2. 2. 2. ... 2. 2. 2.],[0. 0. 0. ... 0. 0. 0.],[2. 2. 2. ... 2. 2. 2.],[0. 0. 0. ... 0. 0. 0.],[    100     150     200 ...  999900  999950 1000000],[0.9        0.899975   0.89994999 ... 0.40005001 0.400025   0.4       ],"[3.39934989e-16 3.39934989e-16 5.66558315e-16 ... 1.13311663e-16
 0.00000000e+00 1.13311663e-16]",[2. 2. 2. ... 2. 2. 2.],[0. 0. 0. ... 0. 0. 0.],[2. 2. 2. ... 2. 2. 2.],[0. 0. 0. ... 0. 0. 0.]
F11_Hybrid1,100,PSOTVAC,function_evaluations,1000000,,1000000,25,25,19999.0,0.0,19999,19999,1000000.0,0.0,1000000,1000000,"[8.19141857e+07 7.77514494e+09 3.65732615e+09 1.15749393e+09
 7.25839069e+08 3.31953042e+09 1.73334125e+08 2.54028742e+07
 4.65676881e+08 5.65951071e+08 7.59368733e+08 1.40517231e+08
 1.08032475e+09 6.15251584e+07 8.67942889e+06 1.12034491e+08
 1.04882741e+09 1.80454536e+09 1.24059909e+06 1.70203690e+08
 5.95737591e+09 1.24685474e+08 1.12500260e+09 1.23055495e+09
 2.47485578e+06]","[8.19141857e+07 7.77514494e+09 3.65732615e+09 1.15749393e+09
 7.25839069e+08 3.31953042e+09 1.73334125e+08 2.54028742e+07
 4.65676881e+08 5.65951071e+08 7.59368733e+08 1.40517231e+08
 1.08032475e+09 6.15251584e+07 8.67942889e+06 1.12034491e+08
 1.04882741e+09 1.80454536e+09 1.24059909e+06 1.70203690e+08
 5.95737591e+09 1.24685474e+08 1.12500260e+09 1.23055495e+09
 2.47485578e+06]",1262998971.7208304,1956413554.965491,565951071.2330103,112034490.99852324,1157493932.6710663,1240599.089532131,7775144935.199456,289.7968667159596,58.91497231537958,308.36527610499616,0.000667117319535464,0.001414718526567081,[    1     2     3 ... 19997 19998 19999],"[2.98929354e+11 2.24226272e+11 1.88766643e+11 ... 1.26299897e+09
 1.26299897e+09 1.26299897e+09]","[2.64377995e+10 3.11260295e+10 2.64698869e+10 ... 1.95641355e+09
 1.95641355e+09 1.95641355e+09]",[     50     100     150 ...  999900  999950 1000000],"[3.71302119e+11 2.98929354e+11 2.24226272e+11 ... 1.26299897e+09
 1.26299897e+09 1.26299897e+09]","[3.21994989e+10 2.64377995e+10 3.11260295e+10 ... 1.95641355e+09
 1.95641355e+09 1.95641355e+09]",6.591674270629883,0.7546010748080825,6.574014663696289,7.902368545532227,5.9296875,[0.9        0.899975   0.89994999 ... 0.40005001 0.400025   0.4       ],"[3.39934989e-16 3.39934989e-16 5.66558315e-16 ... 1.13311663e-16
 0.00000000e+00 1.13311663e-16]",[2.5        2.49989999 2.49979998 ... 0.50020002 0.50010001 0.5       ],"[0.00000000e+00 9.06493304e-16 9.06493304e-16 ... 2.26623326e-16
 2.26623326e-16 0.00000000e+00]",[0.5        0.50010001 0.50020002 ... 2.49979998 2.49989999 2.5       ],"[0.00000000e+00 1.13311663e-16 1.13311663e-16 ... 9.06493304e-16
 4.53246652e-16 0.00000000e+00]",[    100     150     200 ...  999900  999950 1000000],[0.9        0.899975   0.89994999 ... 0.40005001 0.400025   0.4       ],"[3.39934989e-16 3.39934989e-16 5.66558315e-16 ... 1.13311663e-16
 0.00000000e+00 1.13311663e-16]",[2.5        2.49989999 2.49979998 ... 0.50020002 0.50010001 0.5       ],"[0.00000000e+00 9.06493304e-16 9.06493304e-16 ... 2.26623326e-16
 2.26623326e-16 0.00000000e+00]",[0.5        0.50010001 0.50020002 ... 2.49979998 2.49989999 2.5       ],"[0.00000000e+00 1.13311663e-16 1.13311663e-16 ... 9.06493304e-16
 4.53246652e-16 0.00000000e+00]"
F11_Hybrid1,100,APSOVI,function_evaluations,1000000,,1000000,25,25,19999.0,0.0,19999,19999,1000000.0,0.0,1000000,1000000,"[5.22137908e+10 9.88545001e+09 2.07628827e+10 1.41852215e+10
 1.07490198e+10 3.31297837e+10 3.26103519e+10 1.17030087e+09
 2.10455532e+10 1.50975204e+10 1.02253473e+10 1.77490363e+10
 9.27850318e+09 3.14285072e+09 2.57390337e+10 1.52831094e+10
 2.62600661e+10 2.81706574e+10 2.63741223e+10 9.28855062e+09
 1.11092557e+10 3.64297808e+09 1.33116727e+10 1.03354143e+10
 1.17568569e+10]","[5.22137908e+10 9.88545001e+09 2.07628827e+10 1.41852215e+10
 1.07490198e+10 3.31297837e+10 3.26103519e+10 1.17030087e+09
 2.10455532e+10 1.50975204e+10 1.02253473e+10 1.77490363e+10
 9.27850318e+09 3.14285072e+09 2.57390337e+10 1.52831094e+10
 2.62600661e+10 2.81706574e+10 2.63741223e+10 9.28855062e+09
 1.11092557e+10 3.64297808e+09 1.33116727e+10 1.03354143e+10
 1.17568569e+10]",17300693182.454056,11470714964.439537,14185221488.591967,10225347304.214508,25739033667.60351,1170300874.2099395,52213790773.05946,285.1970191979999,56.088148671090764,302.03057515700493,0.0003338070010067895,0.00018101242951934455,[    1     2     3 ... 19997 19998 19999],"[2.66596428e+11 2.16455925e+11 1.97941000e+11 ... 1.73006932e+10
 1.73006932e+10 1.73006932e+10]","[2.83043287e+10 2.92872520e+10 2.82740599e+10 ... 1.14707150e+10
 1.14707150e+10 1.14707150e+10]",[     50     100     150 ...  999900  999950 1000000],"[3.71302119e+11 2.66596428e+11 2.16455925e+11 ... 1.73006932e+10
 1.73006932e+10 1.73006932e+10]","[3.21994989e+10 2.83043287e+10 2.92872520e+10 ... 1.14707150e+10
 1.14707150e+10 1.14707150e+10]",3.430574417114258,0.12051472955816986,3.3909473419189453,3.6231937408447266,3.1188909912109377,[0.9 0.9 0.9 ... 0.3 0.3 0.3],"[3.39934989e-16 3.39934989e-16 3.39934989e-16 ... 1.13311663e-16
 1.13311663e-16 1.13311663e-16]",[1.49618 1.49618 1.49618 ... 1.49618 1.49618 1.49618],"[2.26623326e-16 2.26623326e-16 2.26623326e-16 ... 2.26623326e-16
 2.26623326e-16 2.26623326e-16]",[1.49618 1.49618 1.49618 ... 1.49618 1.49618 1.49618],"[2.26623326e-16 2.26623326e-16 2.26623326e-16 ... 2.26623326e-16
 2.26623326e-16 2.26623326e-16]",[    100     150     200 ...  999900  999950 1000000],[0.9 0.9 0.9 ... 0.3 0.3 0.3],"[3.39934989e-16 3.39934989e-16 3.39934989e-16 ... 1.13311663e-16
 1.13311663e-16 1.13311663e-16]",[1.49618 1.49618 1.49618 ... 1.49618 1.49618 1.49618],"[2.26623326e-16 2.26623326e-16 2.26623326e-16 ... 2.26623326e-16
 2.26623326e-16 2.26623326e-16]",[1.49618 1.49618 1.49618 ... 1.49618 1.49618 1.49618],"[2.26623326e-16 2.26623326e-16 2.26623326e-16 ... 2.26623326e-16
 2.26623326e-16 2.26623326e-16]"
F11_Hybrid1,100,APSO,function_evaluations,1000000,,1000000,25,25,19607.76,0.4358898943540674,19607,19608,1000000.0,0.0,1000000,1000000,"[127391.15445781 144452.83053789 207126.46212476 103783.53171703
 303057.56098443  60230.36689747 102084.66656522 185585.5892657
  98898.5605917  207076.69466411 301889.51914192 306084.67434945
  99943.42123927 151197.15270742 467528.954986    82827.5078136
 238184.81715108 306254.42026671 136091.36745559  57848.69775541
 123616.25209086 155181.09211675 242670.94154886 415826.08069084
 151593.97587574]","[127391.15445781 144452.83053789 207126.46212476 103783.53171703
 303057.56098443  60230.36689747 102084.66656522 185585.5892657
  98898.5605917  207076.69466411 301889.51914192 306084.67434945
  99943.42123927 151197.15270742 467528.954986    82827.5078136
 238184.81715108 306254.42026671 136091.36745559  57848.69775541
 123616.25209086 155181.09211675 242670.94154886 415826.08069084
 151593.97587574]",191057.0517198241,108175.54254920752,151593.97587574067,103783.53171702845,242670.94154885563,57848.697755406814,467528.9549859993,315.3828170080786,58.15089460684308,339.12421057799656,0.00035161011968739333,0.00020247931497005789,[    1     2     3 ... 19605 19606 19607],"[2.67670440e+11 2.08933238e+11 1.85064862e+11 ... 1.91131391e+05
 1.91128515e+05 1.91094687e+05]","[2.56655756e+10 2.15236891e+10 2.21830317e+10 ... 1.08189831e+05
 1.08191551e+05 1.08181537e+05]",[     50     100     150 ...  999900  999950 1000000],"[3.71302119e+11 2.67670440e+11 2.08933238e+11 ... 1.91107662e+05
 1.91077496e+05 1.91057052e+05]","[3.21994989e+10 2.56655756e+10 2.15236891e+10 ... 1.08185084e+05
 1.08175788e+05 1.08175543e+05]",9.678992538452148,0.019676703310730674,9.678764343261719,9.713326454162598,5.61563404083252,[0.66273124 0.69296853 0.74859297 ... 0.40069699 0.40056562 0.40092204],[0.11691802 0.12381938 0.0855735  ... 0.00106825 0.00071306 0.00121836],[2.04205843 2.07475243 2.10610764 ... 2.         2.         2.        ],"[3.33373248e-02 6.09923846e-02 9.56492654e-02 ... 1.95474935e-15
 1.95474935e-15 1.95474935e-15]",[1.95794157 1.92524757 1.89389236 ... 2.         2.         2.        ],"[3.33373248e-02 6.09923846e-02 9.56492654e-02 ... 1.81298661e-15
 1.81298661e-15 1.81298661e-15]",[   101    151    201 ... 999851 999901 999950],[0.66273124 0.68571405 0.7367633  ... 0.40063115 0.40071266 0.40075931],[0.11691802 0.1348421  0.10992434 ... 0.00094898 0.00091622 0.00118275],[2.04205843 2.07475243 2.10501361 ... 2.         2.         2.        ],"[3.33373248e-02 6.09923846e-02 9.67555334e-02 ... 1.95474935e-15
 1.95474935e-15 1.95474935e-15]",[1.95794157 1.92524757 1.89498639 ... 2.         2.         2.        ],"[3.33373248e-02 6.09923846e-02 9.67555334e-02 ... 1.81298661e-15
 1.81298661e-15 1.81298661e-15]"
F11_Hybrid1,100,UAPSO,function_evaluations,1000000,,1000000,25,25,19999.0,0.0,19999,19999,1000000.0,0.0,1000000,1000000,"[8.40751388e+09 1.36332419e+10 3.79325957e+10 3.53882573e+10
 2.94687020e+10 6.96284023e+10 5.86680441e+10 8.42221379e+10
 4.18358421e+10 2.73773085e+10 7.62601166e+10 9.97602389e+09
 5.10371818e+10 1.16387651e+10 3.39897751e+10 1.97748581e+10
 1.09873708e+10 2.16571087e+10 1.20075549e+10 7.43351281e+10
 6.54201735e+09 3.75236092e+10 1.06359764e+11 1.08120626e+10
 1.79191547e+10]","[8.40751388e+09 1.36332419e+10 3.79325957e+10 3.53882573e+10
 2.94687020e+10 6.96284023e+10 5.86680441e+10 8.42221379e+10
 4.18358421e+10 2.73773085e+10 7.62601166e+10 9.97602389e+09
 5.10371818e+10 1.16387651e+10 3.39897751e+10 1.97748581e+10
 1.09873708e+10 2.16571087e+10 1.20075549e+10 7.43351281e+10
 6.54201735e+09 3.75236092e+10 1.06359764e+11 1.08120626e+10
 1.79191547e+10]",36295301482.54592,27709965635.095028,29468702001.132557,12007554866.788033,51037181834.95497,6542017346.661329,106359764309.75282,281.4278634952003,53.787705881397294,300.26784539000073,0.0006483220006339252,0.00030530300063474,[    1     2     3 ... 19997 19998 19999],"[2.79243553e+11 2.22820763e+11 1.97370176e+11 ... 3.62953015e+10
 3.62953015e+10 3.62953015e+10]","[3.27891190e+10 3.27808389e+10 3.28540170e+10 ... 2.77099656e+10
 2.77099656e+10 2.77099656e+10]",[     50     100     150 ...  999900  999950 1000000],"[3.71302119e+11 2.79243553e+11 2.22820763e+11 ... 3.62953015e+10
 3.62953015e+10 3.62953015e+10]","[3.21994989e+10 3.27891190e+10 3.27808389e+10 ... 2.77099656e+10
 2.77099656e+10 2.77099656e+10]",4.169326400756836,0.09978264755031402,4.140749931335449,4.50660514831543,3.859329833984375,[0.38947368 0.56631579 0.49263158 ... 0.45894737 0.57473684 0.41473684],[0.28383666 0.31147639 0.32261627 ... 0.29831784 0.29536274 0.34623686],[0.85333333 0.81777778 0.90666667 ... 1.05777778 0.99555556 1.04888889],[0.66258007 0.60423744 0.68168274 ... 0.5783473  0.59185139 0.61033621],[1.19111111 0.85333333 1.21777778 ... 1.06666667 1.07555556 0.80888889],[0.51271889 0.56902198 0.59876416 ... 0.6350529  0.55064496 0.6905595 ],[    100     150     200 ...  999900  999950 1000000],[0.38947368 0.56631579 0.49263158 ... 0.45894737 0.57473684 0.41473684],[0.28383666 0.31147639 0.32261627 ... 0.29831784 0.29536274 0.34623686],[0.85333333 0.81777778 0.90666667 ... 1.05777778 0.99555556 1.04888889],[0.66258007 0.60423744 0.68168274 ... 0.5783473  0.59185139 0.61033621],[1.19111111 0.85333333 1.21777778 ... 1.06666667 1.07555556 0.80888889],[0.51271889 0.56902198 0.59876416 ... 0.6350529  0.55064496 0.6905595 ]
F21_Composition1,100,PSO,function_evaluations,1000000,,1000000,25,25,19999.0,0.0,19999,19999,1000000.0,0.0,1000000,1000000,"[1242.08395339 1219.94343132 1035.70832015 1317.65685505 1566.51003654
 1169.86322783 1172.29330785 1353.91555191 1188.62580278 1353.21838736
 1200.11256528 1501.72696265  936.10678402 1041.83576725 1256.16335972
 2624.19591987  806.0556347   816.86915628 1752.88768372 1388.29835998
 1224.80647619 1026.72080918 1342.5477864  1349.00374551 1138.92355724]","[1242.08395339 1219.94343132 1035.70832015 1317.65685505 1566.51003654
 1169.86322783 1172.29330785 1353.91555191 1188.62580278 1353.21838736
 1200.11256528 1501.72696265  936.10678402 1041.83576725 1256.16335972
 2624.19591987  806.0556347   816.86915628 1752.88768372 1388.29835998
 1224.80647619 1026.72080918 1342.5477864  1349.00374551 1138.92355724]",1281.0429376875409,353.512398408716,1224.8064761949618,1138.9235572376147,1353.2183873637287,806.0556346953763,2624.1959198693276,468.24023957447935,86.25130356744945,498.60710464399745,0.0003218241184367798,8.166602241338034e-05,[    1     2     3 ... 19997 19998 19999],"[30320.74039269 27639.58808285 26257.59652771 ...  1281.04293769
  1281.04293769  1281.04293769]","[2319.44719369 3418.46206443 3739.63814208 ...  353.51239841  353.51239841
  353.51239841]",[     50     100     150 ...  999900  999950 1000000],"[34536.71066751 30320.74039269 27639.58808285 ...  1281.04293769
  1281.04293769  1281.04293769]","[1166.60263799 2319.44719369 3418.46206443 ...  353.51239841  353.51239841
  353.51239841]",2.668539810180664,0.010854606502690049,2.6664066314697266,2.6962833404541016,2.3603399658203124,[0.8 0.8 0.8 ... 0.8 0.8 0.8],"[2.26623326e-16 2.26623326e-16 2.26623326e-16 ... 2.26623326e-16
 2.26623326e-16 2.26623326e-16]",[2. 2. 2. ... 2. 2. 2.],[0. 0. 0. ... 0. 0. 0.],[2. 2. 2. ... 2. 2. 2.],[0. 0. 0. ... 0. 0. 0.],[    100     150     200 ...  999900  999950 1000000],[0.8 0.8 0.8 ... 0.8 0.8 0.8],"[2.26623326e-16 2.26623326e-16 2.26623326e-16 ... 2.26623326e-16
 2.26623326e-16 2.26623326e-16]",[2. 2. 2. ... 2. 2. 2.],[0. 0. 0. ... 0. 0. 0.],[2. 2. 2. ... 2. 2. 2.],[0. 0. 0. ... 0. 0. 0.]
F21_Composition1,100,PSOLVIW,function_evaluations,1000000,,1000000,25,25,19999.0,0.0,19999,19999,1000000.0,0.0,1000000,1000000,"[1344.83200171  944.25563751  978.39987529 1498.71318849 1672.98737594
 1056.64471403 1592.29059917 1608.60161246 1061.29463813 1556.58751812
 1279.48864083 1418.51488424 1055.18180706 1152.3852565  1263.47759831
 1758.14711399 2028.78872661 1440.27418688 1409.43197236  914.65841075
 2103.09782824 1120.77029874 2416.22595587  963.46688265 1020.48371694]","[1344.83200171  944.25563751  978.39987529 1498.71318849 1672.98737594
 1056.64471403 1592.29059917 1608.60161246 1061.29463813 1556.58751812
 1279.48864083 1418.51488424 1055.18180706 1152.3852565  1263.47759831
 1758.14711399 2028.78872661 1440.27418688 1409.43197236  914.65841075
 2103.09782824 1120.77029874 2416.22595587  963.46688265 1020.48371694]",1386.3600176327448,393.6996528971702,1344.83200170924,1056.6447140296204,1592.2905991681127,914.658410752545,2416.225955866217,470.65190474748,95.70385350027144,500.1016774730015,0.0003201117194839753,2.9855467576978327e-05,[    1     2     3 ... 19997 19998 19999],"[30320.74039269 27577.72137215 26299.32159638 ...  1386.36001763
  1386.36001763  1386.36001763]","[2319.44719369 3419.88947107 3760.2258125  ...  393.6996529   393.6996529
  393.6996529 ]",[     50     100     150 ...  999900  999950 1000000],"[34536.71066751 30320.74039269 27577.72137215 ...  1386.36001763
  1386.36001763  1386.36001763]","[1166.60263799 2319.44719369 3419.88947107 ...  393.6996529   393.6996529
  393.6996529 ]",3.3139102935791014,0.029279134432161992,3.3134708404541016,3.3819828033447266,3.003598327636719,[0.9        0.899975   0.89994999 ... 0.40005001 0.400025   0.4       ],"[3.39934989e-16 3.39934989e-16 5.66558315e-16 ... 1.13311663e-16
 0.00000000e+00 1.13311663e-16]",[2. 2. 2. ... 2. 2. 2.],[0. 0. 0. ... 0. 0. 0.],[2. 2. 2. ... 2. 2. 2.],[0. 0. 0. ... 0. 0. 0.],[    100     150     200 ...  999900  999950 1000000],[0.9        0.899975   0.89994999 ... 0.40005001 0.400025   0.4       ],"[3.39934989e-16 3.39934989e-16 5.66558315e-16 ... 1.13311663e-16
 0.00000000e+00 1.13311663e-16]",[2. 2. 2. ... 2. 2. 2.],[0. 0. 0. ... 0. 0. 0.],[2. 2. 2. ... 2. 2. 2.],[0. 0. 0. ... 0. 0. 0.]
F21_Composition1,100,PSOTVAC,function_evaluations,1000000,,1000000,25,25,19999.0,0.0,19999,19999,1000000.0,0.0,1000000,1000000,"[ 685.49592787  648.75787722 1084.0083474   691.15282866  703.24914575
  763.22897808  759.20979136  752.05717724 1095.98530531  838.20307266
 1221.47336146  781.87900779 1118.34569658 1004.96312309  643.3673362
  562.90856937  758.24511994  429.15158259  635.64497028  506.79133725
 1008.79218095  587.84775855  849.4528163  1148.14939301  846.73364272]","[ 685.49592787  648.75787722 1084.0083474   691.15282866  703.24914575
  763.22897808  759.20979136  752.05717724 1095.98530531  838.20307266
 1221.47336146  781.87900779 1118.34569658 1004.96312309  643.3673362
  562.90856937  758.24511994  429.15158259  635.64497028  506.79133725
 1008.79218095  587.84775855  849.4528163  1148.14939301  846.73364272]",805.0037739049637,214.12362837547704,759.2097913577945,648.7578772166889,1004.9631230944042,429.1515825850911,1221.4733614570705,459.9822304551196,92.71543189846199,493.2008300719972,0.0004255405199364759,0.00026940909970805396,[    1     2     3 ... 19997 19998 19999],"[32054.52997636 28493.17463771 26805.07620972 ...   805.0037739
   805.0037739    805.0037739 ]","[1811.4810844  2799.09408175 3665.09198647 ...  214.12362838  214.12362838
  214.12362838]",[     50     100     150 ...  999900  999950 1000000],"[34536.71066751 32054.52997636 28493.17463771 ...   805.0037739
   805.0037739    805.0037739 ]","[1166.60263799 1811.4810844  2799.09408175 ...  214.12362838  214.12362838
  214.12362838]",4.291595840454102,0.12773453625598113,4.25761604309082,4.696161270141602,3.980037841796875,[0.9        0.899975   0.89994999 ... 0.40005001 0.400025   0.4       ],"[3.39934989e-16 3.39934989e-16 5.66558315e-16 ... 1.13311663e-16
 0.00000000e+00 1.13311663e-16]",[2.5        2.49989999 2.49979998 ... 0.50020002 0.50010001 0.5       ],"[0.00000000e+00 9.06493304e-16 9.06493304e-16 ... 2.26623326e-16
 2.26623326e-16 0.00000000e+00]",[0.5        0.50010001 0.50020002 ... 2.49979998 2.49989999 2.5       ],"[0.00000000e+00 1.13311663e-16 1.13311663e-16 ... 9.06493304e-16
 4.53246652e-16 0.00000000e+00]",[    100     150     200 ...  999900  999950 1000000],[0.9        0.899975   0.89994999 ... 0.40005001 0.400025   0.4       ],"[3.39934989e-16 3.39934989e-16 5.66558315e-16 ... 1.13311663e-16
 0.00000000e+00 1.13311663e-16]",[2.5        2.49989999 2.49979998 ... 0.50020002 0.50010001 0.5       ],"[0.00000000e+00 9.06493304e-16 9.06493304e-16 ... 2.26623326e-16
 2.26623326e-16 0.00000000e+00]",[0.5        0.50010001 0.50020002 ... 2.49979998 2.49989999 2.5       ],"[0.00000000e+00 1.13311663e-16 1.13311663e-16 ... 9.06493304e-16
 4.53246652e-16 0.00000000e+00]"
F21_Composition1,100,APSOVI,function_evaluations,1000000,,1000000,25,25,19999.0,0.0,19999,19999,1000000.0,0.0,1000000,1000000,"[1379.67874594 1332.47348876 1828.4112882  1453.72128611 2025.89281563
 1987.87523627 1541.75200574 1406.79808337 1571.82550769 1308.00550403
 1787.69770047 1929.15381221 1402.26805862 1961.23998067 1805.07920848
 1987.86811814 2153.22158894 1342.7179588  1664.81123484 1422.62003663
 1719.03433289 1505.59460413 1612.91532468  980.46521838  941.93341898]","[1379.67874594 1332.47348876 1828.4112882  1453.72128611 2025.89281563
 1987.87523627 1541.75200574 1406.79808337 1571.82550769 1308.00550403
 1787.69770047 1929.15381221 1402.26805862 1961.23998067 1805.07920848
 1987.86811814 2153.22158894 1342.7179588  1664.81123484 1422.62003663
 1719.03433289 1505.59460413 1612.91532468  980.46521838  941.93341898]",1602.122182343773,316.6145445116871,1571.8255076890564,1402.2680586186962,1828.4112881996566,941.9334189771589,2153.221588944012,466.87128590715963,90.5375874455428,497.9459259159994,0.00029629171913256867,3.973653651923382e-05,[    1     2     3 ... 19997 19998 19999],"[30325.33492646 27857.3080447  26712.29132357 ...  1602.12218234
  1602.12218234  1602.12218234]","[2100.2046776  3695.04103813 3685.03896724 ...  316.61454451  316.61454451
  316.61454451]",[     50     100     150 ...  999900  999950 1000000],"[34536.71066751 30325.33492646 27857.3080447  ...  1602.12218234
  1602.12218234  1602.12218234]","[1166.60263799 2100.2046776  3695.04103813 ...  316.61454451  316.61454451
  316.61454451]",3.3231543731689452,0.11671664387451332,3.2601566314697266,3.518106460571289,3.0119815063476563,[0.9 0.9 0.9 ... 0.3 0.3 0.3],"[3.39934989e-16 3.39934989e-16 3.39934989e-16 ... 1.13311663e-16
 1.13311663e-16 1.13311663e-16]",[1.49618 1.49618 1.49618 ... 1.49618 1.49618 1.49618],"[2.26623326e-16 2.26623326e-16 2.26623326e-16 ... 2.26623326e-16
 2.26623326e-16 2.26623326e-16]",[1.49618 1.49618 1.49618 ... 1.49618 1.49618 1.49618],"[2.26623326e-16 2.26623326e-16 2.26623326e-16 ... 2.26623326e-16
 2.26623326e-16 2.26623326e-16]",[    100     150     200 ...  999900  999950 1000000],[0.9 0.9 0.9 ... 0.3 0.3 0.3],"[3.39934989e-16 3.39934989e-16 3.39934989e-16 ... 1.13311663e-16
 1.13311663e-16 1.13311663e-16]",[1.49618 1.49618 1.49618 ... 1.49618 1.49618 1.49618],"[2.26623326e-16 2.26623326e-16 2.26623326e-16 ... 2.26623326e-16
 2.26623326e-16 2.26623326e-16]",[1.49618 1.49618 1.49618 ... 1.49618 1.49618 1.49618],"[2.26623326e-16 2.26623326e-16 2.26623326e-16 ... 2.26623326e-16
 2.26623326e-16 2.26623326e-16]"
F21_Composition1,100,APSO,function_evaluations,1000000,,1000000,25,25,19608.32,0.47609522856952335,19608,19609,1000000.0,0.0,1000000,1000000,"[168.14088645 113.92620124 101.54652833 100.00000022 100.
 113.93591282 100.00000005 100.         105.22629616 100.
 100.         100.00013334 100.50227315 100.00018342 100.00310257
 100.00000245 100.2634647  100.00000585 100.00001513 100.17292692
 113.93624057 100.71347606 100.00001967 100.03996579 100.00070584]","[168.14088645 113.92620124 101.54652833 100.00000022 100.
 113.93591282 100.00000005 100.         105.22629616 100.
 100.         100.00013334 100.50227315 100.00018342 100.00310257
 100.00000245 100.2634647  100.00000585 100.00001513 100.17292692
 113.93624057 100.71347606 100.00001967 100.03996579 100.00070584]",104.73633362970382,13.987039716179021,100.00070583819524,100.00000244584362,100.71347606415975,100.00000000000955,168.1408864470559,496.87523886040054,97.01548923863243,531.0297246690025,0.00034828360017854723,7.948106979235943e-05,[    1     2     3 ... 19606 19607 19608],"[30714.31228009 28223.11219312 26483.15721062 ...   104.76873838
   104.75215415   104.74492801]","[2049.03391339 2581.00244731 3201.25034189 ...   14.0948433    14.01867587
   13.98730347]",[     50     100     150 ...  999900  999950 1000000],"[34536.71066751 30758.92613571 28223.11219312 ...   104.76519719
   104.73934184   104.73633363]","[1166.60263799 2096.22054865 2581.00244731 ...   14.08028645   13.98705124
   13.98703972]",9.682625007629394,0.027317874998825223,9.683362007141113,9.746490478515625,5.622345848083496,[0.64139326 0.67483335 0.5929854  ... 0.40025022 0.40052249 0.40104676],[0.12612572 0.13875791 0.11019281 ... 0.00109572 0.00209477 0.00507249],[2.0377368  2.06381415 2.09779515 ... 2.         2.         2.        ],"[4.09644955e-02 7.68269525e-02 8.20180260e-02 ... 1.36832219e-08
 1.33695943e-08 1.31711638e-08]",[1.9622632  1.93618585 1.90220485 ... 2.         2.         2.        ],"[4.09644955e-02 7.68269525e-02 8.20180260e-02 ... 1.36832218e-08
 1.33695942e-08 1.31711638e-08]",[   101    151    201 ... 999901 999951 999952],[0.64139326 0.6735104  0.57859576 ... 0.40030897 0.40048637 0.40048637],[0.12612572 0.13907169 0.10965347 ... 0.00112086 0.00208382 0.00208382],[2.0377368  2.06381415 2.09499083 ... 2.         2.         2.        ],"[4.09644955e-02 7.68269525e-02 8.41737165e-02 ... 1.36801719e-08
 1.33656506e-08 1.33656506e-08]",[1.9622632  1.93618585 1.90500917 ... 2.         2.         2.        ],"[4.09644955e-02 7.68269525e-02 8.41737165e-02 ... 1.36801717e-08
 1.33656505e-08 1.33656505e-08]"
F21_Composition1,100,UAPSO,function_evaluations,1000000,,1000000,25,25,19999.0,0.0,19999,19999,1000000.0,0.0,1000000,1000000,"[ 1674.11466072  2336.01253864 11611.22351735 10356.75823266
  5159.5216643  19104.70183609  9528.31921342 19765.22318368
  5351.20262707  3535.25011271  9218.42927017  1755.78729322
  8611.27508953  5096.32293801  5032.95903031  8325.30019967
  3259.7946223   5406.92692001 14659.00822983  8829.15068272
  8893.95945338  2496.87802849 14048.20537225  3146.72582726
  2315.72069971]","[ 1674.11466072  2336.01253864 11611.22351735 10356.75823266
  5159.5216643  19104.70183609  9528.31921342 19765.22318368
  5351.20262707  3535.25011271  9218.42927017  1755.78729322
  8611.27508953  5096.32293801  5032.95903031  8325.30019967
  3259.7946223   5406.92692001 14659.00822983  8829.15068272
  8893.95945338  2496.87802849 14048.20537225  3146.72582726
  2315.72069971]",7580.750849740065,5169.339199663264,5406.926920014977,3259.7946223011113,9528.319213418452,1674.1146607220517,19765.22318367677,470.10536689415983,90.98399350214822,503.0402379869993,0.0006370239602983929,0.0006599480433387877,[    1     2     3 ... 19997 19998 19999],"[31142.8823652  28846.46981582 26957.46469489 ...  7580.75084974
  7580.75084974  7580.75084974]","[2002.35434863 2414.67846738 3712.40593504 ... 5169.33919966 5169.33919966
 5169.33919966]",[     50     100     150 ...  999900  999950 1000000],"[34536.71066751 31142.8823652  28846.46981582 ...  7580.75084974
  7580.75084974  7580.75084974]","[1166.60263799 2002.35434863 2414.67846738 ... 5169.33919966 5169.33919966
 5169.33919966]",4.129778900146484,0.049742694110992414,4.116537094116211,4.267478942871094,3.8199607849121096,[0.38947368 0.56631579 0.49052632 ... 0.45894737 0.57473684 0.41684211],[0.28383666 0.31147639 0.3207649  ... 0.29831784 0.30155032 0.34975258],[0.85333333 0.81777778 0.90666667 ... 1.07555556 0.98666667 1.04888889],[0.66258007 0.60423744 0.68168274 ... 0.57976865 0.6020541  0.61033621],[1.19111111 0.85333333 1.21777778 ... 1.05777778 1.07555556 0.80888889],[0.51271889 0.56902198 0.59876416 ... 0.62945531 0.5543691  0.6905595 ],[    100     150     200 ...  999900  999950 1000000],[0.38947368 0.56631579 0.49052632 ... 0.45894737 0.57473684 0.41684211],[0.28383666 0.31147639 0.3207649  ... 0.29831784 0.30155032 0.34975258],[0.85333333 0.81777778 0.90666667 ... 1.07555556 0.98666667 1.04888889],[0.66258007 0.60423744 0.68168274 ... 0.57976865 0.6020541  0.61033621],[1.19111111 0.85333333 1.21777778 ... 1.05777778 1.07555556 0.80888889],[0.51271889 0.56902198 0.59876416 ... 0.62945531 0.5543691  0.6905595 ]
