success,run_id,seed,best_fitness,stop_mode,budget_value,requested_n_iterations,requested_max_function_evaluations,completed_iterations,n_function_evaluations,unused_function_evaluations,termination_reason,initialization_time_s,execution_time_s,current_python_memory_mb,peak_python_memory_mb,error_type,error_message,benchmark,dim,algorithm
True,0,42,1384729031.320907,function_evaluations,300000,,300000,5999,300000,0,max_function_evaluations,0.014537171000000626,9.204518678,1.4165077209472656,1.5121517181396484,,,F1_BentCigar,30,PSO
True,1,43,4998901428.372442,function_evaluations,300000,,300000,5999,300000,0,max_function_evaluations,0.009554505000011204,7.7925484470000015,1.3936824798583984,1.4888505935668945,,,F1_BentCigar,30,PSO
True,2,44,1443915423.7113826,function_evaluations,300000,,300000,5999,300000,0,max_function_evaluations,0.017002845000007483,7.961758410000016,1.3834362030029297,1.47796630859375,,,F1_BentCigar,30,PSO
True,3,45,1921395917.3030057,function_evaluations,300000,,300000,5999,300000,0,max_function_evaluations,0.015085074000012355,6.407794891000009,1.399205207824707,1.4942846298217773,,,F1_BentCigar,30,PSO
True,4,46,6038524032.242208,function_evaluations,300000,,300000,5999,300000,0,max_function_evaluations,0.014687049000002617,8.255146928999977,1.4040050506591797,1.499114990234375,,,F1_BentCigar,30,PSO
True,5,47,1308631095.8496335,function_evaluations,300000,,300000,5999,300000,0,max_function_evaluations,0.014231986999988067,9.627588924000008,1.3998737335205078,1.4950218200683594,,,F1_BentCigar,30,PSO
True,6,48,1583683432.110705,function_evaluations,300000,,300000,5999,300000,0,max_function_evaluations,0.016014847000008103,11.08575706900001,1.3879470825195312,1.4828071594238281,,,F1_BentCigar,30,PSO
True,7,49,876443466.2567757,function_evaluations,300000,,300000,5999,300000,0,max_function_evaluations,0.014637857999986181,10.973241860999991,1.389937400817871,1.4849538803100586,,,F1_BentCigar,30,PSO
True,8,50,315333989.5682578,function_evaluations,300000,,300000,5999,300000,0,max_function_evaluations,0.014016429999998081,8.768615701000016,1.397970199584961,1.4930801391601562,,,F1_BentCigar,30,PSO
True,9,51,1565343975.9610639,function_evaluations,300000,,300000,5999,300000,0,max_function_evaluations,0.014340660999977217,8.896262081999993,1.396066665649414,1.4907341003417969,,,F1_BentCigar,30,PSO
True,10,52,1779864447.299244,function_evaluations,300000,,300000,5999,300000,0,max_function_evaluations,0.01400726700001087,8.575935025999996,1.38800048828125,1.4830799102783203,,,F1_BentCigar,30,PSO
True,11,53,482167536.370584,function_evaluations,300000,,300000,5999,300000,0,max_function_evaluations,0.0002068510000015067,10.336930199999983,0.7409820556640625,0.8361377716064453,,,F1_BentCigar,30,PSO
True,12,54,1528486242.7209985,function_evaluations,300000,,300000,5999,300000,0,max_function_evaluations,0.00023343599997360798,8.678099383000017,0.7510528564453125,0.8464221954345703,,,F1_BentCigar,30,PSO
True,13,55,1695477048.947136,function_evaluations,300000,,300000,5999,300000,0,max_function_evaluations,0.00013974699999153017,7.957756802999995,0.7462387084960938,0.8414707183837891,,,F1_BentCigar,30,PSO
True,14,56,5087856476.98583,function_evaluations,300000,,300000,5999,300000,0,max_function_evaluations,0.00022307699998691533,7.201430651999999,0.7500686645507812,0.8445987701416016,,,F1_BentCigar,30,PSO
True,15,57,1547902502.8554103,function_evaluations,300000,,300000,5999,300000,0,max_function_evaluations,0.00021643900001322436,7.493979075999988,0.7612991333007812,0.8560428619384766,,,F1_BentCigar,30,PSO
True,16,58,621608641.0121071,function_evaluations,300000,,300000,5999,300000,0,max_function_evaluations,0.0001967299999989791,9.37220318300001,0.761993408203125,0.8566455841064453,,,F1_BentCigar,30,PSO
True,17,59,1994004258.4984393,function_evaluations,300000,,300000,5999,300000,0,max_function_evaluations,0.0001949340000066968,6.959855752999999,0.7674484252929688,0.8623142242431641,,,F1_BentCigar,30,PSO
True,18,60,2019496135.7744749,function_evaluations,300000,,300000,5999,300000,0,max_function_evaluations,0.00020944999999983338,7.84827974800001,0.7577896118164062,0.8531131744384766,,,F1_BentCigar,30,PSO
True,19,61,1563964635.646001,function_evaluations,300000,,300000,5999,300000,0,max_function_evaluations,0.00020954800001504736,7.598193205000001,0.7437820434570312,0.8384952545166016,,,F1_BentCigar,30,PSO
True,20,62,628928363.0425103,function_evaluations,300000,,300000,5999,300000,0,max_function_evaluations,0.00015165700000352444,9.203197963999997,0.7305068969726562,0.8254489898681641,,,F1_BentCigar,30,PSO
True,21,63,1608942230.9156303,function_evaluations,300000,,300000,5999,300000,0,max_function_evaluations,0.00024938900000393005,8.487838581999995,0.7484359741210938,0.8432407379150391,,,F1_BentCigar,30,PSO
True,22,64,499663129.7315072,function_evaluations,300000,,300000,5999,300000,0,max_function_evaluations,0.00020732999999495405,4.8697328140000025,0.7407150268554688,0.8353672027587891,,,F1_BentCigar,30,PSO
True,23,65,652305356.3863398,function_evaluations,300000,,300000,5999,300000,0,max_function_evaluations,0.00018935400001396374,4.346798516000007,0.7286529541015625,0.8234882354736328,,,F1_BentCigar,30,PSO
True,24,66,614970335.2848693,function_evaluations,300000,,300000,5999,300000,0,max_function_evaluations,0.00019210499999644526,4.677652626999986,0.7215576171875,0.8161945343017578,,,F1_BentCigar,30,PSO
True,0,42,241847927.4432024,function_evaluations,300000,,300000,5999,300000,0,max_function_evaluations,0.0001582909999910953,7.495330644999996,0.9453506469726562,1.0420398712158203,,,F1_BentCigar,30,PSOLVIW
True,1,43,241847927.4432024,function_evaluations,300000,,300000,5999,300000,0,max_function_evaluations,0.00013972799999351082,6.582921919,0.936614990234375,1.032266616821289,,,F1_BentCigar,30,PSOLVIW
True,2,44,2257134813.7191987,function_evaluations,300000,,300000,5999,300000,0,max_function_evaluations,0.000194585999992114,10.624234669000003,0.901519775390625,0.9972934722900391,,,F1_BentCigar,30,PSOLVIW
True,3,45,2409.449290743511,function_evaluations,300000,,300000,5999,300000,0,max_function_evaluations,0.00018008399999303037,7.2472360490000085,1.0212860107421875,1.116678237915039,,,F1_BentCigar,30,PSOLVIW
True,4,46,1582386935.7011106,function_evaluations,300000,,300000,5999,300000,0,max_function_evaluations,0.00018150700000774123,8.69620191300001,0.9341964721679688,1.0301837921142578,,,F1_BentCigar,30,PSOLVIW
True,5,47,652231052.9552718,function_evaluations,300000,,300000,5999,300000,0,max_function_evaluations,0.00022368900002334158,10.994222820000005,0.9484786987304688,1.0443744659423828,,,F1_BentCigar,30,PSOLVIW
True,6,48,1604911590.762835,function_evaluations,300000,,300000,5999,300000,0,max_function_evaluations,0.00022568599999317485,10.787887117000025,1.0514602661132812,1.1548709869384766,,,F1_BentCigar,30,PSOLVIW
True,7,49,6703.348053666504,function_evaluations,300000,,300000,5999,300000,0,max_function_evaluations,0.00023897900001657035,9.873788382000015,1.0176010131835938,1.1145801544189453,,,F1_BentCigar,30,PSOLVIW
True,8,50,1026797550.4843364,function_evaluations,300000,,300000,5999,300000,0,max_function_evaluations,0.00022010400002159258,10.021646801999992,1.015228271484375,1.112833023071289,,,F1_BentCigar,30,PSOLVIW
True,9,51,652231052.9552718,function_evaluations,300000,,300000,5999,300000,0,max_function_evaluations,0.00019323199998666496,8.670377850000023,0.931396484375,1.0258426666259766,,,F1_BentCigar,30,PSOLVIW
True,10,52,1618.8367621968248,function_evaluations,300000,,300000,5999,300000,0,max_function_evaluations,0.00018423599999550788,8.733133124000005,1.0156097412109375,1.113412857055664,,,F1_BentCigar,30,PSOLVIW
True,11,53,2609199833.0986714,function_evaluations,300000,,300000,5999,300000,0,max_function_evaluations,0.00020578500001988687,6.941090236000008,0.9204483032226562,1.0166034698486328,,,F1_BentCigar,30,PSOLVIW
True,12,54,2505088975.9439836,function_evaluations,300000,,300000,5999,300000,0,max_function_evaluations,0.00020351700001697282,9.146987843000005,1.0186080932617188,1.1157245635986328,,,F1_BentCigar,30,PSOLVIW
True,13,55,1268645473.4501956,function_evaluations,300000,,300000,5999,300000,0,max_function_evaluations,0.00020603400000140937,11.077761580000015,0.9014892578125,0.9971103668212891,,,F1_BentCigar,30,PSOLVIW
True,14,56,652231052.9552718,function_evaluations,300000,,300000,5999,300000,0,max_function_evaluations,0.00021992799997860857,6.445008180000002,0.9197616577148438,1.0160236358642578,,,F1_BentCigar,30,PSOLVIW
True,15,57,20841.767100916157,function_evaluations,300000,,300000,5999,300000,0,max_function_evaluations,0.00020250299999702293,8.050420255000006,0.9401779174804688,1.0348072052001953,,,F1_BentCigar,30,PSOLVIW
True,16,58,1026806644.1204219,function_evaluations,300000,,300000,5999,300000,0,max_function_evaluations,0.00020399199999587836,9.713235922000024,1.0097274780273438,1.1079883575439453,,,F1_BentCigar,30,PSOLVIW
True,17,59,2210847057.7421227,function_evaluations,300000,,300000,5999,300000,0,max_function_evaluations,0.00021000499998535815,8.23424724900002,1.0139312744140625,1.1115970611572266,,,F1_BentCigar,30,PSOLVIW
True,18,60,2234612498.27985,function_evaluations,300000,,300000,5999,300000,0,max_function_evaluations,0.00021706900000140195,8.970896148999998,0.9208755493164062,1.0169544219970703,,,F1_BentCigar,30,PSOLVIW
True,19,61,1026798760.3397213,function_evaluations,300000,,300000,5999,300000,0,max_function_evaluations,0.0002442389999828265,10.613580552999991,1.017608642578125,1.114480972290039,,,F1_BentCigar,30,PSOLVIW
True,20,62,5490.3765329648795,function_evaluations,300000,,300000,5999,300000,0,max_function_evaluations,0.00021732499999416177,9.737318673000004,0.94921875,1.0451297760009766,,,F1_BentCigar,30,PSOLVIW
True,21,63,5490.37653296488,function_evaluations,300000,,300000,5999,300000,0,max_function_evaluations,0.00023368199998685668,9.622749575,0.944244384765625,1.040719985961914,,,F1_BentCigar,30,PSOLVIW
True,22,64,1582402287.0916784,function_evaluations,300000,,300000,5999,300000,0,max_function_evaluations,0.0002235530000120889,7.2069071109999925,0.937225341796875,1.032846450805664,,,F1_BentCigar,30,PSOLVIW
True,23,65,20841.767100916157,function_evaluations,300000,,300000,5999,300000,0,max_function_evaluations,0.0002186380000068766,5.772605554999984,0.9609832763671875,1.0576419830322266,,,F1_BentCigar,30,PSOLVIW
True,24,66,35.66798923637376,function_evaluations,300000,,300000,5999,300000,0,max_function_evaluations,0.00021517299998663475,5.428388312999999,0.9982376098632812,1.0945453643798828,,,F1_BentCigar,30,PSOLVIW
True,0,42,190.30696897077968,function_evaluations,300000,,300000,5999,300000,0,max_function_evaluations,0.00014897500000188302,9.56397127599999,1.7585906982421875,1.9460620880126953,,,F1_BentCigar,30,PSOTVAC
True,1,43,6700.489143632393,function_evaluations,300000,,300000,5999,300000,0,max_function_evaluations,0.0001891299999954299,9.579274268999995,1.7637863159179688,1.951272964477539,,,F1_BentCigar,30,PSOTVAC
True,2,44,20841.767100916157,function_evaluations,300000,,300000,5999,300000,0,max_function_evaluations,0.00024210800000901145,12.563086834999979,1.1837997436523438,1.2793292999267578,,,F1_BentCigar,30,PSOTVAC
True,3,45,821.4888033178792,function_evaluations,300000,,300000,5999,300000,0,max_function_evaluations,0.00014533699999219607,9.67655227199998,1.7195587158203125,1.9070453643798828,,,F1_BentCigar,30,PSOTVAC
True,4,46,4899.874468523128,function_evaluations,300000,,300000,5999,300000,0,max_function_evaluations,0.00023128699999119817,12.180915472999999,1.7704544067382812,1.9579105377197266,,,F1_BentCigar,30,PSOTVAC
True,5,47,5490.3765329648795,function_evaluations,300000,,300000,5999,300000,0,max_function_evaluations,0.00023480500001937799,12.438681669000005,1.20416259765625,1.3005619049072266,,,F1_BentCigar,30,PSOTVAC
True,6,48,20841.767100916164,function_evaluations,300000,,300000,5999,300000,0,max_function_evaluations,0.00019013700000414246,9.585101109000021,1.1882095336914062,1.2845783233642578,,,F1_BentCigar,30,PSOTVAC
True,7,49,5490.37653296488,function_evaluations,300000,,300000,5999,300000,0,max_function_evaluations,0.0002261280000084298,11.964382334000021,1.1946868896484375,1.2903079986572266,,,F1_BentCigar,30,PSOTVAC
True,8,50,1026802728.4694544,function_evaluations,300000,,300000,5999,300000,0,max_function_evaluations,0.00020893600000704282,9.551584303999988,1.7604522705078125,1.9478931427001953,,,F1_BentCigar,30,PSOTVAC
True,9,51,9460.026096949923,function_evaluations,300000,,300000,5999,300000,0,max_function_evaluations,0.00019451800000069852,6.601779989000022,1.7403335571289062,1.927804946899414,,,F1_BentCigar,30,PSOTVAC
True,10,52,5147.215731243156,function_evaluations,300000,,300000,5999,300000,0,max_function_evaluations,0.00018840399999930924,8.359332211000009,1.7110366821289062,1.8984928131103516,,,F1_BentCigar,30,PSOTVAC
True,11,53,887.0960712625301,function_evaluations,300000,,300000,5999,300000,0,max_function_evaluations,0.00024119500000097105,7.458159701,1.7235488891601562,1.9109973907470703,,,F1_BentCigar,30,PSOTVAC
True,12,54,3743.3402825858116,function_evaluations,300000,,300000,5999,300000,0,max_function_evaluations,0.0002336480000053598,9.74201179100001,1.736907958984375,1.9243488311767578,,,F1_BentCigar,30,PSOTVAC
True,13,55,5490.37653296488,function_evaluations,300000,,300000,5999,300000,0,max_function_evaluations,0.0002524049999976796,11.895942881000025,1.1930694580078125,1.2888431549072266,,,F1_BentCigar,30,PSOTVAC
True,14,56,3766.199205995281,function_evaluations,300000,,300000,5999,300000,0,max_function_evaluations,0.00023922399998355104,8.764096506000016,1.7559127807617188,1.9433841705322266,,,F1_BentCigar,30,PSOTVAC
True,15,57,20841.767100916157,function_evaluations,300000,,300000,5999,300000,0,max_function_evaluations,0.0002468380000095749,11.828249800999998,1.1952133178710938,1.2907886505126953,,,F1_BentCigar,30,PSOTVAC
True,16,58,5.97970558697412,function_evaluations,300000,,300000,5999,300000,0,max_function_evaluations,0.00023070200001029662,9.544799521000016,1.7368392944335938,1.9243106842041016,,,F1_BentCigar,30,PSOTVAC
True,17,59,4942.419892468781,function_evaluations,300000,,300000,5999,300000,0,max_function_evaluations,0.00022771900000861933,8.963308898000008,1.7438430786132812,1.9312915802001953,,,F1_BentCigar,30,PSOTVAC
True,18,60,10299.535875850572,function_evaluations,300000,,300000,5999,300000,0,max_function_evaluations,0.0002615789999822482,8.301591080999998,1.7503585815429688,1.9377994537353516,,,F1_BentCigar,30,PSOTVAC
True,19,61,465.9203069228995,function_evaluations,300000,,300000,5999,300000,0,max_function_evaluations,0.00024129600001288054,6.23126109399999,1.7373733520507812,1.9247989654541016,,,F1_BentCigar,30,PSOTVAC
True,20,62,2979.9843946025135,function_evaluations,300000,,300000,5999,300000,0,max_function_evaluations,0.0002829160000032971,10.140226147999982,1.7553634643554688,1.9428348541259766,,,F1_BentCigar,30,PSOTVAC
True,21,63,26.06857012329614,function_evaluations,300000,,300000,5999,300000,0,max_function_evaluations,0.0002655840000045373,8.654225722000007,1.7158432006835938,1.903268814086914,,,F1_BentCigar,30,PSOTVAC
True,22,64,20841.76710091616,function_evaluations,300000,,300000,5999,300000,0,max_function_evaluations,0.00027619099998332786,7.522906707000004,1.1918258666992188,1.2879352569580078,,,F1_BentCigar,30,PSOTVAC
True,23,65,1868.959095102125,function_evaluations,300000,,300000,5999,300000,0,max_function_evaluations,0.00022970399999167057,5.676630649000003,1.7477951049804688,1.9352054595947266,,,F1_BentCigar,30,PSOTVAC
True,24,66,2489.062472040914,function_evaluations,300000,,300000,5999,300000,0,max_function_evaluations,0.00023805800000786803,5.02311659999998,1.7423171997070312,1.9297428131103516,,,F1_BentCigar,30,PSOTVAC
True,0,42,4936735368.713657,function_evaluations,300000,,300000,5999,300000,0,max_function_evaluations,0.00015105200000675723,9.697745828999984,0.9787521362304688,1.076303482055664,,,F1_BentCigar,30,APSOVI
True,1,43,6178.818863840237,function_evaluations,300000,,300000,5999,300000,0,max_function_evaluations,0.00021017299999925854,9.733711534000008,1.008331298828125,1.1039447784423828,,,F1_BentCigar,30,APSOVI
True,2,44,1026818433.3801605,function_evaluations,300000,,300000,5999,300000,0,max_function_evaluations,0.0001370410000163247,8.38059800900001,0.9808883666992188,1.0772953033447266,,,F1_BentCigar,30,APSOVI
True,3,45,1582402625.7054565,function_evaluations,300000,,300000,5999,300000,0,max_function_evaluations,0.00019540599998890684,9.777575810999991,1.00390625,1.100290298461914,,,F1_BentCigar,30,APSOVI
True,4,46,6241474046.227758,function_evaluations,300000,,300000,5999,300000,0,max_function_evaluations,0.0001882149999801186,7.454412192000007,0.955841064453125,1.0497074127197266,,,F1_BentCigar,30,APSOVI
True,5,47,652231249.7377291,function_evaluations,300000,,300000,5999,300000,0,max_function_evaluations,0.00023173200000314864,12.622293649999989,0.9913711547851562,1.0858936309814453,,,F1_BentCigar,30,APSOVI
True,6,48,3076171193.753496,function_evaluations,300000,,300000,5999,300000,0,max_function_evaluations,0.000231821999989279,12.624390769000001,0.9119186401367188,1.006784439086914,,,F1_BentCigar,30,APSOVI
True,7,49,2505108905.3892856,function_evaluations,300000,,300000,5999,300000,0,max_function_evaluations,0.00024403899999470013,12.656319126,0.99676513671875,1.0945148468017578,,,F1_BentCigar,30,APSOVI
True,8,50,4087488215.008702,function_evaluations,300000,,300000,5999,300000,0,max_function_evaluations,0.00020222499998112653,11.126542059000002,0.9803924560546875,1.0775623321533203,,,F1_BentCigar,30,APSOVI
True,9,51,1679028674.486367,function_evaluations,300000,,300000,5999,300000,0,max_function_evaluations,0.00023826599999665632,8.815856789999998,0.9184188842773438,1.0139713287353516,,,F1_BentCigar,30,APSOVI
True,10,52,2402715664.7177606,function_evaluations,300000,,300000,5999,300000,0,max_function_evaluations,0.00020321499999909065,9.871022202999995,0.9146194458007812,1.010904312133789,,,F1_BentCigar,30,APSOVI
True,11,53,4136300647.203231,function_evaluations,300000,,300000,5999,300000,0,max_function_evaluations,0.00023665100002290274,9.88189955499999,0.9875030517578125,1.082712173461914,,,F1_BentCigar,30,APSOVI
True,12,54,241848048.55609727,function_evaluations,300000,,300000,5999,300000,0,max_function_evaluations,0.0002427960000090934,9.982570561000017,0.9798812866210938,1.0764331817626953,,,F1_BentCigar,30,APSOVI
True,13,55,7968816119.01318,function_evaluations,300000,,300000,5999,300000,0,max_function_evaluations,0.00016490799998791772,5.8272319210000205,0.910858154296875,1.0057239532470703,,,F1_BentCigar,30,APSOVI
True,14,56,1184068230.6603372,function_evaluations,300000,,300000,5999,300000,0,max_function_evaluations,0.00024548999999751686,10.069988472999995,0.9725494384765625,1.0669574737548828,,,F1_BentCigar,30,APSOVI
True,15,57,20913.969583936323,function_evaluations,300000,,300000,5999,300000,0,max_function_evaluations,0.00022807799999213785,9.99981047,0.9958419799804688,1.0936832427978516,,,F1_BentCigar,30,APSOVI
True,16,58,1026798455.2489756,function_evaluations,300000,,300000,5999,300000,0,max_function_evaluations,0.00024393399999667054,9.972055974,0.9121551513671875,1.0068073272705078,,,F1_BentCigar,30,APSOVI
True,17,59,1582398443.0682068,function_evaluations,300000,,300000,5999,300000,0,max_function_evaluations,0.00027474099999835744,10.283641601999989,0.9696807861328125,1.0644550323486328,,,F1_BentCigar,30,APSOVI
True,18,60,3187290212.601082,function_evaluations,300000,,300000,5999,300000,0,max_function_evaluations,0.00026735800000210475,11.185194641999999,0.9825286865234375,1.0787372589111328,,,F1_BentCigar,30,APSOVI
True,19,61,6858.456928453517,function_evaluations,300000,,300000,5999,300000,0,max_function_evaluations,0.000283093000007284,9.340078008000006,0.9813766479492188,1.077707290649414,,,F1_BentCigar,30,APSOVI
True,20,62,1026799315.882979,function_evaluations,300000,,300000,5999,300000,0,max_function_evaluations,0.00026996500000109336,10.662113586000004,1.036529541015625,1.134897232055664,,,F1_BentCigar,30,APSOVI
True,21,63,1299.8569027792637,function_evaluations,300000,,300000,5999,300000,0,max_function_evaluations,0.00026956800002153614,10.443736924999996,0.99273681640625,1.0871219635009766,,,F1_BentCigar,30,APSOVI
True,22,64,20882.35817603431,function_evaluations,300000,,300000,5999,300000,0,max_function_evaluations,0.0001549140000065563,6.708111613999989,0.9903488159179688,1.0850238800048828,,,F1_BentCigar,30,APSOVI
True,23,65,6787881713.582257,function_evaluations,300000,,300000,5999,300000,0,max_function_evaluations,0.0002529669999944417,5.283727505999991,0.9526596069335938,1.0484867095947266,,,F1_BentCigar,30,APSOVI
True,24,66,52685.306825258405,function_evaluations,300000,,300000,5999,300000,0,max_function_evaluations,0.0002250059999937548,5.408954341999987,1.0274887084960938,1.1258563995361328,,,F1_BentCigar,30,APSOVI
True,0,42,5490.37653296488,function_evaluations,300000,,300000,5881,300000,0,max_function_evaluations,0.00024673799998709,14.501099087,1.3483953475952148,2.590704917907715,,,F1_BentCigar,30,APSO
True,1,43,893.0912947046147,function_evaluations,300000,,300000,5881,300000,0,max_function_evaluations,0.00023257600000192724,18.565571385999988,1.7298469543457031,2.980274200439453,,,F1_BentCigar,30,APSO
True,2,44,6430.91625573177,function_evaluations,300000,,300000,5881,300000,0,max_function_evaluations,0.00023504300000354306,18.965020971,1.7297592163085938,2.97100830078125,,,F1_BentCigar,30,APSO
True,3,45,20841.767100916157,function_evaluations,300000,,300000,5881,300000,0,max_function_evaluations,0.00016951399999243222,14.23364872800002,1.356633186340332,2.599095344543457,,,F1_BentCigar,30,APSO
True,4,46,5630.112688229185,function_evaluations,300000,,300000,5881,300000,0,max_function_evaluations,0.0001591980000057447,14.942002923000018,1.6892108917236328,2.937990188598633,,,F1_BentCigar,30,APSO
True,5,47,4514.579426976834,function_evaluations,300000,,300000,5881,300000,0,max_function_evaluations,0.00027228299998682814,18.996644839,1.753687858581543,2.9996442794799805,,,F1_BentCigar,30,APSO
True,6,48,1340.48718188178,function_evaluations,300000,,300000,5881,300000,0,max_function_evaluations,0.00021639500002379464,18.865267464999988,1.7074108123779297,2.952878952026367,,,F1_BentCigar,30,APSO
True,7,49,2665.1168412390452,function_evaluations,300000,,300000,5881,300000,0,max_function_evaluations,0.00016488599999320286,13.427633548000017,1.809615135192871,3.0552663803100586,,,F1_BentCigar,30,APSO
True,8,50,20841.76710091616,function_evaluations,300000,,300000,5881,300000,0,max_function_evaluations,0.00021887400001219248,12.870049956999992,1.3554754257202148,2.5966711044311523,,,F1_BentCigar,30,APSO
True,9,51,8013.2375408952885,function_evaluations,300000,,300000,5881,300000,0,max_function_evaluations,0.00026099199999407574,11.342819058999993,1.7044601440429688,2.9500503540039062,,,F1_BentCigar,30,APSO
True,10,52,20841.767100916157,function_evaluations,300000,,300000,5881,300000,0,max_function_evaluations,0.0002053049999801715,14.959185781999992,1.3487882614135742,2.5911741256713867,,,F1_BentCigar,30,APSO
True,11,53,1065.5965846397169,function_evaluations,300000,,300000,5881,300000,0,max_function_evaluations,0.0002621330000067701,14.521492773000034,1.6871929168701172,2.9362621307373047,,,F1_BentCigar,30,APSO
True,12,54,5490.37653296488,function_evaluations,300000,,300000,5881,300000,0,max_function_evaluations,0.000318047000007482,12.844230050000021,1.354140281677246,2.596724510192871,,,F1_BentCigar,30,APSO
True,13,55,502.3891072877652,function_evaluations,300000,,300000,5881,300000,0,max_function_evaluations,0.00026296900000488677,15.676694942999973,1.682168960571289,2.931497573852539,,,F1_BentCigar,30,APSO
True,14,56,7393.4215543710525,function_evaluations,300000,,300000,5881,300000,0,max_function_evaluations,0.000245986999999559,15.013959771999993,1.6867685317993164,2.9356393814086914,,,F1_BentCigar,30,APSO
True,15,57,20841.767100916157,function_evaluations,300000,,300000,5881,300000,0,max_function_evaluations,0.00026937100000168357,12.329133308999985,1.350264549255371,2.5921010971069336,,,F1_BentCigar,30,APSO
True,16,58,20841.767100916157,function_evaluations,300000,,300000,5881,300000,0,max_function_evaluations,0.00029029099999888786,14.129439162000011,1.3479337692260742,2.5901975631713867,,,F1_BentCigar,30,APSO
True,17,59,5490.3765329648795,function_evaluations,300000,,300000,5881,300000,0,max_function_evaluations,0.00026975999998057887,14.169515767000007,1.3533248901367188,2.5945968627929688,,,F1_BentCigar,30,APSO
True,18,60,361.0381290711522,function_evaluations,300000,,300000,5881,300000,0,max_function_evaluations,0.0003126359999896522,13.392104517000007,1.7473993301391602,2.9945154190063477,,,F1_BentCigar,30,APSO
True,19,61,26.09827030464959,function_evaluations,300000,,300000,5881,300000,0,max_function_evaluations,0.0003368410000064159,15.45362164200003,1.7263813018798828,2.967622756958008,,,F1_BentCigar,30,APSO
True,20,62,10144.979209662415,function_evaluations,300000,,300000,5881,300000,0,max_function_evaluations,0.000319641000004367,16.304473911000002,1.6953916549682617,2.941836357116699,,,F1_BentCigar,30,APSO
True,21,63,2022.9226513056542,function_evaluations,300000,,300000,5881,300000,0,max_function_evaluations,0.000307861999999659,16.30049806399998,1.6883792877197266,2.9368457794189453,,,F1_BentCigar,30,APSO
True,22,64,12380.127912727788,function_evaluations,300000,,300000,5881,300000,0,max_function_evaluations,0.0002468700000122226,8.377974172999984,1.6872568130493164,2.9359750747680664,,,F1_BentCigar,30,APSO
True,23,65,3334.5955703828677,function_evaluations,300000,,300000,5881,300000,0,max_function_evaluations,0.00025715999998965344,9.69801432099996,1.713479995727539,2.956949234008789,,,F1_BentCigar,30,APSO
True,24,66,393.23825167479964,function_evaluations,300000,,300000,5881,300000,0,max_function_evaluations,0.00024600900002269555,8.674178215999973,1.728872299194336,2.979482650756836,,,F1_BentCigar,30,APSO
True,0,42,1418328570.6701906,function_evaluations,300000,,300000,5999,300000,0,max_function_evaluations,0.00039947700003040154,7.113767786999972,1.3164749145507812,1.420297622680664,,,F1_BentCigar,30,UAPSO
True,1,43,13493775252.599594,function_evaluations,300000,,300000,5999,300000,0,max_function_evaluations,0.0002583060000347359,12.045917669999994,1.192225456237793,1.2880525588989258,,,F1_BentCigar,30,UAPSO
True,2,44,4546540497.312458,function_evaluations,300000,,300000,5999,300000,0,max_function_evaluations,0.00024674700000559824,12.142695661000005,1.1977167129516602,1.2941694259643555,,,F1_BentCigar,30,UAPSO
True,3,45,663690414.1016026,function_evaluations,300000,,300000,5999,300000,0,max_function_evaluations,0.0004144589999555137,15.750964708999959,1.3451566696166992,1.454533576965332,,,F1_BentCigar,30,UAPSO
True,4,46,5285783303.050341,function_evaluations,300000,,300000,5999,300000,0,max_function_evaluations,0.00040158999996720013,15.60818961000001,1.4589033126831055,1.5895967483520508,,,F1_BentCigar,30,UAPSO
True,5,47,10497129564.248917,function_evaluations,300000,,300000,5999,300000,0,max_function_evaluations,0.0002450450000424098,12.19869736999999,1.2578544616699219,1.3541698455810547,,,F1_BentCigar,30,UAPSO
True,6,48,3914936825.6106257,function_evaluations,300000,,300000,5999,300000,0,max_function_evaluations,0.00040665000000217333,15.599074112999972,1.267989158630371,1.363236427307129,,,F1_BentCigar,30,UAPSO
True,7,49,2736340947.8100486,function_evaluations,300000,,300000,5999,300000,0,max_function_evaluations,0.0004021330000227863,15.321482737999986,1.242966651916504,1.339284896850586,,,F1_BentCigar,30,UAPSO
True,8,50,5097527326.532595,function_evaluations,300000,,300000,5999,300000,0,max_function_evaluations,0.0003442949999907796,12.15870216899998,1.2099580764770508,1.3066883087158203,,,F1_BentCigar,30,UAPSO
True,9,51,8563306579.600482,function_evaluations,300000,,300000,5999,300000,0,max_function_evaluations,0.00033875899998747627,12.32112633500003,1.671433448791504,1.8450956344604492,,,F1_BentCigar,30,UAPSO
True,10,52,3875742212.7545137,function_evaluations,300000,,300000,5999,300000,0,max_function_evaluations,0.0003349620000108189,12.172537062999993,1.1860485076904297,1.281494140625,,,F1_BentCigar,30,UAPSO
True,11,53,4529590256.373118,function_evaluations,300000,,300000,5999,300000,0,max_function_evaluations,0.00041111899997758883,6.970888424000009,1.240652084350586,1.3363418579101562,,,F1_BentCigar,30,UAPSO
True,12,54,121017110.68286923,function_evaluations,300000,,300000,5999,300000,0,max_function_evaluations,0.00039790299996411704,13.121337126000014,1.1936578750610352,1.2905683517456055,,,F1_BentCigar,30,UAPSO
True,13,55,1172533075.2812736,function_evaluations,300000,,300000,5999,300000,0,max_function_evaluations,0.00038918199999216085,12.121872687999996,1.2873964309692383,1.386336326599121,,,F1_BentCigar,30,UAPSO
True,14,56,301315070.7926697,function_evaluations,300000,,300000,5999,300000,0,max_function_evaluations,0.00040598800001134805,10.645567805000042,1.231668472290039,1.3293418884277344,,,F1_BentCigar,30,UAPSO
True,15,57,9441662226.396078,function_evaluations,300000,,300000,5999,300000,0,max_function_evaluations,0.00038945599999351543,11.910237891999998,1.1955652236938477,1.291834831237793,,,F1_BentCigar,30,UAPSO
True,16,58,3143410540.702482,function_evaluations,300000,,300000,5999,300000,0,max_function_evaluations,0.0004243379999593344,12.098360164999974,1.3265562057495117,1.430363655090332,,,F1_BentCigar,30,UAPSO
True,17,59,784870571.0438389,function_evaluations,300000,,300000,5999,300000,0,max_function_evaluations,0.00039935099999865997,11.307145589000015,1.3961181640625,1.5188617706298828,,,F1_BentCigar,30,UAPSO
True,18,60,394207157.41326797,function_evaluations,300000,,300000,5999,300000,0,max_function_evaluations,0.0003723160000390635,9.557861662999983,1.2445030212402344,1.3399791717529297,,,F1_BentCigar,30,UAPSO
True,19,61,7488919789.660806,function_evaluations,300000,,300000,5999,300000,0,max_function_evaluations,0.00045393199997079137,12.46663468099996,1.2803688049316406,1.3756771087646484,,,F1_BentCigar,30,UAPSO
True,20,62,124767337.30367295,function_evaluations,300000,,300000,5999,300000,0,max_function_evaluations,0.0005077810000102545,11.738004567999951,1.275773048400879,1.371969223022461,,,F1_BentCigar,30,UAPSO
True,21,63,89885740.96201366,function_evaluations,300000,,300000,5999,300000,0,max_function_evaluations,0.00044980799998484144,9.797739997999997,1.223179817199707,1.3194646835327148,,,F1_BentCigar,30,UAPSO
True,22,64,5125007966.283008,function_evaluations,300000,,300000,5999,300000,0,max_function_evaluations,0.00045789699998977085,10.744795477000025,1.2286090850830078,1.3236579895019531,,,F1_BentCigar,30,UAPSO
True,23,65,1428515434.5801487,function_evaluations,300000,,300000,5999,300000,0,max_function_evaluations,0.0002584400000387177,5.959698220000007,1.2199325561523438,1.3167543411254883,,,F1_BentCigar,30,UAPSO
True,24,66,769561278.3844092,function_evaluations,300000,,300000,5999,300000,0,max_function_evaluations,0.00038474999996651604,5.662454544000013,1.4082555770874023,1.5309839248657227,,,F1_BentCigar,30,UAPSO
True,0,42,62.433247860589006,function_evaluations,300000,,300000,5999,300000,0,max_function_evaluations,0.00023264399999334273,22.36251515099997,0.7361068725585938,0.8304386138916016,,,F3_Zakharov,30,PSO
True,1,43,264.2489929489052,function_evaluations,300000,,300000,5999,300000,0,max_function_evaluations,0.00023898399996369335,19.548620148999987,0.7552413940429688,0.8496799468994141,,,F3_Zakharov,30,PSO
True,2,44,44.39945984889914,function_evaluations,300000,,300000,5999,300000,0,max_function_evaluations,0.00022035399996411797,23.094570963000024,0.7348480224609375,0.8294544219970703,,,F3_Zakharov,30,PSO
True,3,45,77.23232769907463,function_evaluations,300000,,300000,5999,300000,0,max_function_evaluations,0.00015405199997076124,14.691683234000038,0.7298355102539062,0.8243961334228516,,,F3_Zakharov,30,PSO
True,4,46,223.36806892927962,function_evaluations,300000,,300000,5999,300000,0,max_function_evaluations,0.00016417699998783064,18.936333192999996,0.7373275756835938,0.8324069976806641,,,F3_Zakharov,30,PSO
True,5,47,194.30270393778994,function_evaluations,300000,,300000,5999,300000,0,max_function_evaluations,0.00017090199997937816,18.667498938999984,0.7262191772460938,0.8206119537353516,,,F3_Zakharov,30,PSO
True,6,48,107.88885280715499,function_evaluations,300000,,300000,5999,300000,0,max_function_evaluations,0.00022308199999088174,17.735353628999974,0.7425994873046875,0.8368854522705078,,,F3_Zakharov,30,PSO
True,7,49,77.20676354016842,function_evaluations,300000,,300000,5999,300000,0,max_function_evaluations,0.0002485930000375447,17.95981758800002,0.7438888549804688,0.8389987945556641,,,F3_Zakharov,30,PSO
True,8,50,175.66755349582127,function_evaluations,300000,,300000,5999,300000,0,max_function_evaluations,0.00023510500000156753,18.228120401000012,0.770416259765625,0.8651905059814453,,,F3_Zakharov,30,PSO
True,9,51,46.59884642768117,function_evaluations,300000,,300000,5999,300000,0,max_function_evaluations,0.0002243280000016057,14.982037209999987,0.7169723510742188,0.8116703033447266,,,F3_Zakharov,30,PSO
True,10,52,45.217236479643134,function_evaluations,300000,,300000,5999,300000,0,max_function_evaluations,0.0002380120000111674,22.654349124999953,0.769866943359375,0.8647785186767578,,,F3_Zakharov,30,PSO
True,11,53,119.28497212344627,function_evaluations,300000,,300000,5999,300000,0,max_function_evaluations,0.00021405399996865526,16.256774217999975,0.7761993408203125,0.8716144561767578,,,F3_Zakharov,30,PSO
True,12,54,50.21724630815788,function_evaluations,300000,,300000,5999,300000,0,max_function_evaluations,0.00023569500001485721,16.526537828000016,0.7287063598632812,0.8233127593994141,,,F3_Zakharov,30,PSO
True,13,55,386.4566795960775,function_evaluations,300000,,300000,5999,300000,0,max_function_evaluations,0.000213255999994999,18.204862117000005,0.7304916381835938,0.8248081207275391,,,F3_Zakharov,30,PSO
True,14,56,47.61052358560295,function_evaluations,300000,,300000,5999,300000,0,max_function_evaluations,0.0002368420000493643,14.147371838000026,0.7385635375976562,0.8333835601806641,,,F3_Zakharov,30,PSO
True,15,57,294.7112825726738,function_evaluations,300000,,300000,5999,300000,0,max_function_evaluations,0.0002551059999973404,17.029168974000015,0.7497482299804688,0.8449497222900391,,,F3_Zakharov,30,PSO
True,16,58,190.50450604373543,function_evaluations,300000,,300000,5999,300000,0,max_function_evaluations,0.0002113929999723041,17.977844551999965,0.742095947265625,0.8373584747314453,,,F3_Zakharov,30,PSO
True,17,59,126.8648573356515,function_evaluations,300000,,300000,5999,300000,0,max_function_evaluations,0.00023594999998977073,19.503193479999993,0.7331466674804688,0.8278293609619141,,,F3_Zakharov,30,PSO
True,18,60,51.563443920898294,function_evaluations,300000,,300000,5999,300000,0,max_function_evaluations,0.00020610500001794207,16.906773612000052,0.7428741455078125,0.8380298614501953,,,F3_Zakharov,30,PSO
True,19,61,293.3127563319472,function_evaluations,300000,,300000,5999,300000,0,max_function_evaluations,0.0002552049999735573,20.614828794000005,0.725738525390625,0.8200550079345703,,,F3_Zakharov,30,PSO
True,20,62,161.98176352526343,function_evaluations,300000,,300000,5999,300000,0,max_function_evaluations,0.00024023999998235013,20.024036087000013,0.7317733764648438,0.8266696929931641,,,F3_Zakharov,30,PSO
True,21,63,111.26624912904947,function_evaluations,300000,,300000,5999,300000,0,max_function_evaluations,0.00023824900000590787,18.09401975899999,0.7563247680664062,0.8517704010009766,,,F3_Zakharov,30,PSO
True,22,64,128.0127511750485,function_evaluations,300000,,300000,5999,300000,0,max_function_evaluations,0.00022335900001735354,11.966329052000049,0.744293212890625,0.8391742706298828,,,F3_Zakharov,30,PSO
True,23,65,394.70646573264366,function_evaluations,300000,,300000,5999,300000,0,max_function_evaluations,0.00021583900002042355,10.394970872999977,0.7400665283203125,0.8346271514892578,,,F3_Zakharov,30,PSO
True,24,66,345.0765606529287,function_evaluations,300000,,300000,5999,300000,0,max_function_evaluations,0.00021782199996778218,11.099496846999955,0.7417221069335938,0.8359928131103516,,,F3_Zakharov,30,PSO
True,0,42,70.37430623413104,function_evaluations,300000,,300000,5999,300000,0,max_function_evaluations,0.0001449910000133059,21.37161609200001,0.9609222412109375,1.0572452545166016,,,F3_Zakharov,30,PSOLVIW
True,1,43,237.74497266568085,function_evaluations,300000,,300000,5999,300000,0,max_function_evaluations,0.0001802660000294054,17.592665678000003,0.9328460693359375,1.028848648071289,,,F3_Zakharov,30,PSOLVIW
True,2,44,258.8157456708577,function_evaluations,300000,,300000,5999,300000,0,max_function_evaluations,0.00018427299994527857,11.597654817000034,0.9277496337890625,1.0223636627197266,,,F3_Zakharov,30,PSOLVIW
True,3,45,101.05884317600783,function_evaluations,300000,,300000,5999,300000,0,max_function_evaluations,0.00017736799998147035,18.06499808000001,0.9696731567382812,1.0644855499267578,,,F3_Zakharov,30,PSOLVIW
True,4,46,104.5834635270574,function_evaluations,300000,,300000,5999,300000,0,max_function_evaluations,0.00017677900001444868,22.70437183399997,0.935791015625,1.031137466430664,,,F3_Zakharov,30,PSOLVIW
True,5,47,36.426098693276,function_evaluations,300000,,300000,5999,300000,0,max_function_evaluations,0.00021430300000702118,21.805159658000036,0.9258651733398438,1.0208759307861328,,,F3_Zakharov,30,PSOLVIW
True,6,48,104.58346352705746,function_evaluations,300000,,300000,5999,300000,0,max_function_evaluations,0.00028940599997895333,19.501185867999993,0.9719314575195312,1.0662708282470703,,,F3_Zakharov,30,PSOLVIW
True,7,49,128.79617128487712,function_evaluations,300000,,300000,5999,300000,0,max_function_evaluations,0.00028866700000662604,23.459005703999992,0.930755615234375,1.0270023345947266,,,F3_Zakharov,30,PSOLVIW
True,8,50,154.90290367156115,function_evaluations,300000,,300000,5999,300000,0,max_function_evaluations,0.00028409899999815025,19.31192115700003,0.9223175048828125,1.017953872680664,,,F3_Zakharov,30,PSOLVIW
True,9,51,113.44942981062377,function_evaluations,300000,,300000,5999,300000,0,max_function_evaluations,0.0002535980000288873,18.620695185000045,0.9241790771484375,1.019479751586914,,,F3_Zakharov,30,PSOLVIW
True,10,52,36.426098693276,function_evaluations,300000,,300000,5999,300000,0,max_function_evaluations,0.00023591899997654764,19.43146851900002,0.912445068359375,1.0078678131103516,,,F3_Zakharov,30,PSOLVIW
True,11,53,114.20956670783664,function_evaluations,300000,,300000,5999,300000,0,max_function_evaluations,0.00022254700002122263,11.284519713000009,0.9130172729492188,1.0082416534423828,,,F3_Zakharov,30,PSOLVIW
True,12,54,120.36451232050467,function_evaluations,300000,,300000,5999,300000,0,max_function_evaluations,0.00024653899998838824,18.886029495000002,0.9571533203125,1.051462173461914,,,F3_Zakharov,30,PSOLVIW
True,13,55,111.91540395897215,function_evaluations,300000,,300000,5999,300000,0,max_function_evaluations,0.00022039999998924031,18.081287410000016,1.0832672119140625,1.1919879913330078,,,F3_Zakharov,30,PSOLVIW
True,14,56,35.83731627920554,function_evaluations,300000,,300000,5999,300000,0,max_function_evaluations,0.0002449290000186011,17.945415963000016,0.902801513671875,0.9979648590087891,,,F3_Zakharov,30,PSOLVIW
True,15,57,118.08209794774473,function_evaluations,300000,,300000,5999,300000,0,max_function_evaluations,0.00021752499998228814,17.41559270800002,1.0649871826171875,1.1681232452392578,,,F3_Zakharov,30,PSOLVIW
True,16,58,87.10871455239675,function_evaluations,300000,,300000,5999,300000,0,max_function_evaluations,0.0002490859999966233,21.496917268000004,1.1031341552734375,1.2118549346923828,,,F3_Zakharov,30,PSOLVIW
True,17,59,63.924739411387975,function_evaluations,300000,,300000,5999,300000,0,max_function_evaluations,0.00021906500001023232,17.84713216900002,0.9432525634765625,1.039773941040039,,,F3_Zakharov,30,PSOLVIW
True,18,60,175.8072618429851,function_evaluations,300000,,300000,5999,300000,0,max_function_evaluations,0.00026574899999332047,18.238328316000036,0.9298324584960938,1.0242786407470703,,,F3_Zakharov,30,PSOLVIW
True,19,61,104.58346352705746,function_evaluations,300000,,300000,5999,300000,0,max_function_evaluations,0.00021962200003144972,17.984340081000028,0.962066650390625,1.0583133697509766,,,F3_Zakharov,30,PSOLVIW
True,20,62,1510.4512853293613,function_evaluations,300000,,300000,5999,300000,0,max_function_evaluations,0.00024302499997475024,19.136116552000033,0.971099853515625,1.0656986236572266,,,F3_Zakharov,30,PSOLVIW
True,21,63,81.79717819054139,function_evaluations,300000,,300000,5999,300000,0,max_function_evaluations,0.00022023399998261084,16.91429455599996,1.0771865844726562,1.1802921295166016,,,F3_Zakharov,30,PSOLVIW
True,22,64,289.6972573519099,function_evaluations,300000,,300000,5999,300000,0,max_function_evaluations,0.000244477000023835,10.99011906200002,0.9849929809570312,1.0803546905517578,,,F3_Zakharov,30,PSOLVIW
True,23,65,180.6652895619244,function_evaluations,300000,,300000,5999,300000,0,max_function_evaluations,0.00021587300000192045,11.216982359999975,0.9449386596679688,1.0413074493408203,,,F3_Zakharov,30,PSOLVIW
True,24,66,338.9942617607353,function_evaluations,300000,,300000,5999,300000,0,max_function_evaluations,0.0002334410000344178,8.835020357000019,1.0102386474609375,1.104715347290039,,,F3_Zakharov,30,PSOLVIW
True,0,42,31.86318327924039,function_evaluations,300000,,300000,5999,300000,0,max_function_evaluations,0.00021263700000417884,16.698460350999994,1.239715576171875,1.3368778228759766,,,F3_Zakharov,30,PSOTVAC
True,1,43,32.41442508094474,function_evaluations,300000,,300000,5999,300000,0,max_function_evaluations,0.00015947800000049028,18.45161776599997,1.2277374267578125,1.324106216430664,,,F3_Zakharov,30,PSOTVAC
True,2,44,31.863183279240104,function_evaluations,300000,,300000,5999,300000,0,max_function_evaluations,0.0001392979999650379,17.950116767999987,1.2350006103515625,1.330087661743164,,,F3_Zakharov,30,PSOTVAC
True,3,45,34.65796823437819,function_evaluations,300000,,300000,5999,300000,0,max_function_evaluations,0.00023803699997415606,22.538181148000035,1.1958389282226562,1.2910327911376953,,,F3_Zakharov,30,PSOTVAC
True,4,46,36.426098693276,function_evaluations,300000,,300000,5999,300000,0,max_function_evaluations,0.0002252130000215402,21.321536080999977,1.180999755859375,1.2752017974853516,,,F3_Zakharov,30,PSOTVAC
True,5,47,33.49100591638978,function_evaluations,300000,,300000,5999,300000,0,max_function_evaluations,0.00019534300002987948,18.26362126700002,2.0568771362304688,2.321695327758789,,,F3_Zakharov,30,PSOTVAC
True,6,48,33.27811312840976,function_evaluations,300000,,300000,5999,300000,0,max_function_evaluations,0.00022301600000673716,22.48198655599998,2.017120361328125,2.258943557739258,,,F3_Zakharov,30,PSOTVAC
True,7,49,32.00248392112229,function_evaluations,300000,,300000,5999,300000,0,max_function_evaluations,0.00013652699999511242,12.289559153000027,1.8377685546875,2.0592517852783203,,,F3_Zakharov,30,PSOTVAC
True,8,50,33.86881031652922,function_evaluations,300000,,300000,5999,300000,0,max_function_evaluations,0.00018735999998398256,19.47423544200001,1.1968841552734375,1.2918949127197266,,,F3_Zakharov,30,PSOTVAC
True,9,51,98.9870502069121,function_evaluations,300000,,300000,5999,300000,0,max_function_evaluations,0.00018644400000766836,23.129817613,1.9472732543945312,2.1891422271728516,,,F3_Zakharov,30,PSOTVAC
True,10,52,82.58071045453778,function_evaluations,300000,,300000,5999,300000,0,max_function_evaluations,0.00020528200002445374,17.829010512000025,2.1601409912109375,2.4507617950439453,,,F3_Zakharov,30,PSOTVAC
True,11,53,213.13495773804505,function_evaluations,300000,,300000,5999,300000,0,max_function_evaluations,0.0002450020000424047,13.926504062999982,1.3199615478515625,1.4181385040283203,,,F3_Zakharov,30,PSOTVAC
True,12,54,202.96010580871848,function_evaluations,300000,,300000,5999,300000,0,max_function_evaluations,0.0002194099999996979,19.073138832999973,1.2071304321289062,1.3022174835205078,,,F3_Zakharov,30,PSOTVAC
True,13,55,32.373503503707354,function_evaluations,300000,,300000,5999,300000,0,max_function_evaluations,0.0002371009999819762,16.746259088999977,1.2961502075195312,1.394296646118164,,,F3_Zakharov,30,PSOTVAC
True,14,56,33.32989819655495,function_evaluations,300000,,300000,5999,300000,0,max_function_evaluations,0.0002376950000098077,16.277513666000004,1.214691162109375,1.308908462524414,,,F3_Zakharov,30,PSOTVAC
True,15,57,101.59628561186639,function_evaluations,300000,,300000,5999,300000,0,max_function_evaluations,0.00023469399997111395,15.43945061200003,1.2224044799804688,1.3172473907470703,,,F3_Zakharov,30,PSOTVAC
True,16,58,32.41793765730699,function_evaluations,300000,,300000,5999,300000,0,max_function_evaluations,0.0002251779999937753,17.49157176799997,2.0179290771484375,2.259767532348633,,,F3_Zakharov,30,PSOTVAC
True,17,59,94.90392241960694,function_evaluations,300000,,300000,5999,300000,0,max_function_evaluations,0.000321500999973523,19.048936420000018,1.2341156005859375,1.3296451568603516,,,F3_Zakharov,30,PSOTVAC
True,18,60,143.79756617209557,function_evaluations,300000,,300000,5999,300000,0,max_function_evaluations,0.0002196929999627173,16.130013315999975,1.7403564453125,1.9275836944580078,,,F3_Zakharov,30,PSOTVAC
True,19,61,31.81071166470616,function_evaluations,300000,,300000,5999,300000,0,max_function_evaluations,0.000251368000022012,20.459268178000002,1.251220703125,1.3463687896728516,,,F3_Zakharov,30,PSOTVAC
True,20,62,31.863183279240047,function_evaluations,300000,,300000,5999,300000,0,max_function_evaluations,0.00022573399996872467,16.784621589999972,1.2533721923828125,1.3478031158447266,,,F3_Zakharov,30,PSOTVAC
True,21,63,31.863183279240047,function_evaluations,300000,,300000,5999,300000,0,max_function_evaluations,0.00026063500001782813,18.71677135599998,1.2250137329101562,1.3194751739501953,,,F3_Zakharov,30,PSOTVAC
True,22,64,78.9247571383778,function_evaluations,300000,,300000,5999,300000,0,max_function_evaluations,0.00024559100000942635,16.32743207599998,2.0771484375,2.341951370239258,,,F3_Zakharov,30,PSOTVAC
True,23,65,168.55133195836345,function_evaluations,300000,,300000,5999,300000,0,max_function_evaluations,0.00023190199999589822,10.038171554999963,2.1509780883789062,2.4415836334228516,,,F3_Zakharov,30,PSOTVAC
True,24,66,35.19903620716616,function_evaluations,300000,,300000,5999,300000,0,max_function_evaluations,0.000249617000008584,9.355900703000032,1.191162109375,1.2871646881103516,,,F3_Zakharov,30,PSOTVAC
True,0,42,153.90617413602,function_evaluations,300000,,300000,5999,300000,0,max_function_evaluations,0.00014906500001643508,14.951842908999993,0.9004058837890625,0.9947223663330078,,,F3_Zakharov,30,APSOVI
True,1,43,102.83479592800683,function_evaluations,300000,,300000,5999,300000,0,max_function_evaluations,0.00021630999998478728,18.898318581000012,0.94793701171875,1.0448627471923828,,,F3_Zakharov,30,APSOVI
True,2,44,125.42033361145695,function_evaluations,300000,,300000,5999,300000,0,max_function_evaluations,0.00020125799994730187,16.191412710999998,0.98883056640625,1.0836963653564453,,,F3_Zakharov,30,APSOVI
True,3,45,36.42610478639074,function_evaluations,300000,,300000,5999,300000,0,max_function_evaluations,0.00017846099996177145,18.841808369999967,0.9726028442382812,1.0671710968017578,,,F3_Zakharov,30,APSOVI
True,4,46,102.77948507504209,function_evaluations,300000,,300000,5999,300000,0,max_function_evaluations,0.0002139959999567509,22.820722624999974,0.9407119750976562,1.035348892211914,,,F3_Zakharov,30,APSOVI
True,5,47,31.890898715352478,function_evaluations,300000,,300000,5999,300000,0,max_function_evaluations,0.00020476999998209067,15.005469355000002,0.9972305297851562,1.0915164947509766,,,F3_Zakharov,30,APSOVI
True,6,48,61.55419749725132,function_evaluations,300000,,300000,5999,300000,0,max_function_evaluations,0.0001860330000340582,22.09322309299995,0.9577255249023438,1.053293228149414,,,F3_Zakharov,30,APSOVI
True,7,49,188.84572012656258,function_evaluations,300000,,300000,5999,300000,0,max_function_evaluations,0.00021548900002699156,20.40531843599996,0.9821701049804688,1.078744888305664,,,F3_Zakharov,30,APSOVI
True,8,50,104.58347730941159,function_evaluations,300000,,300000,5999,300000,0,max_function_evaluations,0.00021492499996611514,23.554066621999993,0.9902801513671875,1.084787368774414,,,F3_Zakharov,30,APSOVI
True,9,51,135.90810608542517,function_evaluations,300000,,300000,5999,300000,0,max_function_evaluations,0.00023293099997090394,23.179581331999998,0.9632949829101562,1.0585269927978516,,,F3_Zakharov,30,APSOVI
True,10,52,233.264818249187,function_evaluations,300000,,300000,5999,300000,0,max_function_evaluations,0.00019941499999731604,19.14471677199998,1.0329208374023438,1.1310901641845703,,,F3_Zakharov,30,APSOVI
True,11,53,114.741141925004,function_evaluations,300000,,300000,5999,300000,0,max_function_evaluations,0.00022063299996943897,11.233194173000015,0.985198974609375,1.0810108184814453,,,F3_Zakharov,30,APSOVI
True,12,54,104.58352247395908,function_evaluations,300000,,300000,5999,300000,0,max_function_evaluations,0.00021940599998515609,19.054103698000006,0.9923248291015625,1.0866260528564453,,,F3_Zakharov,30,APSOVI
True,13,55,391.67055689194467,function_evaluations,300000,,300000,5999,300000,0,max_function_evaluations,0.00022589500002823115,18.68481294700001,1.008087158203125,1.1023883819580078,,,F3_Zakharov,30,APSOVI
True,14,56,36.42611268887771,function_evaluations,300000,,300000,5999,300000,0,max_function_evaluations,0.00023060900002747076,19.077336979999984,0.9507598876953125,1.0475635528564453,,,F3_Zakharov,30,APSOVI
True,15,57,153.65130555523956,function_evaluations,300000,,300000,5999,300000,0,max_function_evaluations,0.0002256710000096973,19.298784094999974,0.9793472290039062,1.0758075714111328,,,F3_Zakharov,30,APSOVI
True,16,58,87.90400713195152,function_evaluations,300000,,300000,5999,300000,0,max_function_evaluations,0.00023504800003593118,18.946165560999987,0.9730300903320312,1.067667007446289,,,F3_Zakharov,30,APSOVI
True,17,59,106.56074921246329,function_evaluations,300000,,300000,5999,300000,0,max_function_evaluations,0.0002452299999617935,18.295240399000022,0.9834136962890625,1.0787296295166016,,,F3_Zakharov,30,APSOVI
True,18,60,109.01205634771992,function_evaluations,300000,,300000,5999,300000,0,max_function_evaluations,0.0002406460000088373,18.995553181000048,0.9857711791992188,1.0804691314697266,,,F3_Zakharov,30,APSOVI
True,19,61,120.51203552241282,function_evaluations,300000,,300000,5999,300000,0,max_function_evaluations,0.0002651919999721031,18.69929799900001,1.0401382446289062,1.1432361602783203,,,F3_Zakharov,30,APSOVI
True,20,62,60.4500773403762,function_evaluations,300000,,300000,5999,300000,0,max_function_evaluations,0.0002534410000407661,20.042581317999975,0.9318618774414062,1.0267353057861328,,,F3_Zakharov,30,APSOVI
True,21,63,613.1529575418847,function_evaluations,300000,,300000,5999,300000,0,max_function_evaluations,0.00026166300000340925,19.71446705599999,0.986328125,1.0812244415283203,,,F3_Zakharov,30,APSOVI
True,22,64,171.99734604100377,function_evaluations,300000,,300000,5999,300000,0,max_function_evaluations,0.00024398499999733758,11.996207840000011,1.0970840454101562,1.211984634399414,,,F3_Zakharov,30,APSOVI
True,23,65,349.94961079913026,function_evaluations,300000,,300000,5999,300000,0,max_function_evaluations,0.0002215179999893735,10.955695139999989,0.9852981567382812,1.0828876495361328,,,F3_Zakharov,30,APSOVI
True,24,66,221.61134859360754,function_evaluations,300000,,300000,5999,300000,0,max_function_evaluations,0.00022569399999383677,9.983527697999989,0.9120407104492188,1.0063800811767578,,,F3_Zakharov,30,APSOVI
True,0,42,31.81078762117943,function_evaluations,300000,,300000,5881,300000,0,max_function_evaluations,0.0004315459999588711,25.410974753999994,1.489882469177246,2.7320547103881836,,,F3_Zakharov,30,APSO
True,1,43,31.810711665033296,function_evaluations,300000,,300000,5881,300000,0,max_function_evaluations,0.0004692350000254919,24.36433886599997,1.4938077926635742,2.7354307174682617,,,F3_Zakharov,30,APSO
True,2,44,34.35407378880524,function_evaluations,300000,,300000,5881,300000,0,max_function_evaluations,0.0005776610000225446,29.110423991000005,2.0411415100097656,3.298755645751953,,,F3_Zakharov,30,APSO
True,3,45,31.897057130349367,function_evaluations,300000,,300000,5881,300000,0,max_function_evaluations,0.0006612949999862394,24.667754533999982,1.963754653930664,3.212503433227539,,,F3_Zakharov,30,APSO
True,4,46,31.810711664705423,function_evaluations,300000,,300000,5881,300000,0,max_function_evaluations,0.00042585599999256374,23.849158442000032,1.5602235794067383,2.8065919876098633,,,F3_Zakharov,30,APSO
True,5,47,31.810711664705536,function_evaluations,300000,,300000,5881,300000,0,max_function_evaluations,0.00044063399997185115,23.928312812,1.5188932418823242,2.7607946395874023,,,F3_Zakharov,30,APSO
True,6,48,2.161010508187985,function_evaluations,300000,,300000,5881,300000,0,max_function_evaluations,0.00044488300000011805,19.299935941,1.7714462280273438,3.0136184692382812,,,F3_Zakharov,30,APSO
True,7,49,31.810711664705366,function_evaluations,300000,,300000,5881,300000,0,max_function_evaluations,0.0006163360000073226,19.969417813999996,1.5453290939331055,2.788325309753418,,,F3_Zakharov,30,APSO
True,8,50,31.81071166470531,function_evaluations,300000,,300000,5881,300000,0,max_function_evaluations,0.0006213249999973414,27.70090273599999,1.5027475357055664,2.748063087463379,,,F3_Zakharov,30,APSO
True,9,51,31.81071166470531,function_evaluations,300000,,300000,5881,300000,0,max_function_evaluations,0.0006830250000007254,22.001529075999997,1.5217275619506836,2.763503074645996,,,F3_Zakharov,30,APSO
True,10,52,68.33100207592872,function_evaluations,300000,,300000,5881,300000,0,max_function_evaluations,0.0006936380000297504,28.823461728999973,1.7549419403076172,3.0006465911865234,,,F3_Zakharov,30,APSO
True,11,53,32.01037514452645,function_evaluations,300000,,300000,5881,300000,0,max_function_evaluations,0.0002751149999653535,21.989656874999923,1.8166446685791016,3.064912796020508,,,F3_Zakharov,30,APSO
True,12,54,31.810711664705423,function_evaluations,300000,,300000,5881,300000,0,max_function_evaluations,0.0001938439999662478,18.690356346999977,1.4755525588989258,2.720463752746582,,,F3_Zakharov,30,APSO
True,13,55,31.810711664705423,function_evaluations,300000,,300000,5881,300000,0,max_function_evaluations,0.00026886799997782873,29.242003333000014,1.5066194534301758,2.750065803527832,,,F3_Zakharov,30,APSO
True,14,56,21.335424430774253,function_evaluations,300000,,300000,5881,300000,0,max_function_evaluations,0.0002475769999819022,23.792597004999948,1.786250114440918,3.036227226257324,,,F3_Zakharov,30,APSO
True,15,57,31.810711664705536,function_evaluations,300000,,300000,5881,300000,0,max_function_evaluations,0.0002447640000013962,24.71023200999997,1.705026626586914,2.949178695678711,,,F3_Zakharov,30,APSO
True,16,58,31.815354828907175,function_evaluations,300000,,300000,5881,300000,0,max_function_evaluations,0.0002397009999981492,25.385954431000016,1.7239971160888672,2.967824935913086,,,F3_Zakharov,30,APSO
True,17,59,29.82168912775836,function_evaluations,300000,,300000,5881,300000,0,max_function_evaluations,0.00024467499997626874,17.283146510999984,1.7686891555786133,3.0112810134887695,,,F3_Zakharov,30,APSO
True,18,60,31.811843770095493,function_evaluations,300000,,300000,5881,300000,0,max_function_evaluations,0.00024686399996198816,23.55281968999998,1.415008544921875,2.6586151123046875,,,F3_Zakharov,30,APSO
True,19,61,29.98851501584204,function_evaluations,300000,,300000,5881,300000,0,max_function_evaluations,0.0002772209999761799,24.161241920000066,1.7715559005737305,3.013381004333496,,,F3_Zakharov,30,APSO
True,20,62,14.220222045876767,function_evaluations,300000,,300000,5881,300000,0,max_function_evaluations,0.00026729699999350487,24.892109190999975,1.8157520294189453,3.059907913208008,,,F3_Zakharov,30,APSO
True,21,63,31.81071166470548,function_evaluations,300000,,300000,5881,300000,0,max_function_evaluations,0.00029173699999773817,22.056142428000044,1.4519968032836914,2.6927881240844727,,,F3_Zakharov,30,APSO
True,22,64,78.45012071176717,function_evaluations,300000,,300000,5881,300000,0,max_function_evaluations,0.00029503200005365215,18.515867924999952,1.7875041961669922,3.037557601928711,,,F3_Zakharov,30,APSO
True,23,65,72.50284808438175,function_evaluations,300000,,300000,5881,300000,0,max_function_evaluations,0.0002539980000619835,14.947583596000072,1.7592554092407227,3.0039453506469727,,,F3_Zakharov,30,APSO
True,24,66,31.810711664705423,function_evaluations,300000,,300000,5881,300000,0,max_function_evaluations,0.00024074700002074678,13.042212266999968,1.4634933471679688,2.7061843872070312,,,F3_Zakharov,30,APSO
True,0,42,566.9171617951279,function_evaluations,300000,,300000,5999,300000,0,max_function_evaluations,0.0003776009999683083,12.736249348000001,1.2957868576049805,1.3944673538208008,,,F3_Zakharov,30,UAPSO
True,1,43,1630.5817169147501,function_evaluations,300000,,300000,5999,300000,0,max_function_evaluations,0.0003715130000045974,25.429671589999998,1.189474105834961,1.284754753112793,,,F3_Zakharov,30,UAPSO
True,2,44,795.8109585756099,function_evaluations,300000,,300000,5999,300000,0,max_function_evaluations,0.00040319099991847906,20.697988398000007,1.2205333709716797,1.3169021606445312,,,F3_Zakharov,30,UAPSO
True,3,45,228.01587853588887,function_evaluations,300000,,300000,5999,300000,0,max_function_evaluations,0.0007485529999939899,25.59300732600002,1.3211383819580078,1.4247627258300781,,,F3_Zakharov,30,UAPSO
True,4,46,947.6121468871115,function_evaluations,300000,,300000,5999,300000,0,max_function_evaluations,0.0004856739999468118,20.723601577999943,1.4519433975219727,1.5824155807495117,,,F3_Zakharov,30,UAPSO
True,5,47,4069.427802299706,function_evaluations,300000,,300000,5999,300000,0,max_function_evaluations,0.0004913630000373814,19.752757834000022,1.2232236862182617,1.3191804885864258,,,F3_Zakharov,30,UAPSO
True,6,48,350.21350818401356,function_evaluations,300000,,300000,5999,300000,0,max_function_evaluations,0.0007643259999667862,25.16184737100002,1.2268543243408203,1.3218345642089844,,,F3_Zakharov,30,UAPSO
True,7,49,478.57821079245036,function_evaluations,300000,,300000,5999,300000,0,max_function_evaluations,0.0006413890000658284,20.823597190999976,1.1822500228881836,1.2769737243652344,,,F3_Zakharov,30,UAPSO
True,8,50,691.8174349367529,function_evaluations,300000,,300000,5999,300000,0,max_function_evaluations,0.0003857460000062929,24.957312185999967,1.240182876586914,1.3357124328613281,,,F3_Zakharov,30,UAPSO
True,9,51,1514.9929567861286,function_evaluations,300000,,300000,5999,300000,0,max_function_evaluations,0.0003196749999005988,20.73086128600005,1.2036151885986328,1.3007011413574219,,,F3_Zakharov,30,UAPSO
True,10,52,328.077442229266,function_evaluations,300000,,300000,5999,300000,0,max_function_evaluations,0.0003292740000233607,20.632215217000066,1.306746482849121,1.4103631973266602,,,F3_Zakharov,30,UAPSO
True,11,53,753.6756071042719,function_evaluations,300000,,300000,5999,300000,0,max_function_evaluations,0.0005180800000061936,12.051075881999964,1.2209138870239258,1.3170843124389648,,,F3_Zakharov,30,UAPSO
True,12,54,654.4916729646184,function_evaluations,300000,,300000,5999,300000,0,max_function_evaluations,0.000362932000030014,21.079607070000066,1.309708595275879,1.413325309753418,,,F3_Zakharov,30,UAPSO
True,13,55,944.1937003947091,function_evaluations,300000,,300000,5999,300000,0,max_function_evaluations,0.0003691989999197176,20.68477951300008,1.288325309753418,1.386998176574707,,,F3_Zakharov,30,UAPSO
True,14,56,233.77292491847174,function_evaluations,300000,,300000,5999,300000,0,max_function_evaluations,0.00036593400000128895,20.857409546999975,1.261505126953125,1.3599414825439453,,,F3_Zakharov,30,UAPSO
True,15,57,1361.4042056190597,function_evaluations,300000,,300000,5999,300000,0,max_function_evaluations,0.00036667400001988426,20.851818870999978,1.1869840621948242,1.2825136184692383,,,F3_Zakharov,30,UAPSO
True,16,58,767.9465835524761,function_evaluations,300000,,300000,5999,300000,0,max_function_evaluations,0.0003680659999645286,20.970981796000046,1.2872228622436523,1.3858957290649414,,,F3_Zakharov,30,UAPSO
True,17,59,511.25402942641165,function_evaluations,300000,,300000,5999,300000,0,max_function_evaluations,0.0003748450000102821,20.802657731000068,1.384169578552246,1.4996271133422852,,,F3_Zakharov,30,UAPSO
True,18,60,390.38509711252823,function_evaluations,300000,,300000,5999,300000,0,max_function_evaluations,0.0003846220000696121,12.40498104400001,1.3255910873413086,1.4292078018188477,,,F3_Zakharov,30,UAPSO
True,19,61,519.6965838564544,function_evaluations,300000,,300000,5999,300000,0,max_function_evaluations,0.00041614600002048974,22.214079889000004,1.2901506423950195,1.3888235092163086,,,F3_Zakharov,30,UAPSO
True,20,62,112.03806420485682,function_evaluations,300000,,300000,5999,300000,0,max_function_evaluations,0.00045117199999822333,20.083103713000014,1.2126035690307617,1.3077363967895508,,,F3_Zakharov,30,UAPSO
True,21,63,336.89787115746685,function_evaluations,300000,,300000,5999,300000,0,max_function_evaluations,0.00042951199998242373,20.02602283200008,1.3397512435913086,1.4489221572875977,,,F3_Zakharov,30,UAPSO
True,22,64,759.0208834414902,function_evaluations,300000,,300000,5999,300000,0,max_function_evaluations,0.00043338700004369457,21.74055712100005,1.2443714141845703,1.3424339294433594,,,F3_Zakharov,30,UAPSO
True,23,65,364.7069972429242,function_evaluations,300000,,300000,5999,300000,0,max_function_evaluations,0.0003741369999943345,10.646674493999967,1.2262468338012695,1.3214712142944336,,,F3_Zakharov,30,UAPSO
True,24,66,270.1609334205152,function_evaluations,300000,,300000,5999,300000,0,max_function_evaluations,0.0003788220000160436,9.647751110999934,1.3814525604248047,1.4969100952148438,,,F3_Zakharov,30,UAPSO
True,0,42,0.0063334030295436605,function_evaluations,300000,,300000,5999,300000,0,max_function_evaluations,0.00023213399992982886,100.96600710000007,0.7120208740234375,0.8062229156494141,,,F5_Rastrigin_SR,30,PSO
True,1,43,0.003454148749426622,function_evaluations,300000,,300000,5999,300000,0,max_function_evaluations,0.00021994700000504963,78.20522822499993,0.708709716796875,0.8030643463134766,,,F5_Rastrigin_SR,30,PSO
True,2,44,0.005061239823419328,function_evaluations,300000,,300000,5999,300000,0,max_function_evaluations,0.0002481029999898965,97.89429994600005,0.7086257934570312,0.8029804229736328,,,F5_Rastrigin_SR,30,PSO
True,3,45,0.005066926078143297,function_evaluations,300000,,300000,5999,300000,0,max_function_evaluations,0.00015105900001799455,98.27089310500003,0.7073974609375,0.8015995025634766,,,F5_Rastrigin_SR,30,PSO
True,4,46,0.0036384890041745166,function_evaluations,300000,,300000,5999,300000,0,max_function_evaluations,0.00014676800003599055,97.5223115,0.7296524047851562,0.8239765167236328,,,F5_Rastrigin_SR,30,PSO
True,5,47,0.0021732054221956787,function_evaluations,300000,,300000,5999,300000,0,max_function_evaluations,0.0001753479999706542,93.573170914,0.724395751953125,0.8188724517822266,,,F5_Rastrigin_SR,30,PSO
True,6,48,0.011587936395869747,function_evaluations,300000,,300000,5999,300000,0,max_function_evaluations,0.00018887699991410045,105.13595780899993,0.7080001831054688,0.8021106719970703,,,F5_Rastrigin_SR,30,PSO
True,7,49,0.007270417074039415,function_evaluations,300000,,300000,5999,300000,0,max_function_evaluations,0.00019054400002005423,102.93166840200001,0.710357666015625,0.8044376373291016,,,F5_Rastrigin_SR,30,PSO
True,8,50,0.005428598161245191,function_evaluations,300000,,300000,5999,300000,0,max_function_evaluations,0.00019007100001999788,94.21250286600002,0.7050628662109375,0.7993259429931641,,,F5_Rastrigin_SR,30,PSO
True,9,51,0.0007659945812861224,function_evaluations,300000,,300000,5999,300000,0,max_function_evaluations,0.00021052600004622946,102.50224886900003,0.7210617065429688,0.8153858184814453,,,F5_Rastrigin_SR,30,PSO
True,10,52,0.002568896226534889,function_evaluations,300000,,300000,5999,300000,0,max_function_evaluations,0.00018851600009384128,95.08203523500003,0.7119064331054688,0.8061389923095703,,,F5_Rastrigin_SR,30,PSO
True,11,53,0.003268332024333631,function_evaluations,300000,,300000,5999,300000,0,max_function_evaluations,0.00021179299994855683,103.70537880100005,0.7264404296875,0.8205814361572266,,,F5_Rastrigin_SR,30,PSO
True,12,54,0.004309839529526016,function_evaluations,300000,,300000,5999,300000,0,max_function_evaluations,0.00020814999993490346,88.78582578199996,0.7098770141601562,0.8040485382080078,,,F5_Rastrigin_SR,30,PSO
True,13,55,0.00040123019596194354,function_evaluations,300000,,300000,5999,300000,0,max_function_evaluations,0.0002167019999887998,88.24250767900003,0.7156753540039062,0.8097858428955078,,,F5_Rastrigin_SR,30,PSO
True,14,56,0.0019129296443338717,function_evaluations,300000,,300000,5999,300000,0,max_function_evaluations,0.00025817900007041317,97.96851731900006,0.706512451171875,0.8008365631103516,,,F5_Rastrigin_SR,30,PSO
True,15,57,0.0006481946156782215,function_evaluations,300000,,300000,5999,300000,0,max_function_evaluations,0.00021647199992003152,91.97551875099998,0.7073898315429688,0.8015918731689453,,,F5_Rastrigin_SR,30,PSO
True,16,58,0.0021505108352926072,function_evaluations,300000,,300000,5999,300000,0,max_function_evaluations,0.0002279259999795613,97.37293094200004,0.7106475830078125,0.8050632476806641,,,F5_Rastrigin_SR,30,PSO
True,17,59,0.0070248752820702975,function_evaluations,300000,,300000,5999,300000,0,max_function_evaluations,0.0002112810000198806,97.33887553200009,0.7181930541992188,0.8124256134033203,,,F5_Rastrigin_SR,30,PSO
True,18,60,0.005221570385060659,function_evaluations,300000,,300000,5999,300000,0,max_function_evaluations,0.00023167000006196758,94.50844509199999,0.7072067260742188,0.8014392852783203,,,F5_Rastrigin_SR,30,PSO
True,19,61,0.001613314453777548,function_evaluations,300000,,300000,5999,300000,0,max_function_evaluations,0.0002090680000037537,97.02153231499994,0.7088088989257812,0.8031330108642578,,,F5_Rastrigin_SR,30,PSO
True,20,62,0.0032031712560751657,function_evaluations,300000,,300000,5999,300000,0,max_function_evaluations,0.00020972499999061256,98.11559777299999,0.7240142822265625,0.8185520172119141,,,F5_Rastrigin_SR,30,PSO
True,21,63,0.0016981527280677255,function_evaluations,300000,,300000,5999,300000,0,max_function_evaluations,0.0002560509999511851,96.47611487799998,0.7057113647460938,0.7998828887939453,,,F5_Rastrigin_SR,30,PSO
True,22,64,0.002301099804014939,function_evaluations,300000,,300000,5999,300000,0,max_function_evaluations,0.00020976200005407009,51.52665471600005,0.7043609619140625,0.7984409332275391,,,F5_Rastrigin_SR,30,PSO
True,23,65,0.006019619387416242,function_evaluations,300000,,300000,5999,300000,0,max_function_evaluations,0.00021920200003933132,46.88986235999994,0.7063674926757812,0.8007221221923828,,,F5_Rastrigin_SR,30,PSO
True,24,66,0.0017987395057161848,function_evaluations,300000,,300000,5999,300000,0,max_function_evaluations,0.00020948299993506225,50.960090534000074,0.719482421875,0.8140811920166016,,,F5_Rastrigin_SR,30,PSO
True,0,42,7.002267921052407e-07,function_evaluations,300000,,300000,5999,300000,0,max_function_evaluations,0.0001504710000972409,104.08900866399995,1.0369644165039062,1.1350269317626953,,,F5_Rastrigin_SR,30,PSOLVIW
True,1,43,1.459339102893864e-06,function_evaluations,300000,,300000,5999,300000,0,max_function_evaluations,0.00023003900003004674,98.08644238399995,1.018341064453125,1.1146106719970703,,,F5_Rastrigin_SR,30,PSOLVIW
True,2,44,2.257161816032749e-05,function_evaluations,300000,,300000,5999,300000,0,max_function_evaluations,0.00021839499993348,100.60055083200007,1.0351028442382812,1.1331653594970703,,,F5_Rastrigin_SR,30,PSOLVIW
True,3,45,1.0304178545084142e-05,function_evaluations,300000,,300000,5999,300000,0,max_function_evaluations,0.00017696499992325698,74.87000097600003,1.00714111328125,1.101236343383789,,,F5_Rastrigin_SR,30,PSOLVIW
True,4,46,0.0005151297563088519,function_evaluations,300000,,300000,5999,300000,0,max_function_evaluations,0.00014233899992177612,95.47854568600007,1.0515289306640625,1.1545352935791016,,,F5_Rastrigin_SR,30,PSOLVIW
True,5,47,1.686681400769885e-06,function_evaluations,300000,,300000,5999,300000,0,max_function_evaluations,0.00022244900003443036,100.55905498800007,1.07562255859375,1.178628921508789,,,F5_Rastrigin_SR,30,PSOLVIW
True,6,48,2.0811999718262086e-05,function_evaluations,300000,,300000,5999,300000,0,max_function_evaluations,0.00021233299992218235,99.75883472199996,1.0945663452148438,1.2031269073486328,,,F5_Rastrigin_SR,30,PSOLVIW
True,7,49,8.964627795648994e-08,function_evaluations,300000,,300000,5999,300000,0,max_function_evaluations,0.00022136199993383343,97.01289749,1.0294647216796875,1.1239490509033203,,,F5_Rastrigin_SR,30,PSOLVIW
True,8,50,6.666309104730317e-07,function_evaluations,300000,,300000,5999,300000,0,max_function_evaluations,0.00019259999999121646,100.74376839700005,1.0170211791992188,1.1134662628173828,,,F5_Rastrigin_SR,30,PSOLVIW
True,9,51,4.058663375872129e-05,function_evaluations,300000,,300000,5999,300000,0,max_function_evaluations,0.00017620000005535985,96.38060094599996,1.0237579345703125,1.1192188262939453,,,F5_Rastrigin_SR,30,PSOLVIW
True,10,52,3.1849712172515865e-05,function_evaluations,300000,,300000,5999,300000,0,max_function_evaluations,0.00017970400006106502,104.75317344099994,1.0197601318359375,1.1157093048095703,,,F5_Rastrigin_SR,30,PSOLVIW
True,11,53,4.3322816225099814e-05,function_evaluations,300000,,300000,5999,300000,0,max_function_evaluations,0.00022465600000032282,85.02595913200003,1.0179977416992188,1.1143207550048828,,,F5_Rastrigin_SR,30,PSOLVIW
True,12,54,8.352856423243793e-05,function_evaluations,300000,,300000,5999,300000,0,max_function_evaluations,0.00021245499999622552,82.65876730399998,1.0434188842773438,1.1414813995361328,,,F5_Rastrigin_SR,30,PSOLVIW
True,13,55,9.193725816203369e-06,function_evaluations,300000,,300000,5999,300000,0,max_function_evaluations,0.00021168700004636776,100.03025350400003,1.0467681884765625,1.1448307037353516,,,F5_Rastrigin_SR,30,PSOLVIW
True,14,56,0.00010704885107770679,function_evaluations,300000,,300000,5999,300000,0,max_function_evaluations,0.0002455029999737235,96.85848417400007,1.0650482177734375,1.1680545806884766,,,F5_Rastrigin_SR,30,PSOLVIW
True,15,57,3.838630391328479e-08,function_evaluations,300000,,300000,5999,300000,0,max_function_evaluations,0.00021647599999141676,102.94193712899994,1.01959228515625,1.1155109405517578,,,F5_Rastrigin_SR,30,PSOLVIW
True,16,58,0.00011545526507461545,function_evaluations,300000,,300000,5999,300000,0,max_function_evaluations,0.00030626299997038586,98.35227857000007,1.0357208251953125,1.1337833404541016,,,F5_Rastrigin_SR,30,PSOLVIW
True,17,59,6.339830065371643e-07,function_evaluations,300000,,300000,5999,300000,0,max_function_evaluations,0.00024759500001891865,100.80261514099993,1.0473480224609375,1.1454105377197266,,,F5_Rastrigin_SR,30,PSOLVIW
True,18,60,5.546961006075435e-07,function_evaluations,300000,,300000,5999,300000,0,max_function_evaluations,0.00024510799994459376,98.35011069000007,1.0308074951171875,1.1289005279541016,,,F5_Rastrigin_SR,30,PSOLVIW
True,19,61,0.00034713799891505914,function_evaluations,300000,,300000,5999,300000,0,max_function_evaluations,0.00021341799993024324,101.21228875700001,1.0234375,1.1188983917236328,,,F5_Rastrigin_SR,30,PSOLVIW
True,20,62,3.923756315771243e-05,function_evaluations,300000,,300000,5999,300000,0,max_function_evaluations,0.00021517400000448106,82.66245101800007,1.0899124145507812,1.1984729766845703,,,F5_Rastrigin_SR,30,PSOLVIW
True,21,63,5.623836216273048e-06,function_evaluations,300000,,300000,5999,300000,0,max_function_evaluations,0.00024001199994927447,96.24188101599998,1.019073486328125,1.115365982055664,,,F5_Rastrigin_SR,30,PSOLVIW
True,22,64,1.0351409400755074e-06,function_evaluations,300000,,300000,5999,300000,0,max_function_evaluations,0.00024175999999442865,66.74196369699996,1.0491714477539062,1.1472339630126953,,,F5_Rastrigin_SR,30,PSOLVIW
True,23,65,4.894684479950229e-07,function_evaluations,300000,,300000,5999,300000,0,max_function_evaluations,0.000254696999945736,56.16670607399999,1.0308303833007812,1.1249256134033203,,,F5_Rastrigin_SR,30,PSOLVIW
True,24,66,0.00016173815134834513,function_evaluations,300000,,300000,5999,300000,0,max_function_evaluations,0.0001589659999581272,48.26492539300011,1.0700531005859375,1.1730594635009766,,,F5_Rastrigin_SR,30,PSOLVIW
True,0,42,1.448055968467088e-07,function_evaluations,300000,,300000,5999,300000,0,max_function_evaluations,0.00014901100007591594,96.61976880899988,1.8202590942382812,2.0234851837158203,,,F5_Rastrigin_SR,30,PSOTVAC
True,1,43,4.144477099998767e-05,function_evaluations,300000,,300000,5999,300000,0,max_function_evaluations,0.00018625099983182736,100.5760382850001,2.1053848266601562,2.3700733184814453,,,F5_Rastrigin_SR,30,PSOTVAC
True,2,44,1.3925675830250839e-06,function_evaluations,300000,,300000,5999,300000,0,max_function_evaluations,0.00013186699993639195,94.02194792,1.8326950073242188,2.054048538208008,,,F5_Rastrigin_SR,30,PSOTVAC
True,3,45,1.1553688068488555e-05,function_evaluations,300000,,300000,5999,300000,0,max_function_evaluations,0.00021711099998356076,97.983895974,2.0365371704101562,2.3012256622314453,,,F5_Rastrigin_SR,30,PSOTVAC
True,4,46,3.6000648151457426e-07,function_evaluations,300000,,300000,5999,300000,0,max_function_evaluations,0.0002174769999783166,94.26131112200005,1.9212646484375,2.142618179321289,,,F5_Rastrigin_SR,30,PSOTVAC
True,5,47,1.4314355212263763e-07,function_evaluations,300000,,300000,5999,300000,0,max_function_evaluations,0.00021728900014750252,99.361721644,1.8480453491210938,2.069398880004883,,,F5_Rastrigin_SR,30,PSOTVAC
True,6,48,2.187384274066062e-05,function_evaluations,300000,,300000,5999,300000,0,max_function_evaluations,0.00021013800005675876,105.51900308400013,1.9630584716796875,2.2047977447509766,,,F5_Rastrigin_SR,30,PSOTVAC
True,7,49,1.575898517103269e-05,function_evaluations,300000,,300000,5999,300000,0,max_function_evaluations,0.00019968499987044197,106.51605576999987,2.0753250122070312,2.3400135040283203,,,F5_Rastrigin_SR,30,PSOTVAC
True,8,50,3.70588963960472e-08,function_evaluations,300000,,300000,5999,300000,0,max_function_evaluations,0.00017682699990473338,103.55479571699993,1.7181549072265625,1.9052677154541016,,,F5_Rastrigin_SR,30,PSOTVAC
True,9,51,1.9425329469413555e-06,function_evaluations,300000,,300000,5999,300000,0,max_function_evaluations,0.0001761519999945449,56.656787385999905,1.8422164916992188,2.063570022583008,,,F5_Rastrigin_SR,30,PSOTVAC
True,10,52,9.578673711985175e-07,function_evaluations,300000,,300000,5999,300000,0,max_function_evaluations,0.00017551499990986485,103.46801029800008,1.8434524536132812,2.0648059844970703,,,F5_Rastrigin_SR,30,PSOTVAC
True,11,53,4.7043682229741535e-06,function_evaluations,300000,,300000,5999,300000,0,max_function_evaluations,0.00022547999992639234,89.07059888100002,2.0145187377929688,2.256258010864258,,,F5_Rastrigin_SR,30,PSOTVAC
True,12,54,0.00026879688073222496,function_evaluations,300000,,300000,5999,300000,0,max_function_evaluations,0.00025328700007776206,90.28897540499997,2.11920166015625,2.383890151977539,,,F5_Rastrigin_SR,30,PSOTVAC
True,13,55,2.0449971145808377e-05,function_evaluations,300000,,300000,5999,300000,0,max_function_evaluations,0.00024644499990245095,104.6579707169999,2.13916015625,2.429666519165039,,,F5_Rastrigin_SR,30,PSOTVAC
True,14,56,5.532455134016345e-07,function_evaluations,300000,,300000,5999,300000,0,max_function_evaluations,0.0002334050000172283,95.92495991200008,1.947509765625,2.189249038696289,,,F5_Rastrigin_SR,30,PSOTVAC
True,15,57,0.00011540140678789612,function_evaluations,300000,,300000,5999,300000,0,max_function_evaluations,0.00024340699997082993,101.8612761710001,1.9197540283203125,2.1411075592041016,,,F5_Rastrigin_SR,30,PSOTVAC
True,16,58,6.763847864021955e-07,function_evaluations,300000,,300000,5999,300000,0,max_function_evaluations,0.00025087099993470474,101.11928198100009,1.8124465942382812,2.0156726837158203,,,F5_Rastrigin_SR,30,PSOTVAC
True,17,59,6.287455073561432e-05,function_evaluations,300000,,300000,5999,300000,0,max_function_evaluations,0.00025091400016208354,90.20045042400011,2.1332550048828125,2.3979434967041016,,,F5_Rastrigin_SR,30,PSOTVAC
True,18,60,5.900595283492294e-07,function_evaluations,300000,,300000,5999,300000,0,max_function_evaluations,0.0002300379999269353,94.61344182700009,2.0587387084960938,2.323427200317383,,,F5_Rastrigin_SR,30,PSOTVAC
True,19,61,5.5858903635908064e-05,function_evaluations,300000,,300000,5999,300000,0,max_function_evaluations,0.0002543399998558016,98.4829875769999,2.090789794921875,2.355478286743164,,,F5_Rastrigin_SR,30,PSOTVAC
True,20,62,4.2281203604943585e-07,function_evaluations,300000,,300000,5999,300000,0,max_function_evaluations,0.00023006400010672223,94.1947316369999,1.886474609375,2.107828140258789,,,F5_Rastrigin_SR,30,PSOTVAC
True,21,63,1.3083783869660692e-06,function_evaluations,300000,,300000,5999,300000,0,max_function_evaluations,0.0002198490001319442,93.08924652899987,1.9427871704101562,2.1845264434814453,,,F5_Rastrigin_SR,30,PSOTVAC
True,22,64,5.556475457524357e-07,function_evaluations,300000,,300000,5999,300000,0,max_function_evaluations,0.00022038099996279925,74.70689581800002,1.8077392578125,2.010965347290039,,,F5_Rastrigin_SR,30,PSOTVAC
True,23,65,3.590795824948145e-05,function_evaluations,300000,,300000,5999,300000,0,max_function_evaluations,0.00022176200013745984,51.52315390600006,2.1010818481445312,2.3657703399658203,,,F5_Rastrigin_SR,30,PSOTVAC
True,24,66,1.9603839007231727e-05,function_evaluations,300000,,300000,5999,300000,0,max_function_evaluations,0.00022202300010576437,47.621889046000206,1.8856582641601562,2.1070117950439453,,,F5_Rastrigin_SR,30,PSOTVAC
True,0,42,3.1770464147484745e-05,function_evaluations,300000,,300000,5999,300000,0,max_function_evaluations,0.00017978100004256703,99.6600095020001,0.9998016357421875,1.096200942993164,,,F5_Rastrigin_SR,30,APSOVI
True,1,43,4.630453668141854e-05,function_evaluations,300000,,300000,5999,300000,0,max_function_evaluations,0.0002028750000135915,98.26154188400005,1.0076904296875,1.1018314361572266,,,F5_Rastrigin_SR,30,APSOVI
True,2,44,2.360250562105648e-06,function_evaluations,300000,,300000,5999,300000,0,max_function_evaluations,0.0001383010001063667,106.24202493300004,1.042022705078125,1.1450519561767578,,,F5_Rastrigin_SR,30,APSOVI
True,3,45,2.9799593903589994e-09,function_evaluations,300000,,300000,5999,300000,0,max_function_evaluations,0.00015062600004966953,103.02987779799992,0.9383087158203125,1.033792495727539,,,F5_Rastrigin_SR,30,APSOVI
True,4,46,4.305452819153288e-06,function_evaluations,300000,,300000,5999,300000,0,max_function_evaluations,0.00020595099999809463,89.15216431599993,1.041046142578125,1.1440753936767578,,,F5_Rastrigin_SR,30,APSOVI
True,5,47,3.1919870707497466e-05,function_evaluations,300000,,300000,5999,300000,0,max_function_evaluations,0.00030109299996183836,101.47929544199997,1.0644378662109375,1.1730213165283203,,,F5_Rastrigin_SR,30,APSOVI
True,6,48,1.4059009458833316e-06,function_evaluations,300000,,300000,5999,300000,0,max_function_evaluations,0.00022719399999004963,98.98121869700003,1.0791702270507812,1.187753677368164,,,F5_Rastrigin_SR,30,APSOVI
True,7,49,8.095860277990141e-05,function_evaluations,300000,,300000,5999,300000,0,max_function_evaluations,0.00024396300000262272,101.43452836899996,1.0741119384765625,1.1826953887939453,,,F5_Rastrigin_SR,30,APSOVI
True,8,50,1.2627175863144657e-05,function_evaluations,300000,,300000,5999,300000,0,max_function_evaluations,0.0002384459999120736,81.46687489300007,1.042724609375,1.1457538604736328,,,F5_Rastrigin_SR,30,APSOVI
True,9,51,2.844460993856046e-06,function_evaluations,300000,,300000,5999,300000,0,max_function_evaluations,0.000252561000024798,84.45583019399987,1.0916061401367188,1.2064762115478516,,,F5_Rastrigin_SR,30,APSOVI
True,10,52,0.00011931682837484914,function_evaluations,300000,,300000,5999,300000,0,max_function_evaluations,0.00018620099990585004,98.28240277100008,1.0824127197265625,1.1909961700439453,,,F5_Rastrigin_SR,30,APSOVI
True,11,53,8.294337152392472e-05,function_evaluations,300000,,300000,5999,300000,0,max_function_evaluations,0.00023901899999145826,100.35397789600006,0.9736175537109375,1.070627212524414,,,F5_Rastrigin_SR,30,APSOVI
True,12,54,7.004229405538354e-05,function_evaluations,300000,,300000,5999,300000,0,max_function_evaluations,0.00022061499998926593,105.08359483700019,0.9997634887695312,1.0959186553955078,,,F5_Rastrigin_SR,30,APSOVI
True,13,55,1.930168934904941e-06,function_evaluations,300000,,300000,5999,300000,0,max_function_evaluations,0.00015454799995495705,94.36020590999988,1.1021499633789062,1.217020034790039,,,F5_Rastrigin_SR,30,APSOVI
True,14,56,6.470122769997033e-05,function_evaluations,300000,,300000,5999,300000,0,max_function_evaluations,0.00022064400013732666,98.620519285,1.0673141479492188,1.1758975982666016,,,F5_Rastrigin_SR,30,APSOVI
True,15,57,1.1183184369656374e-06,function_evaluations,300000,,300000,5999,300000,0,max_function_evaluations,0.00023818400018171815,100.70727277000015,1.1226425170898438,1.2445926666259766,,,F5_Rastrigin_SR,30,APSOVI
True,16,58,9.1778616706506e-05,function_evaluations,300000,,300000,5999,300000,0,max_function_evaluations,0.0002466309999817895,92.485470265,1.061981201171875,1.1705646514892578,,,F5_Rastrigin_SR,30,APSOVI
True,17,59,0.00010365392870426149,function_evaluations,300000,,300000,5999,300000,0,max_function_evaluations,0.00022973899990574864,76.35094724500004,1.1136398315429688,1.2285099029541016,,,F5_Rastrigin_SR,30,APSOVI
True,18,60,0.00010093582909576071,function_evaluations,300000,,300000,5999,300000,0,max_function_evaluations,0.0002465309999024612,84.39806274900002,1.137786865234375,1.2597370147705078,,,F5_Rastrigin_SR,30,APSOVI
True,19,61,2.894037322676013e-06,function_evaluations,300000,,300000,5999,300000,0,max_function_evaluations,0.00022880699998495402,95.98874251200004,1.1602020263671875,1.2900867462158203,,,F5_Rastrigin_SR,30,APSOVI
True,20,62,5.270058238693309e-05,function_evaluations,300000,,300000,5999,300000,0,max_function_evaluations,0.00023847200009186054,97.53350279900019,1.0379638671875,1.1409931182861328,,,F5_Rastrigin_SR,30,APSOVI
True,21,63,5.703175247617764e-07,function_evaluations,300000,,300000,5999,300000,0,max_function_evaluations,0.00025661099994067627,96.685273543,0.9607086181640625,1.057107925415039,,,F5_Rastrigin_SR,30,APSOVI
True,22,64,1.4158694227717206e-05,function_evaluations,300000,,300000,5999,300000,0,max_function_evaluations,0.00024147499993887322,58.29681142000004,1.1379470825195312,1.259897232055664,,,F5_Rastrigin_SR,30,APSOVI
True,23,65,1.4235437390652805e-05,function_evaluations,300000,,300000,5999,300000,0,max_function_evaluations,0.0002183569999942847,47.981376775999934,1.0304794311523438,1.1285648345947266,,,F5_Rastrigin_SR,30,APSOVI
True,24,66,1.967448497453006e-06,function_evaluations,300000,,300000,5999,300000,0,max_function_evaluations,0.0002521530000194616,52.15661952800019,1.0235824584960938,1.1216678619384766,,,F5_Rastrigin_SR,30,APSOVI
True,0,42,5.965003140318004e-06,function_evaluations,300000,,300000,5881,300000,0,max_function_evaluations,0.00017264699999941513,106.14579477099983,1.761739730834961,3.0060253143310547,,,F5_Rastrigin_SR,30,APSO
True,1,43,5.957050086635718e-05,function_evaluations,300000,,300000,5881,300000,0,max_function_evaluations,0.00014261299997997412,108.17006414000002,1.7927513122558594,3.042102813720703,,,F5_Rastrigin_SR,30,APSO
True,2,44,7.254899486497379e-05,function_evaluations,300000,,300000,5881,300000,0,max_function_evaluations,0.00023383200004900573,107.01604186000009,1.7733850479125977,3.0148935317993164,,,F5_Rastrigin_SR,30,APSO
True,3,45,3.7543344205914764e-05,function_evaluations,300000,,300000,5881,300000,0,max_function_evaluations,0.00015563500005555397,78.09593282299988,1.787095069885254,3.037285804748535,,,F5_Rastrigin_SR,30,APSO
True,4,46,3.4830631079785235e-05,function_evaluations,300000,,300000,5881,300000,0,max_function_evaluations,0.00043891799987250124,106.84589092600004,1.830561637878418,3.0721921920776367,,,F5_Rastrigin_SR,30,APSO
True,5,47,2.6807421022567723e-05,function_evaluations,300000,,300000,5881,300000,0,max_function_evaluations,0.00039128299999902083,103.2340996370001,1.8212099075317383,3.064518928527832,,,F5_Rastrigin_SR,30,APSO
True,6,48,1.2095929378119763e-06,function_evaluations,300000,,300000,5881,300000,0,max_function_evaluations,0.00043348200006221305,105.53074303000017,1.8821096420288086,3.1243085861206055,,,F5_Rastrigin_SR,30,APSO
True,7,49,0.001628243281459163,function_evaluations,300000,,300000,5881,300000,0,max_function_evaluations,0.0004372060000150668,101.932123176,1.8293781280517578,3.0824832916259766,,,F5_Rastrigin_SR,30,APSO
True,8,50,0.00010900315430717455,function_evaluations,300000,,300000,5881,300000,0,max_function_evaluations,0.0003603289999318804,108.54388091400006,1.7667293548583984,3.009855270385742,,,F5_Rastrigin_SR,30,APSO
True,9,51,0.0004304726227815081,function_evaluations,300000,,300000,5997,300000,0,max_function_evaluations,0.00018231999979434477,91.30541681199998,1.3545465469360352,2.595303535461426,,,F5_Rastrigin_SR,30,APSO
True,10,52,7.195674743343261e-05,function_evaluations,300000,,300000,5881,300000,0,max_function_evaluations,0.00021560000004683388,110.82692150499997,1.7973756790161133,3.045731544494629,,,F5_Rastrigin_SR,30,APSO
True,11,53,1.1827946934772626e-05,function_evaluations,300000,,300000,5881,300000,0,max_function_evaluations,0.00022907900006430282,102.34029879800005,1.7805356979370117,3.031367301940918,,,F5_Rastrigin_SR,30,APSO
True,12,54,0.0004936425598884853,function_evaluations,300000,,300000,5881,300000,0,max_function_evaluations,0.00023739100015518488,89.66406317199994,1.7890539169311523,3.038485527038574,,,F5_Rastrigin_SR,30,APSO
True,13,55,0.0008650307754578535,function_evaluations,300000,,300000,5881,300000,0,max_function_evaluations,0.00023536899993814586,97.33706034700003,1.8536758422851562,3.1025390625,,,F5_Rastrigin_SR,30,APSO
True,14,56,5.145483896740188e-07,function_evaluations,300000,,300000,5881,300000,0,max_function_evaluations,0.00026534600010563736,99.63264955399995,1.8231229782104492,3.065089225769043,,,F5_Rastrigin_SR,30,APSO
True,15,57,0.00011264222473528207,function_evaluations,300000,,300000,5881,300000,0,max_function_evaluations,0.0002548259999457514,105.76068064700007,1.7411575317382812,2.98944091796875,,,F5_Rastrigin_SR,30,APSO
True,16,58,1.5719305679340323e-05,function_evaluations,300000,,300000,5882,300000,0,max_function_evaluations,0.00023835599995436496,98.46719282599997,1.802541732788086,3.0497570037841797,,,F5_Rastrigin_SR,30,APSO
True,17,59,6.817950890081192e-05,function_evaluations,300000,,300000,5881,300000,0,max_function_evaluations,0.0002277179999055079,92.34261270999991,1.7806854248046875,3.0323410034179688,,,F5_Rastrigin_SR,30,APSO
True,18,60,0.00043367386945192266,function_evaluations,300000,,300000,5881,300000,0,max_function_evaluations,0.0002577169998403406,101.8030055270001,1.797917366027832,3.0455751419067383,,,F5_Rastrigin_SR,30,APSO
True,19,61,1.533583616719625e-05,function_evaluations,300000,,300000,5881,300000,0,max_function_evaluations,0.0002783389998057828,102.38726608900015,1.7722549438476562,3.013397216796875,,,F5_Rastrigin_SR,30,APSO
True,20,62,0.0002110324895170379,function_evaluations,300000,,300000,5881,300000,0,max_function_evaluations,0.00023895399999673828,103.49860100699993,1.8480310440063477,3.0984811782836914,,,F5_Rastrigin_SR,30,APSO
True,21,63,4.257207342561742e-05,function_evaluations,300000,,300000,5881,300000,0,max_function_evaluations,0.0022668139999950654,103.3720907039999,1.7958955764770508,3.0441484451293945,,,F5_Rastrigin_SR,30,APSO
True,22,64,0.00028762704897644653,function_evaluations,300000,,300000,5881,300000,0,max_function_evaluations,0.00023483299992221873,61.15567277499986,1.8415422439575195,3.093167304992676,,,F5_Rastrigin_SR,30,APSO
True,23,65,1.5722986461241817e-05,function_evaluations,300000,,300000,5881,300000,0,max_function_evaluations,0.00025242199990316294,61.38565468599995,1.772237777709961,3.0141773223876953,,,F5_Rastrigin_SR,30,APSO
True,24,66,1.7998672774410807e-08,function_evaluations,300000,,300000,5881,300000,0,max_function_evaluations,0.00022495100006381108,49.77086083999984,1.748915672302246,2.995856285095215,,,F5_Rastrigin_SR,30,APSO
True,0,42,0.0017644955075866164,function_evaluations,300000,,300000,5999,300000,0,max_function_evaluations,0.0002548790000673762,85.10652116799997,1.2441530227661133,1.3390722274780273,,,F5_Rastrigin_SR,30,UAPSO
True,1,43,0.002502766267809875,function_evaluations,300000,,300000,5999,300000,0,max_function_evaluations,0.00020740799982377212,101.68096753500004,1.2098112106323242,1.3056154251098633,,,F5_Rastrigin_SR,30,UAPSO
True,2,44,0.007304776542639502,function_evaluations,300000,,300000,5999,300000,0,max_function_evaluations,0.0003026680001312343,100.65330069100014,1.2983474731445312,1.3969898223876953,,,F5_Rastrigin_SR,30,UAPSO
True,3,45,2.9320011663003243e-06,function_evaluations,300000,,300000,5999,300000,0,max_function_evaluations,0.00020190800000818854,102.97626644999991,1.1913747787475586,1.2863855361938477,,,F5_Rastrigin_SR,30,UAPSO
True,4,46,0.001264627777345595,function_evaluations,300000,,300000,5999,300000,0,max_function_evaluations,0.0004298500000459171,102.93358577699996,1.3690290451049805,1.4844560623168945,,,F5_Rastrigin_SR,30,UAPSO
True,5,47,0.0006092689217211955,function_evaluations,300000,,300000,5999,300000,0,max_function_evaluations,0.0004174660000444419,101.479497734,1.1739158630371094,1.2685604095458984,,,F5_Rastrigin_SR,30,UAPSO
True,6,48,0.00018112141594883724,function_evaluations,300000,,300000,5999,300000,0,max_function_evaluations,0.0005655680001837027,103.77969715900008,1.183309555053711,1.2798337936401367,,,F5_Rastrigin_SR,30,UAPSO
True,7,49,0.0015196234775203266,function_evaluations,300000,,300000,5999,300000,0,max_function_evaluations,0.0005391789998157037,100.89135111699989,1.1932477951049805,1.2898759841918945,,,F5_Rastrigin_SR,30,UAPSO
True,8,50,0.0003749883105115259,function_evaluations,300000,,300000,5999,300000,0,max_function_evaluations,0.0005230100000517268,94.91628355600005,1.1975030899047852,1.2934293746948242,,,F5_Rastrigin_SR,30,UAPSO
True,9,51,0.001504474488683627,function_evaluations,300000,,300000,5999,300000,0,max_function_evaluations,0.00040510500002710614,86.35485146100018,1.3699684143066406,1.4853954315185547,,,F5_Rastrigin_SR,30,UAPSO
True,10,52,0.00045093980554611335,function_evaluations,300000,,300000,5999,300000,0,max_function_evaluations,0.0004159770001024299,101.77334861899999,1.173055648803711,1.267852783203125,,,F5_Rastrigin_SR,30,UAPSO
True,11,53,0.0007440580689603848,function_evaluations,300000,,300000,5999,300000,0,max_function_evaluations,0.00041020699995897303,88.15563628299992,1.2184791564941406,1.3152294158935547,,,F5_Rastrigin_SR,30,UAPSO
True,12,54,0.0008379244836760336,function_evaluations,300000,,300000,5999,300000,0,max_function_evaluations,0.00038712200012014364,95.49634104699999,1.1887083053588867,1.2839632034301758,,,F5_Rastrigin_SR,30,UAPSO
True,13,55,0.0028224212593386255,function_evaluations,300000,,300000,5999,300000,0,max_function_evaluations,0.00035657000012179196,107.88010675399983,1.2159004211425781,1.3105754852294922,,,F5_Rastrigin_SR,30,UAPSO
True,14,56,7.699029032437466e-05,function_evaluations,300000,,300000,5999,300000,0,max_function_evaluations,0.0003666239999802201,101.47976417599989,1.1858253479003906,1.2817516326904297,,,F5_Rastrigin_SR,30,UAPSO
True,15,57,0.002666532081150308,function_evaluations,300000,,300000,5999,300000,0,max_function_evaluations,0.00037947800001347787,102.29209083199999,1.2077207565307617,1.3040742874145508,,,F5_Rastrigin_SR,30,UAPSO
True,16,58,0.0005275393848478416,function_evaluations,300000,,300000,5999,300000,0,max_function_evaluations,0.0003670730000067124,103.84159879999993,1.2232418060302734,1.3190765380859375,,,F5_Rastrigin_SR,30,UAPSO
True,17,59,0.0005840466955078227,function_evaluations,300000,,300000,5999,300000,0,max_function_evaluations,0.00035475100003168336,103.90974826000001,1.2690258026123047,1.3662338256835938,,,F5_Rastrigin_SR,30,UAPSO
True,18,60,0.001020909948863391,function_evaluations,300000,,300000,5999,300000,0,max_function_evaluations,0.00040636600010657276,100.15355053000008,1.2228879928588867,1.3187532424926758,,,F5_Rastrigin_SR,30,UAPSO
True,19,61,0.0004483355128286348,function_evaluations,300000,,300000,5999,300000,0,max_function_evaluations,0.00041733199986992986,101.79732506899995,1.1796159744262695,1.2749929428100586,,,F5_Rastrigin_SR,30,UAPSO
True,20,62,3.990829310396293e-05,function_evaluations,300000,,300000,5999,300000,0,max_function_evaluations,0.0004164080000919057,100.79655045499999,1.1619806289672852,1.2575407028198242,,,F5_Rastrigin_SR,30,UAPSO
True,21,63,0.00029191086940727473,function_evaluations,300000,,300000,5999,300000,0,max_function_evaluations,0.0003533599999627768,80.56476755100016,1.189143180847168,1.284642219543457,,,F5_Rastrigin_SR,30,UAPSO
True,22,64,0.0005151711550297478,function_evaluations,300000,,300000,5999,300000,0,max_function_evaluations,0.00036536300012812717,62.29051193500004,1.176492691040039,1.2723579406738281,,,F5_Rastrigin_SR,30,UAPSO
True,23,65,0.00037815857245959705,function_evaluations,300000,,300000,5999,300000,0,max_function_evaluations,0.0003503119999095361,57.581700259999934,1.2298755645751953,1.3274192810058594,,,F5_Rastrigin_SR,30,UAPSO
True,24,66,0.00024823263441930976,function_evaluations,300000,,300000,5999,300000,0,max_function_evaluations,0.00026193700000476383,49.82372297000006,1.2184629440307617,1.3151216506958008,,,F5_Rastrigin_SR,30,UAPSO
True,0,42,150622.16640283156,function_evaluations,300000,,300000,5999,300000,0,max_function_evaluations,0.0002660360000845685,24.976950372000147,0.7163619995117188,0.8107929229736328,,,F6_Scaffer,30,PSO
True,1,43,68020.53221669391,function_evaluations,300000,,300000,5999,300000,0,max_function_evaluations,0.00024222100000770297,26.29138989000012,0.72064208984375,0.8150882720947266,,,F6_Scaffer,30,PSO
True,2,44,132971.08485145916,function_evaluations,300000,,300000,5999,300000,0,max_function_evaluations,0.00015497000003961148,30.3875803599999,0.733428955078125,0.8278141021728516,,,F6_Scaffer,30,PSO
True,3,45,40034.61565516567,function_evaluations,300000,,300000,5999,300000,0,max_function_evaluations,0.0002080010001463961,28.581912805999764,0.756988525390625,0.8521976470947266,,,F6_Scaffer,30,PSO
True,4,46,110132.85970602582,function_evaluations,300000,,300000,5999,300000,0,max_function_evaluations,0.00025223200009349966,33.9177771090001,0.7723922729492188,0.8665180206298828,,,F6_Scaffer,30,PSO
True,5,47,147618.55115696054,function_evaluations,300000,,300000,5999,300000,0,max_function_evaluations,0.00019206399997528933,25.654394199999842,0.7294845581054688,0.8237934112548828,,,F6_Scaffer,30,PSO
True,6,48,120086.91057786453,function_evaluations,300000,,300000,5999,300000,0,max_function_evaluations,0.00019428899986451142,35.24781588399992,0.7302780151367188,0.8244800567626953,,,F6_Scaffer,30,PSO
True,7,49,129832.04715276748,function_evaluations,300000,,300000,5999,300000,0,max_function_evaluations,0.00024194899992835417,32.54502639799989,0.7278823852539062,0.8224811553955078,,,F6_Scaffer,30,PSO
True,8,50,66964.55219514083,function_evaluations,300000,,300000,5999,300000,0,max_function_evaluations,0.00019710399988071003,28.456320882,0.7081451416015625,0.8023777008056641,,,F6_Scaffer,30,PSO
True,9,51,87904.36714509228,function_evaluations,300000,,300000,5999,300000,0,max_function_evaluations,0.00019361799991202133,25.054366280000067,0.7450485229492188,0.8397541046142578,,,F6_Scaffer,30,PSO
True,10,52,80306.50323237403,function_evaluations,300000,,300000,5999,300000,0,max_function_evaluations,0.00018741400003818853,28.05622681900013,0.71826171875,0.8124027252197266,,,F6_Scaffer,30,PSO
True,11,53,28033.650327949672,function_evaluations,300000,,300000,5999,300000,0,max_function_evaluations,0.00021232099993540032,29.6181047340001,0.7435073852539062,0.8383808135986328,,,F6_Scaffer,30,PSO
True,12,54,47704.269690394096,function_evaluations,300000,,300000,5999,300000,0,max_function_evaluations,0.00022210500014807621,29.372954122999772,0.7406539916992188,0.8348865509033203,,,F6_Scaffer,30,PSO
True,13,55,133035.3104271473,function_evaluations,300000,,300000,5999,300000,0,max_function_evaluations,0.00020475600013014628,18.66775259200017,0.7289657592773438,0.8233966827392578,,,F6_Scaffer,30,PSO
True,14,56,145797.08174238863,function_evaluations,300000,,300000,5999,300000,0,max_function_evaluations,0.00020897700005662045,28.751997474000063,0.7398529052734375,0.8342990875244141,,,F6_Scaffer,30,PSO
True,15,57,75477.9798826281,function_evaluations,300000,,300000,5999,300000,0,max_function_evaluations,0.00021644399998876906,27.92625631099986,0.742462158203125,0.8375492095947266,,,F6_Scaffer,30,PSO
True,16,58,71847.48937967786,function_evaluations,300000,,300000,5999,300000,0,max_function_evaluations,0.0002240579999579495,28.55904080299979,0.7305374145507812,0.8246479034423828,,,F6_Scaffer,30,PSO
True,17,59,117923.50674724688,function_evaluations,300000,,300000,5999,300000,0,max_function_evaluations,0.00021120599967616727,27.100633644000027,0.7217483520507812,0.8158130645751953,,,F6_Scaffer,30,PSO
True,18,60,54665.00114877281,function_evaluations,300000,,300000,5999,300000,0,max_function_evaluations,0.00023259899990080157,29.403128957999797,0.7444610595703125,0.8391666412353516,,,F6_Scaffer,30,PSO
True,19,61,65264.543696159264,function_evaluations,300000,,300000,5999,300000,0,max_function_evaluations,0.00023986699989109184,30.626112755999657,0.7266464233398438,0.8214282989501953,,,F6_Scaffer,30,PSO
True,20,62,102941.51657159775,function_evaluations,300000,,300000,5999,300000,0,max_function_evaluations,0.0002385360003245296,31.030539446999683,0.734771728515625,0.8290805816650391,,,F6_Scaffer,30,PSO
True,21,63,65434.333107503306,function_evaluations,300000,,300000,5999,300000,0,max_function_evaluations,0.00027239599967288086,30.849727154999982,0.7450485229492188,0.8396778106689453,,,F6_Scaffer,30,PSO
True,22,64,55732.544483517784,function_evaluations,300000,,300000,5999,300000,0,max_function_evaluations,0.0002243240001007507,18.17087232599988,0.7269744873046875,0.8217105865478516,,,F6_Scaffer,30,PSO
True,23,65,71726.6108705833,function_evaluations,300000,,300000,5999,300000,0,max_function_evaluations,0.00021574299989879364,14.695006597999964,0.7132644653320312,0.8077259063720703,,,F6_Scaffer,30,PSO
True,24,66,97235.0767272453,function_evaluations,300000,,300000,5999,300000,0,max_function_evaluations,0.00021240800015220884,14.474719310999717,0.7418899536132812,0.8370380401611328,,,F6_Scaffer,30,PSO
True,0,42,225087.471116093,function_evaluations,300000,,300000,5999,300000,0,max_function_evaluations,0.0002432729997963179,34.45865920999995,0.9425582885742188,1.0367984771728516,,,F6_Scaffer,30,PSOLVIW
True,1,43,69612.06077625614,function_evaluations,300000,,300000,5999,300000,0,max_function_evaluations,0.0002317639996363141,34.86104379899962,0.9223251342773438,1.017740249633789,,,F6_Scaffer,30,PSOLVIW
True,2,44,130193.86919986068,function_evaluations,300000,,300000,5999,300000,0,max_function_evaluations,0.00023672099996474572,35.68032549600002,0.9409713745117188,1.035348892211914,,,F6_Scaffer,30,PSOLVIW
True,3,45,102562.10160303449,function_evaluations,300000,,300000,5999,300000,0,max_function_evaluations,0.0001353210000161198,31.27988626100023,0.9234848022460938,1.018686294555664,,,F6_Scaffer,30,PSOLVIW
True,4,46,107167.93054832428,function_evaluations,300000,,300000,5999,300000,0,max_function_evaluations,0.00013867500001651933,28.849376747000406,0.9449996948242188,1.0410709381103516,,,F6_Scaffer,30,PSOLVIW
True,5,47,93719.62294181112,function_evaluations,300000,,300000,5999,300000,0,max_function_evaluations,0.00013226600003690692,18.226830439999958,0.956268310546875,1.0528125762939453,,,F6_Scaffer,30,PSOLVIW
True,6,48,94903.99748595362,function_evaluations,300000,,300000,5999,300000,0,max_function_evaluations,0.00019096100004389882,27.558498003000295,0.9800033569335938,1.0760135650634766,,,F6_Scaffer,30,PSOLVIW
True,7,49,488782.72054254485,function_evaluations,300000,,300000,5999,300000,0,max_function_evaluations,0.0001338289998784603,29.36458977400025,0.9577865600585938,1.054513931274414,,,F6_Scaffer,30,PSOLVIW
True,8,50,100007.20736555583,function_evaluations,300000,,300000,5999,300000,0,max_function_evaluations,0.00024219600027208799,36.13003059900029,0.9557723999023438,1.0524234771728516,,,F6_Scaffer,30,PSOLVIW
True,9,51,206962.685027594,function_evaluations,300000,,300000,5999,300000,0,max_function_evaluations,0.00020506999999270192,24.14236135100009,0.9145584106445312,1.0095157623291016,,,F6_Scaffer,30,PSOLVIW
True,10,52,40969.04681926778,function_evaluations,300000,,300000,5999,300000,0,max_function_evaluations,0.00017787600017982186,29.420899470000222,0.9246749877929688,1.0196475982666016,,,F6_Scaffer,30,PSOLVIW
True,11,53,26960.793604983737,function_evaluations,300000,,300000,5999,300000,0,max_function_evaluations,0.00023689599993304,28.94486697299999,0.967529296875,1.0624561309814453,,,F6_Scaffer,30,PSOLVIW
True,12,54,114227.01890411881,function_evaluations,300000,,300000,5999,300000,0,max_function_evaluations,0.00015341400012403028,26.237967236999793,0.9767227172851562,1.073099136352539,,,F6_Scaffer,30,PSOLVIW
True,13,55,57458.2407253756,function_evaluations,300000,,300000,5999,300000,0,max_function_evaluations,0.00023734000023978297,34.04733865900016,0.9693679809570312,1.064004898071289,,,F6_Scaffer,30,PSOLVIW
True,14,56,110257.52398146922,function_evaluations,300000,,300000,5999,300000,0,max_function_evaluations,0.00022000999979354674,27.74567441699992,0.932769775390625,1.0286273956298828,,,F6_Scaffer,30,PSOLVIW
True,15,57,439866.03704245854,function_evaluations,300000,,300000,5999,300000,0,max_function_evaluations,0.00027365899995857035,21.41512933299964,0.9573745727539062,1.054086685180664,,,F6_Scaffer,30,PSOLVIW
True,16,58,102866.73374789859,function_evaluations,300000,,300000,5999,300000,0,max_function_evaluations,0.00021774299966637045,28.663262737999958,0.9280014038085938,1.0223941802978516,,,F6_Scaffer,30,PSOLVIW
True,17,59,69499.1739268635,function_evaluations,300000,,300000,5999,300000,0,max_function_evaluations,0.0002217170003859792,22.176522105999993,1.0041122436523438,1.0993289947509766,,,F6_Scaffer,30,PSOLVIW
True,18,60,38670.46806156761,function_evaluations,300000,,300000,5999,300000,0,max_function_evaluations,0.0002438619999338698,26.467256958000235,0.9511337280273438,1.045999526977539,,,F6_Scaffer,30,PSOLVIW
True,19,61,204331.2465847696,function_evaluations,300000,,300000,5999,300000,0,max_function_evaluations,0.00033998300023085903,32.456501716000275,0.9575729370117188,1.054178237915039,,,F6_Scaffer,30,PSOLVIW
True,20,62,29267.960357522777,function_evaluations,300000,,300000,5999,300000,0,max_function_evaluations,0.0002228469998044602,24.18526025500023,0.9360198974609375,1.0313587188720703,,,F6_Scaffer,30,PSOLVIW
True,21,63,179601.48048028268,function_evaluations,300000,,300000,5999,300000,0,max_function_evaluations,0.0002535409998927207,29.612727865000124,0.9229583740234375,1.0182666778564453,,,F6_Scaffer,30,PSOLVIW
True,22,64,110216.84539910914,function_evaluations,300000,,300000,5999,300000,0,max_function_evaluations,0.00021857100000488572,20.98264762599956,0.9646224975585938,1.059976577758789,,,F6_Scaffer,30,PSOLVIW
True,23,65,93495.0818131291,function_evaluations,300000,,300000,5999,300000,0,max_function_evaluations,0.0002263730002596276,18.103441165000277,0.9282760620117188,1.0227298736572266,,,F6_Scaffer,30,PSOLVIW
True,24,66,78536.32224040134,function_evaluations,300000,,300000,5999,300000,0,max_function_evaluations,0.00021800200011057314,18.235717316999853,0.9417648315429688,1.0360965728759766,,,F6_Scaffer,30,PSOLVIW
True,0,42,128.97832373524625,function_evaluations,300000,,300000,5999,300000,0,max_function_evaluations,0.00020553900003505987,29.521391213000243,1.3256301879882812,1.4286518096923828,,,F6_Scaffer,30,PSOTVAC
True,1,43,264.1192137419507,function_evaluations,300000,,300000,5999,300000,0,max_function_evaluations,0.00016013599997677375,23.777514189000158,1.2421722412109375,1.338693618774414,,,F6_Scaffer,30,PSOTVAC
True,2,44,15992.740636048795,function_evaluations,300000,,300000,5999,300000,0,max_function_evaluations,0.00019407099989621202,29.525144851999812,1.2158126831054688,1.3116779327392578,,,F6_Scaffer,30,PSOTVAC
True,3,45,41635.67582474588,function_evaluations,300000,,300000,5999,300000,0,max_function_evaluations,0.00021149999975023093,23.98192026200013,1.2094650268554688,1.3040485382080078,,,F6_Scaffer,30,PSOTVAC
True,4,46,176.94819821234228,function_evaluations,300000,,300000,5999,300000,0,max_function_evaluations,0.00018038899997918634,32.57720127899984,1.3034591674804688,1.4015369415283203,,,F6_Scaffer,30,PSOTVAC
True,5,47,31173.117060080524,function_evaluations,300000,,300000,5999,300000,0,max_function_evaluations,0.00014209500022843713,31.295843446000163,1.1960830688476562,1.2908649444580078,,,F6_Scaffer,30,PSOTVAC
True,6,48,29246.23423520702,function_evaluations,300000,,300000,5999,300000,0,max_function_evaluations,0.00023265900017577223,36.013164054999834,1.1980056762695312,1.2928485870361328,,,F6_Scaffer,30,PSOTVAC
True,7,49,26980.5674872327,function_evaluations,300000,,300000,5999,300000,0,max_function_evaluations,0.000232234000122844,33.50515449900013,1.1820526123046875,1.277566909790039,,,F6_Scaffer,30,PSOTVAC
True,8,50,31188.826679548565,function_evaluations,300000,,300000,5999,300000,0,max_function_evaluations,0.00021695699979318306,26.09958297000003,1.23199462890625,1.327493667602539,,,F6_Scaffer,30,PSOTVAC
True,9,51,101.48536836243716,function_evaluations,300000,,300000,5999,300000,0,max_function_evaluations,0.00017947200012713438,28.99850898099976,1.21185302734375,1.306161880493164,,,F6_Scaffer,30,PSOTVAC
True,10,52,177.38538729540437,function_evaluations,300000,,300000,5999,300000,0,max_function_evaluations,0.00021469600005730172,29.879996423000193,1.2621612548828125,1.358041763305664,,,F6_Scaffer,30,PSOTVAC
True,11,53,31049.71806281911,function_evaluations,300000,,300000,5999,300000,0,max_function_evaluations,0.00022430800026995712,29.03164799599972,1.1816024780273438,1.2771320343017578,,,F6_Scaffer,30,PSOTVAC
True,12,54,41594.50799489163,function_evaluations,300000,,300000,5999,300000,0,max_function_evaluations,0.00021896100042795297,29.416189486999883,1.2473907470703125,1.3425540924072266,,,F6_Scaffer,30,PSOTVAC
True,13,55,73736.7158606931,function_evaluations,300000,,300000,5999,300000,0,max_function_evaluations,0.0002471279999554099,30.18201702799979,1.1726531982421875,1.2682437896728516,,,F6_Scaffer,30,PSOTVAC
True,14,56,100.49059721560923,function_evaluations,300000,,300000,5999,300000,0,max_function_evaluations,0.00023880500020823092,29.58044143500001,1.1891250610351562,1.2850971221923828,,,F6_Scaffer,30,PSOTVAC
True,15,57,31158.51197011346,function_evaluations,300000,,300000,5999,300000,0,max_function_evaluations,0.0002624540002216236,27.212872417999733,1.1809539794921875,1.276651382446289,,,F6_Scaffer,30,PSOTVAC
True,16,58,128.82949773653627,function_evaluations,300000,,300000,5999,300000,0,max_function_evaluations,0.0002365179998378153,34.6974466759998,1.2049407958984375,1.3001041412353516,,,F6_Scaffer,30,PSOTVAC
True,17,59,161.50510644097335,function_evaluations,300000,,300000,5999,300000,0,max_function_evaluations,0.00021157299988772138,17.265426958999797,1.2217483520507812,1.3163928985595703,,,F6_Scaffer,30,PSOTVAC
True,18,60,153.9071484591666,function_evaluations,300000,,300000,5999,300000,0,max_function_evaluations,0.00024197299990191823,33.942183805999775,1.1893539428710938,1.2835102081298828,,,F6_Scaffer,30,PSOTVAC
True,19,61,26990.85551686085,function_evaluations,300000,,300000,5999,300000,0,max_function_evaluations,0.00025445400024182163,33.39521921599999,1.1766204833984375,1.2712650299072266,,,F6_Scaffer,30,PSOTVAC
True,20,62,31048.463960752113,function_evaluations,300000,,300000,5999,300000,0,max_function_evaluations,0.00022772700003770296,27.502491309000106,1.1874008178710938,1.2817859649658203,,,F6_Scaffer,30,PSOTVAC
True,21,63,24509.46877717824,function_evaluations,300000,,300000,5999,300000,0,max_function_evaluations,0.0002558119999775954,27.24545084400006,1.1966018676757812,1.2913227081298828,,,F6_Scaffer,30,PSOTVAC
True,22,64,77.95823309653451,function_evaluations,300000,,300000,5999,300000,0,max_function_evaluations,0.00017335099983029068,17.502326364000055,1.29046630859375,1.3848514556884766,,,F6_Scaffer,30,PSOTVAC
True,23,65,94.7284307115475,function_evaluations,300000,,300000,5999,300000,0,max_function_evaluations,0.00022073699983593542,17.95322331999978,1.2290420532226562,1.3245258331298828,,,F6_Scaffer,30,PSOTVAC
True,24,66,115.8091947659043,function_evaluations,300000,,300000,5999,300000,0,max_function_evaluations,0.00022077099993111915,15.587580787999741,1.20965576171875,1.3041629791259766,,,F6_Scaffer,30,PSOTVAC
True,0,42,665983.9409288804,function_evaluations,300000,,300000,5999,300000,0,max_function_evaluations,0.00015801400013515376,24.255143948000295,0.9238052368164062,1.0190753936767578,,,F6_Scaffer,30,APSOVI
True,1,43,92545.84272609677,function_evaluations,300000,,300000,5999,300000,0,max_function_evaluations,0.0001801479997993738,36.245508057999814,0.9766311645507812,1.0735034942626953,,,F6_Scaffer,30,APSOVI
True,2,44,111564.09399855653,function_evaluations,300000,,300000,5999,300000,0,max_function_evaluations,0.00019796800006588455,24.078550864000135,0.9761199951171875,1.0731449127197266,,,F6_Scaffer,30,APSOVI
True,3,45,384480.3776797256,function_evaluations,300000,,300000,5999,300000,0,max_function_evaluations,0.00019448400007604505,27.829013308999947,0.994476318359375,1.088571548461914,,,F6_Scaffer,30,APSOVI
True,4,46,71492.74666448376,function_evaluations,300000,,300000,5999,300000,0,max_function_evaluations,0.00022996300003796932,29.52249502199993,0.9431533813476562,1.0374164581298828,,,F6_Scaffer,30,APSOVI
True,5,47,397129.958217069,function_evaluations,300000,,300000,5999,300000,0,max_function_evaluations,0.00023065299956215313,35.153019634999964,0.957000732421875,1.0537357330322266,,,F6_Scaffer,30,APSOVI
True,6,48,142391.1080399344,function_evaluations,300000,,300000,5999,300000,0,max_function_evaluations,0.00021746199990957393,34.86241237200011,0.9541702270507812,1.0512332916259766,,,F6_Scaffer,30,APSOVI
True,7,49,40937.652563664364,function_evaluations,300000,,300000,5999,300000,0,max_function_evaluations,0.0001894479996735754,30.503645414999937,0.9798126220703125,1.0759296417236328,,,F6_Scaffer,30,APSOVI
True,8,50,198260.25665897847,function_evaluations,300000,,300000,5999,300000,0,max_function_evaluations,0.0001952579996213899,25.45253409399993,0.991363525390625,1.0855045318603516,,,F6_Scaffer,30,APSOVI
True,9,51,173553.3965219171,function_evaluations,300000,,300000,5999,300000,0,max_function_evaluations,0.00018503799992686254,29.29302397900028,0.928436279296875,1.023324966430664,,,F6_Scaffer,30,APSOVI
True,10,52,165686.05487974646,function_evaluations,300000,,300000,5999,300000,0,max_function_evaluations,0.0001818230002754717,32.136594292000154,1.00018310546875,1.0965900421142578,,,F6_Scaffer,30,APSOVI
True,11,53,180170.16855291976,function_evaluations,300000,,300000,5999,300000,0,max_function_evaluations,0.00016242199990301742,27.99563752799986,0.9674606323242188,1.062356948852539,,,F6_Scaffer,30,APSOVI
True,12,54,224292.48932989404,function_evaluations,300000,,300000,5999,300000,0,max_function_evaluations,0.0002141029999620514,29.971033611000166,0.9509811401367188,1.0453815460205078,,,F6_Scaffer,30,APSOVI
True,13,55,102301.43911632236,function_evaluations,300000,,300000,5999,300000,0,max_function_evaluations,0.00023858000031395932,26.9064326040002,0.95733642578125,1.0537128448486328,,,F6_Scaffer,30,APSOVI
True,14,56,89954.67056957632,function_evaluations,300000,,300000,5999,300000,0,max_function_evaluations,0.00022910500001671608,29.695562625999628,0.888885498046875,0.9838199615478516,,,F6_Scaffer,30,APSOVI
True,15,57,151733.73971864564,function_evaluations,300000,,300000,5999,300000,0,max_function_evaluations,0.000247510000008333,20.88354594900011,1.0377349853515625,1.1358356475830078,,,F6_Scaffer,30,APSOVI
True,16,58,77022.873752096,function_evaluations,300000,,300000,5999,300000,0,max_function_evaluations,0.00021305500013113488,30.45548093000025,0.9835281372070312,1.0788211822509766,,,F6_Scaffer,30,APSOVI
True,17,59,116986.59794855464,function_evaluations,300000,,300000,5999,300000,0,max_function_evaluations,0.00015925500019875471,28.163388572000258,0.982574462890625,1.0783634185791016,,,F6_Scaffer,30,APSOVI
True,18,60,475582.8344635322,function_evaluations,300000,,300000,5999,300000,0,max_function_evaluations,0.0002621369999360468,30.618375615000332,0.9693603515625,1.0637836456298828,,,F6_Scaffer,30,APSOVI
True,19,61,154059.4005225223,function_evaluations,300000,,300000,5999,300000,0,max_function_evaluations,0.0002602829999887035,33.168843456000104,0.9525222778320312,1.0467472076416016,,,F6_Scaffer,30,APSOVI
True,20,62,369265.5670748807,function_evaluations,300000,,300000,5999,300000,0,max_function_evaluations,0.00025993300005211495,32.750274575000276,0.9755020141601562,1.0726032257080078,,,F6_Scaffer,30,APSOVI
True,21,63,125546.357200393,function_evaluations,300000,,300000,5999,300000,0,max_function_evaluations,0.00023910500021884218,30.5782621569997,0.9830856323242188,1.078714370727539,,,F6_Scaffer,30,APSOVI
True,22,64,86116.39145596002,function_evaluations,300000,,300000,5999,300000,0,max_function_evaluations,0.00015100200016604504,15.888817273000313,0.9577255249023438,1.0540637969970703,,,F6_Scaffer,30,APSOVI
True,23,65,91899.12151055459,function_evaluations,300000,,300000,5999,300000,0,max_function_evaluations,0.00022485199997390737,16.126661544999934,0.9782028198242188,1.0747013092041016,,,F6_Scaffer,30,APSOVI
True,24,66,179431.28787287456,function_evaluations,300000,,300000,5999,300000,0,max_function_evaluations,0.00021646899995175772,17.508574327000133,0.9425125122070312,1.0375690460205078,,,F6_Scaffer,30,APSOVI
True,0,42,126.48885124628396,function_evaluations,300000,,300000,5881,300000,0,max_function_evaluations,0.00024299699998664437,40.03677251199997,1.3511629104614258,2.592564582824707,,,F6_Scaffer,30,APSO
True,1,43,163.72207738333373,function_evaluations,300000,,300000,5881,300000,0,max_function_evaluations,0.00014263000002756598,31.7848483519997,1.475529670715332,2.7163209915161133,,,F6_Scaffer,30,APSO
True,2,44,170.92437382471917,function_evaluations,300000,,300000,5881,300000,0,max_function_evaluations,0.00023752000015520025,33.00944725799991,1.3740129470825195,2.614987373352051,,,F6_Scaffer,30,APSO
True,3,45,189.7880767317622,function_evaluations,300000,,300000,5881,300000,0,max_function_evaluations,0.0002959590001410106,41.67536021700016,1.349350929260254,2.591179847717285,,,F6_Scaffer,30,APSO
True,4,46,239.97441486115292,function_evaluations,300000,,300000,5881,300000,0,max_function_evaluations,0.0001694380002845719,37.33413463299985,1.3522377014160156,2.593456268310547,,,F6_Scaffer,30,APSO
True,5,47,130.92300435749235,function_evaluations,300000,,300000,5881,300000,0,max_function_evaluations,0.00024378199987040716,37.20556872799989,1.3596467971801758,2.601311683654785,,,F6_Scaffer,30,APSO
True,6,48,231.11619204967872,function_evaluations,300000,,300000,5881,300000,0,max_function_evaluations,0.0001653299996178248,34.458021261999875,1.469620704650879,2.7109193801879883,,,F6_Scaffer,30,APSO
True,7,49,129.14300236169925,function_evaluations,300000,,300000,5881,300000,0,max_function_evaluations,0.00024281500009237789,31.845011096000235,1.3664751052856445,2.608792304992676,,,F6_Scaffer,30,APSO
True,8,50,232.7720801707867,function_evaluations,300000,,300000,5881,300000,0,max_function_evaluations,0.00029376399970715283,26.954392972000278,1.368016242980957,2.6100587844848633,,,F6_Scaffer,30,APSO
True,9,51,300.61291049066574,function_evaluations,300000,,300000,5881,300000,0,max_function_evaluations,0.00023908799994387664,30.193197887000224,1.6218376159667969,2.867450714111328,,,F6_Scaffer,30,APSO
True,10,52,153.9895362696334,function_evaluations,300000,,300000,5881,300000,0,max_function_evaluations,0.00025960399989344296,41.707367890000114,1.3792076110839844,2.6214637756347656,,,F6_Scaffer,30,APSO
True,11,53,219.6646218832443,function_evaluations,300000,,300000,5881,300000,0,max_function_evaluations,0.0002587880003375176,37.40876765499979,1.7930364608764648,3.045821189880371,,,F6_Scaffer,30,APSO
True,12,54,99.28600364801707,function_evaluations,300000,,300000,5881,300000,0,max_function_evaluations,0.0002403710000180581,34.398552393000045,1.3471460342407227,2.589310646057129,,,F6_Scaffer,30,APSO
True,13,55,165.25502868515593,function_evaluations,300000,,300000,5881,300000,0,max_function_evaluations,0.0002363359999435488,40.16910964199997,1.3688850402832031,2.6107444763183594,,,F6_Scaffer,30,APSO
True,14,56,155.37343194480832,function_evaluations,300000,,300000,5881,300000,0,max_function_evaluations,0.00024135500007105293,33.366968242999974,1.4610204696655273,2.7035818099975586,,,F6_Scaffer,30,APSO
True,15,57,151.29413942898827,function_evaluations,300000,,300000,5881,300000,0,max_function_evaluations,0.00024496199966961285,26.179984153000078,1.3544301986694336,2.59531307220459,,,F6_Scaffer,30,APSO
True,16,58,136.86461766137586,function_evaluations,300000,,300000,5881,300000,0,max_function_evaluations,0.00022671099986837362,36.21721871999989,1.424997329711914,2.6670398712158203,,,F6_Scaffer,30,APSO
True,17,59,198.99072866561664,function_evaluations,300000,,300000,5881,300000,0,max_function_evaluations,0.00024758800009294646,34.10971700100026,1.473764419555664,2.717653274536133,,,F6_Scaffer,30,APSO
True,18,60,122.37048377240285,function_evaluations,300000,,300000,5881,300000,0,max_function_evaluations,0.00024930600011430215,34.167242846000136,1.5686321258544922,2.8104686737060547,,,F6_Scaffer,30,APSO
True,19,61,199.8090723361936,function_evaluations,300000,,300000,5881,300000,0,max_function_evaluations,0.00023382600011245813,32.02263834199994,1.381972312927246,2.6233129501342773,,,F6_Scaffer,30,APSO
True,20,62,204.0930299628542,function_evaluations,300000,,300000,5881,300000,0,max_function_evaluations,0.00024882099978640326,27.173581942000055,1.3468446731567383,2.5876359939575195,,,F6_Scaffer,30,APSO
True,21,63,129.82713031270077,function_evaluations,300000,,300000,5881,300000,0,max_function_evaluations,0.0002908790002038586,34.349671692000356,1.352163314819336,2.593503952026367,,,F6_Scaffer,30,APSO
True,22,64,206.70724103177872,function_evaluations,300000,,300000,5881,300000,0,max_function_evaluations,0.00024061600015556905,20.324103846999606,1.3435344696044922,2.5848751068115234,,,F6_Scaffer,30,APSO
True,23,65,173.80003246032902,function_evaluations,300000,,300000,5881,300000,0,max_function_evaluations,0.0002773220003291499,19.94820929599973,1.393381118774414,2.6355762481689453,,,F6_Scaffer,30,APSO
True,24,66,265.3814416236876,function_evaluations,300000,,300000,5881,300000,0,max_function_evaluations,0.00023857299993323977,19.773910502000035,1.3764095306396484,2.6188488006591797,,,F6_Scaffer,30,APSO
True,0,42,61211.34927689737,function_evaluations,300000,,300000,5999,300000,0,max_function_evaluations,0.0002741240000432299,30.028308686999935,1.2236385345458984,1.3195037841796875,,,F6_Scaffer,30,UAPSO
True,1,43,713097.6505400985,function_evaluations,300000,,300000,5999,300000,0,max_function_evaluations,0.0002316080003765819,36.40336953699989,1.189713478088379,1.284815788269043,,,F6_Scaffer,30,UAPSO
True,2,44,601955.5975935324,function_evaluations,300000,,300000,5999,300000,0,max_function_evaluations,0.0004156689997216745,35.45751990000008,1.217041015625,1.314035415649414,,,F6_Scaffer,30,UAPSO
True,3,45,32353.250135891896,function_evaluations,300000,,300000,5999,300000,0,max_function_evaluations,0.0003779839998969692,32.01802429400004,1.3401546478271484,1.4493255615234375,,,F6_Scaffer,30,UAPSO
True,4,46,382338.71211478923,function_evaluations,300000,,300000,5999,300000,0,max_function_evaluations,0.00041864200011332287,33.67748785899994,1.1817235946655273,1.2765512466430664,,,F6_Scaffer,30,UAPSO
True,5,47,628706.9508625877,function_evaluations,300000,,300000,5999,300000,0,max_function_evaluations,0.00025428500021007494,34.623706087999835,1.2348413467407227,1.3314085006713867,,,F6_Scaffer,30,UAPSO
True,6,48,134182.331402507,function_evaluations,300000,,300000,5999,300000,0,max_function_evaluations,0.00043182399986108067,21.92655161399989,1.2091150283813477,1.3048887252807617,,,F6_Scaffer,30,UAPSO
True,7,49,62010.89303986861,function_evaluations,300000,,300000,5999,300000,0,max_function_evaluations,0.0003414039997551299,34.505808057000195,1.18206787109375,1.276742935180664,,,F6_Scaffer,30,UAPSO
True,8,50,535549.4475235109,function_evaluations,300000,,300000,5999,300000,0,max_function_evaluations,0.0003313780002827116,30.11479508000002,1.22882080078125,1.3264741897583008,,,F6_Scaffer,30,UAPSO
True,9,51,722535.7189956229,function_evaluations,300000,,300000,5999,300000,0,max_function_evaluations,0.00032733099988035974,30.265436212000168,1.4621620178222656,1.5926342010498047,,,F6_Scaffer,30,UAPSO
True,10,52,238740.59156279333,function_evaluations,300000,,300000,5999,300000,0,max_function_evaluations,0.0004077949997736141,37.4942355219996,1.265986442565918,1.363469123840332,,,F6_Scaffer,30,UAPSO
True,11,53,370292.2258875206,function_evaluations,300000,,300000,5999,300000,0,max_function_evaluations,0.0003383580001354858,21.413203377000173,1.193826675415039,1.2902717590332031,,,F6_Scaffer,30,UAPSO
True,12,54,76280.31922009202,function_evaluations,300000,,300000,5999,300000,0,max_function_evaluations,0.00039522300039607217,30.02068605500017,1.2135343551635742,1.3084230422973633,,,F6_Scaffer,30,UAPSO
True,13,55,142814.4760229004,function_evaluations,300000,,300000,5999,300000,0,max_function_evaluations,0.00035590800007412327,32.27578465199986,1.2625932693481445,1.3573598861694336,,,F6_Scaffer,30,UAPSO
True,14,56,89842.76543249529,function_evaluations,300000,,300000,5999,300000,0,max_function_evaluations,0.00037212300003375276,26.39829604600027,1.2030668258666992,1.3000917434692383,,,F6_Scaffer,30,UAPSO
True,15,57,559623.2055658568,function_evaluations,300000,,300000,5999,300000,0,max_function_evaluations,0.00037323700007618754,32.2176153649998,1.1919584274291992,1.2887392044067383,,,F6_Scaffer,30,UAPSO
True,16,58,206140.71459457176,function_evaluations,300000,,300000,5999,300000,0,max_function_evaluations,0.0004169700000602461,31.927037000999917,1.252894401550293,1.349370002746582,,,F6_Scaffer,30,UAPSO
True,17,59,54035.059415639975,function_evaluations,300000,,300000,5999,300000,0,max_function_evaluations,0.0003800560002673592,29.586970206999922,1.2971220016479492,1.3957948684692383,,,F6_Scaffer,30,UAPSO
True,18,60,89159.08632771287,function_evaluations,300000,,300000,5999,300000,0,max_function_evaluations,0.00043989400001009926,29.905141532000016,1.2521076202392578,1.3487663269042969,,,F6_Scaffer,30,UAPSO
True,19,61,270152.02160046773,function_evaluations,300000,,300000,5999,300000,0,max_function_evaluations,0.00036725300014950335,31.973549376999927,1.2179841995239258,1.3148565292358398,,,F6_Scaffer,30,UAPSO
True,20,62,269533.60161078325,function_evaluations,300000,,300000,5999,300000,0,max_function_evaluations,0.0004179239999757556,33.96536638099997,1.201690673828125,1.296487808227539,,,F6_Scaffer,30,UAPSO
True,21,63,52874.240622990095,function_evaluations,300000,,300000,5999,300000,0,max_function_evaluations,0.00041687800012368825,34.71457986500036,1.265742301940918,1.363591194152832,,,F6_Scaffer,30,UAPSO
True,22,64,367227.40804087516,function_evaluations,300000,,300000,5999,300000,0,max_function_evaluations,0.0003681520001919125,27.814925915000003,1.2346181869506836,1.3311853408813477,,,F6_Scaffer,30,UAPSO
True,23,65,208371.9932082689,function_evaluations,300000,,300000,5999,300000,0,max_function_evaluations,0.00024066700007097097,16.553063187000134,1.351156234741211,1.4603271484375,,,F6_Scaffer,30,UAPSO
True,24,66,146820.64384523686,function_evaluations,300000,,300000,5999,300000,0,max_function_evaluations,0.00036073199999009375,16.65491709600019,1.2335453033447266,1.3303260803222656,,,F6_Scaffer,30,UAPSO
True,0,42,374.74038306363104,function_evaluations,300000,,300000,5999,300000,0,max_function_evaluations,0.0002300940000168339,76.72509087199978,0.7026824951171875,0.7969455718994141,,,F7_LunacekBiRastr,30,PSO
True,1,43,291.69581891648113,function_evaluations,300000,,300000,5999,300000,0,max_function_evaluations,0.00022009799977240618,76.12749086399981,0.7154388427734375,0.8099155426025391,,,F7_LunacekBiRastr,30,PSO
True,2,44,352.040658162417,function_evaluations,300000,,300000,5999,300000,0,max_function_evaluations,0.00023535300033472595,53.89566836400036,0.7021903991699219,0.7963619232177734,,,F7_LunacekBiRastr,30,PSO
True,3,45,267.2779798172253,function_evaluations,300000,,300000,5999,300000,0,max_function_evaluations,0.00015163899979597772,68.43807991599988,0.7171287536621094,0.8113613128662109,,,F7_LunacekBiRastr,30,PSO
True,4,46,269.32637739538234,function_evaluations,300000,,300000,5999,300000,0,max_function_evaluations,0.00013302800016390393,67.68109685599984,0.708892822265625,0.8032779693603516,,,F7_LunacekBiRastr,30,PSO
True,5,47,223.14624579766382,function_evaluations,300000,,300000,5999,300000,0,max_function_evaluations,0.00013768100006927853,66.48390808299973,0.7243576049804688,0.8186511993408203,,,F7_LunacekBiRastr,30,PSO
True,6,48,388.0616150269848,function_evaluations,300000,,300000,5999,300000,0,max_function_evaluations,0.00022501700004795566,54.58373971999981,0.7126235961914062,0.8067340850830078,,,F7_LunacekBiRastr,30,PSO
True,7,49,283.89549848851084,function_evaluations,300000,,300000,5999,300000,0,max_function_evaluations,0.00023553499977424508,77.86786604400004,0.7194595336914062,0.8138446807861328,,,F7_LunacekBiRastr,30,PSO
True,8,50,412.336524371784,function_evaluations,300000,,300000,5999,300000,0,max_function_evaluations,0.00019567799972719513,67.33648032200017,0.7117729187011719,0.8060359954833984,,,F7_LunacekBiRastr,30,PSO
True,9,51,274.2842259656876,function_evaluations,300000,,300000,5999,300000,0,max_function_evaluations,0.00018087599983118707,60.78163466700016,0.70928955078125,0.8035221099853516,,,F7_LunacekBiRastr,30,PSO
True,10,52,327.30382800383086,function_evaluations,300000,,300000,5999,300000,0,max_function_evaluations,0.00023646299996471498,67.839557238,0.7097930908203125,0.8040561676025391,,,F7_LunacekBiRastr,30,PSO
True,11,53,354.6129714698245,function_evaluations,300000,,300000,5999,300000,0,max_function_evaluations,0.0002092820000143547,45.24044515700007,0.7115058898925781,0.8056163787841797,,,F7_LunacekBiRastr,30,PSO
True,12,54,239.02361960100689,function_evaluations,300000,,300000,5999,300000,0,max_function_evaluations,0.0002451949999340286,55.122536386999855,0.7269134521484375,0.8212375640869141,,,F7_LunacekBiRastr,30,PSO
True,13,55,223.84980501305108,function_evaluations,300000,,300000,5999,300000,0,max_function_evaluations,0.00021777100027975393,55.966373535,0.7126731872558594,0.8069972991943359,,,F7_LunacekBiRastr,30,PSO
True,14,56,266.8362633230845,function_evaluations,300000,,300000,5999,300000,0,max_function_evaluations,0.00021749100005763466,68.6157619630003,0.71063232421875,0.8048648834228516,,,F7_LunacekBiRastr,30,PSO
True,15,57,392.855800025362,function_evaluations,300000,,300000,5999,300000,0,max_function_evaluations,0.0002158649999728368,71.57318252000005,0.7167015075683594,0.8108730316162109,,,F7_LunacekBiRastr,30,PSO
True,16,58,390.82632403274374,function_evaluations,300000,,300000,5999,300000,0,max_function_evaluations,0.00021701000014218153,65.85021627700007,0.7123184204101562,0.8066730499267578,,,F7_LunacekBiRastr,30,PSO
True,17,59,425.0345228491194,function_evaluations,300000,,300000,5999,300000,0,max_function_evaluations,0.00022456000033344026,64.33721114900027,0.7153549194335938,0.8097095489501953,,,F7_LunacekBiRastr,30,PSO
True,18,60,385.2058424752595,function_evaluations,300000,,300000,5999,300000,0,max_function_evaluations,0.00023749699994368711,68.24280958000008,0.7108879089355469,0.8051509857177734,,,F7_LunacekBiRastr,30,PSO
True,19,61,299.4023056148719,function_evaluations,300000,,300000,5999,300000,0,max_function_evaluations,0.00025223300008292426,68.06968555699996,0.7105903625488281,0.8048534393310547,,,F7_LunacekBiRastr,30,PSO
True,20,62,250.01324491929518,function_evaluations,300000,,300000,5999,300000,0,max_function_evaluations,0.0002480670000295504,70.31049522900003,0.7143020629882812,0.8084735870361328,,,F7_LunacekBiRastr,30,PSO
True,21,63,302.77442909993465,function_evaluations,300000,,300000,5999,300000,0,max_function_evaluations,0.00022151400025904877,60.94963954800005,0.7226028442382812,0.8169879913330078,,,F7_LunacekBiRastr,30,PSO
True,22,64,274.2711091515919,function_evaluations,300000,,300000,5999,300000,0,max_function_evaluations,0.00015821499982848763,50.025651627000116,0.7165718078613281,0.8107128143310547,,,F7_LunacekBiRastr,30,PSO
True,23,65,403.85652905315465,function_evaluations,300000,,300000,5999,300000,0,max_function_evaluations,0.00021622800022669253,42.40745030900007,0.7105712890625,0.8048343658447266,,,F7_LunacekBiRastr,30,PSO
True,24,66,370.7679288704228,function_evaluations,300000,,300000,5999,300000,0,max_function_evaluations,0.00015393500007121474,34.3530267189999,0.7103996276855469,0.8046932220458984,,,F7_LunacekBiRastr,30,PSO
True,0,42,220.0,function_evaluations,300000,,300000,5999,300000,0,max_function_evaluations,0.0002569799999037059,69.35609442399982,0.9292564392089844,1.0239543914794922,,,F7_LunacekBiRastr,30,PSOLVIW
True,1,43,120.0,function_evaluations,300000,,300000,5999,300000,0,max_function_evaluations,0.0002357240000492311,77.95554409400029,0.9094810485839844,1.0037822723388672,,,F7_LunacekBiRastr,30,PSOLVIW
True,2,44,276.0,function_evaluations,300000,,300000,5999,300000,0,max_function_evaluations,0.00022214399996300926,76.95968446200004,0.8819923400878906,0.9767208099365234,,,F7_LunacekBiRastr,30,PSOLVIW
True,3,45,120.0,function_evaluations,300000,,300000,5999,300000,0,max_function_evaluations,0.00017167200030598906,65.9136377750001,0.9413681030273438,1.0361080169677734,,,F7_LunacekBiRastr,30,PSOLVIW
True,4,46,126.0,function_evaluations,300000,,300000,5999,300000,0,max_function_evaluations,0.00017958700027520536,72.54750818999992,0.9325408935546875,1.0287952423095703,,,F7_LunacekBiRastr,30,PSOLVIW
True,5,47,122.0,function_evaluations,300000,,300000,5999,300000,0,max_function_evaluations,0.0002534160003051511,63.96637311399991,0.9193229675292969,1.0137157440185547,,,F7_LunacekBiRastr,30,PSOLVIW
True,6,48,134.0,function_evaluations,300000,,300000,5999,300000,0,max_function_evaluations,0.0003083269998569449,66.31718920499998,0.9226799011230469,1.0184154510498047,,,F7_LunacekBiRastr,30,PSOLVIW
True,7,49,168.0,function_evaluations,300000,,300000,5999,300000,0,max_function_evaluations,0.00026476499988348223,56.11763630300038,0.9233016967773438,1.0188846588134766,,,F7_LunacekBiRastr,30,PSOLVIW
True,8,50,164.0,function_evaluations,300000,,300000,5999,300000,0,max_function_evaluations,0.00027327599991622264,44.174413553999784,0.9040870666503906,0.9992427825927734,,,F7_LunacekBiRastr,30,PSOLVIW
True,9,51,92.00000000000023,function_evaluations,300000,,300000,5999,300000,0,max_function_evaluations,0.0002544809999562858,64.85124588999997,0.9912071228027344,1.0855083465576172,,,F7_LunacekBiRastr,30,PSOLVIW
True,10,52,92.0,function_evaluations,300000,,300000,5999,300000,0,max_function_evaluations,0.00023433099977410166,66.23227739200001,0.9066581726074219,1.0015087127685547,,,F7_LunacekBiRastr,30,PSOLVIW
True,11,53,174.0,function_evaluations,300000,,300000,5999,300000,0,max_function_evaluations,0.00021089600022605737,42.761774619000334,0.9272041320800781,1.021871566772461,,,F7_LunacekBiRastr,30,PSOLVIW
True,12,54,136.0,function_evaluations,300000,,300000,5999,300000,0,max_function_evaluations,0.00024341399966942845,74.72951802300031,0.9131584167480469,1.0085582733154297,,,F7_LunacekBiRastr,30,PSOLVIW
True,13,55,110.0,function_evaluations,300000,,300000,5999,300000,0,max_function_evaluations,0.0002471050001986441,60.61877932000016,0.9092597961425781,1.003469467163086,,,F7_LunacekBiRastr,30,PSOLVIW
True,14,56,154.0,function_evaluations,300000,,300000,5999,300000,0,max_function_evaluations,0.00023268700033440837,57.522457837000275,0.9063148498535156,1.0007991790771484,,,F7_LunacekBiRastr,30,PSOLVIW
True,15,57,142.00000000002615,function_evaluations,300000,,300000,5999,300000,0,max_function_evaluations,0.0002195409997511888,61.3965503280001,0.9026298522949219,0.9979801177978516,,,F7_LunacekBiRastr,30,PSOLVIW
True,16,58,150.0,function_evaluations,300000,,300000,5999,300000,0,max_function_evaluations,0.00022065800021664472,68.15839466099987,0.8998489379882812,0.9941806793212891,,,F7_LunacekBiRastr,30,PSOLVIW
True,17,59,217.0527807560543,function_evaluations,300000,,300000,5999,300000,0,max_function_evaluations,0.00021918299989920342,60.70226456499995,0.9801063537597656,1.0763607025146484,,,F7_LunacekBiRastr,30,PSOLVIW
True,18,60,230.0,function_evaluations,300000,,300000,5999,300000,0,max_function_evaluations,0.00022080600001572748,61.60438830300018,0.9157791137695312,1.010507583618164,,,F7_LunacekBiRastr,30,PSOLVIW
True,19,61,100.18624182410804,function_evaluations,300000,,300000,5999,300000,0,max_function_evaluations,0.00024660100007167784,65.73541785299994,0.9829330444335938,1.0783939361572266,,,F7_LunacekBiRastr,30,PSOLVIW
True,20,62,166.0,function_evaluations,300000,,300000,5999,300000,0,max_function_evaluations,0.0002635450000525452,66.57960893200016,0.9495201110839844,1.0451641082763672,,,F7_LunacekBiRastr,30,PSOLVIW
True,21,63,118.0,function_evaluations,300000,,300000,5999,300000,0,max_function_evaluations,0.0002643139996507671,64.79721961099995,0.9330558776855469,1.0291576385498047,,,F7_LunacekBiRastr,30,PSOLVIW
True,22,64,118.0,function_evaluations,300000,,300000,5999,300000,0,max_function_evaluations,0.00022141599993119598,53.03243821699971,0.9732475280761719,1.0701122283935547,,,F7_LunacekBiRastr,30,PSOLVIW
True,23,65,126.00000000000045,function_evaluations,300000,,300000,5999,300000,0,max_function_evaluations,0.00020675900032074424,30.527952317999734,0.9327278137207031,1.028738021850586,,,F7_LunacekBiRastr,30,PSOLVIW
True,24,66,104.00000000000011,function_evaluations,300000,,300000,5999,300000,0,max_function_evaluations,0.00022011500004737172,34.46018499599995,1.0031394958496094,1.0983867645263672,,,F7_LunacekBiRastr,30,PSOLVIW
True,0,42,130.0,function_evaluations,300000,,300000,5999,300000,0,max_function_evaluations,0.00015581600018776953,42.94559161899997,1.1551246643066406,1.2500667572021484,,,F7_LunacekBiRastr,30,PSOTVAC
True,1,43,158.0,function_evaluations,300000,,300000,5999,300000,0,max_function_evaluations,0.00013619999981528963,66.04238713199993,1.1775474548339844,1.2724285125732422,,,F7_LunacekBiRastr,30,PSOTVAC
True,2,44,110.0,function_evaluations,300000,,300000,5999,300000,0,max_function_evaluations,0.0002143939996130939,71.81378015400014,1.1590232849121094,1.2534160614013672,,,F7_LunacekBiRastr,30,PSOTVAC
True,3,45,174.0,function_evaluations,300000,,300000,5999,300000,0,max_function_evaluations,0.00018273199975737953,62.46842216599998,1.164520263671875,1.2590961456298828,,,F7_LunacekBiRastr,30,PSOTVAC
True,4,46,186.0,function_evaluations,300000,,300000,5999,300000,0,max_function_evaluations,0.0002284289998897293,66.14625464999972,1.1435623168945312,1.237710952758789,,,F7_LunacekBiRastr,30,PSOTVAC
True,5,47,104.0,function_evaluations,300000,,300000,5999,300000,0,max_function_evaluations,0.00022120499988886877,76.10581233699986,1.162017822265625,1.2571430206298828,,,F7_LunacekBiRastr,30,PSOTVAC
True,6,48,170.0,function_evaluations,300000,,300000,5999,300000,0,max_function_evaluations,0.0001905180001813278,68.76048323199984,1.1593437194824219,1.2536754608154297,,,F7_LunacekBiRastr,30,PSOTVAC
True,7,49,122.0,function_evaluations,300000,,300000,5999,300000,0,max_function_evaluations,0.0002290479997100192,65.15793450399997,1.16162109375,1.2566547393798828,,,F7_LunacekBiRastr,30,PSOTVAC
True,8,50,170.0,function_evaluations,300000,,300000,5999,300000,0,max_function_evaluations,0.0002154329999939364,63.74111870200022,1.1413764953613281,1.236196517944336,,,F7_LunacekBiRastr,30,PSOTVAC
True,9,51,112.0,function_evaluations,300000,,300000,5999,300000,0,max_function_evaluations,0.00020061700024598395,64.5354270290004,1.1404838562011719,1.2350597381591797,,,F7_LunacekBiRastr,30,PSOTVAC
True,10,52,128.0,function_evaluations,300000,,300000,5999,300000,0,max_function_evaluations,0.00019568100015021628,65.34997506200034,1.18719482421875,1.2821979522705078,,,F7_LunacekBiRastr,30,PSOTVAC
True,11,53,202.0,function_evaluations,300000,,300000,5999,300000,0,max_function_evaluations,0.00021640200020556222,43.53568352499997,1.1697845458984375,1.2649097442626953,,,F7_LunacekBiRastr,30,PSOTVAC
True,12,54,126.0,function_evaluations,300000,,300000,5999,300000,0,max_function_evaluations,0.0002544750000197382,74.8280196579999,1.156707763671875,1.2514362335205078,,,F7_LunacekBiRastr,30,PSOTVAC
True,13,55,118.0,function_evaluations,300000,,300000,5999,300000,0,max_function_evaluations,0.0002285909999955038,68.91091189500003,1.1840782165527344,1.2797527313232422,,,F7_LunacekBiRastr,30,PSOTVAC
True,14,56,124.0,function_evaluations,300000,,300000,5999,300000,0,max_function_evaluations,0.00022907299990038155,66.38826294199998,1.1918678283691406,1.2860164642333984,,,F7_LunacekBiRastr,30,PSOTVAC
True,15,57,178.0,function_evaluations,300000,,300000,5999,300000,0,max_function_evaluations,0.00022192100004758686,61.464469044,1.2235679626464844,1.3178386688232422,,,F7_LunacekBiRastr,30,PSOTVAC
True,16,58,120.0,function_evaluations,300000,,300000,5999,300000,0,max_function_evaluations,0.00022785299961469718,65.3803469620002,1.1570930480957031,1.251760482788086,,,F7_LunacekBiRastr,30,PSOTVAC
True,17,59,120.0,function_evaluations,300000,,300000,5999,300000,0,max_function_evaluations,0.00024638900003992603,60.905902065999726,1.1575736999511719,1.2519054412841797,,,F7_LunacekBiRastr,30,PSOTVAC
True,18,60,102.0,function_evaluations,300000,,300000,5999,300000,0,max_function_evaluations,0.00023614700012331014,63.33849170900021,1.1423225402832031,1.236684799194336,,,F7_LunacekBiRastr,30,PSOTVAC
True,19,61,166.0,function_evaluations,300000,,300000,5999,300000,0,max_function_evaluations,0.00026594900009513367,69.95721085399964,1.1662635803222656,1.2604732513427734,,,F7_LunacekBiRastr,30,PSOTVAC
True,20,62,166.0,function_evaluations,300000,,300000,5999,300000,0,max_function_evaluations,0.0002335660001335782,62.47898462499961,1.1670722961425781,1.261312484741211,,,F7_LunacekBiRastr,30,PSOTVAC
True,21,63,178.0,function_evaluations,300000,,300000,5999,300000,0,max_function_evaluations,0.0002551579996179498,65.177897648,1.1432418823242188,1.2373905181884766,,,F7_LunacekBiRastr,30,PSOTVAC
True,22,64,188.0,function_evaluations,300000,,300000,5999,300000,0,max_function_evaluations,0.0001548699997329095,48.679478569000366,1.1765937805175781,1.271871566772461,,,F7_LunacekBiRastr,30,PSOTVAC
True,23,65,122.0,function_evaluations,300000,,300000,5999,300000,0,max_function_evaluations,0.0002272839997203846,30.484260669999912,1.1831207275390625,1.2774829864501953,,,F7_LunacekBiRastr,30,PSOTVAC
True,24,66,104.0,function_evaluations,300000,,300000,5999,300000,0,max_function_evaluations,0.00022440000020651496,29.943497591999858,1.1517982482910156,1.2464046478271484,,,F7_LunacekBiRastr,30,PSOTVAC
True,0,42,184.5,function_evaluations,300000,,300000,5999,300000,0,max_function_evaluations,0.00023538300001746393,66.1794326170002,0.8840141296386719,0.9783802032470703,,,F7_LunacekBiRastr,30,APSOVI
True,1,43,192.0000000000034,function_evaluations,300000,,300000,5999,300000,0,max_function_evaluations,0.00014977499995438848,63.633878617999926,0.9695091247558594,1.065134048461914,,,F7_LunacekBiRastr,30,APSOVI
True,2,44,140.00000896915344,function_evaluations,300000,,300000,5999,300000,0,max_function_evaluations,0.0002362800000810239,77.4006733619999,1.1211509704589844,1.2431621551513672,,,F7_LunacekBiRastr,30,APSOVI
True,3,45,199.01037892797603,function_evaluations,300000,,300000,5999,300000,0,max_function_evaluations,0.0002727520000007644,76.82537024400017,0.9149246215820312,1.0106220245361328,,,F7_LunacekBiRastr,30,APSOVI
True,4,46,118.39971954534337,function_evaluations,300000,,300000,5999,300000,0,max_function_evaluations,0.00020977099984520464,66.09924924999996,1.01275634765625,1.1084842681884766,,,F7_LunacekBiRastr,30,APSOVI
True,5,47,266.5,function_evaluations,300000,,300000,5999,300000,0,max_function_evaluations,0.00014918499982741196,57.9319317569998,1.0024223327636719,1.0988521575927734,,,F7_LunacekBiRastr,30,APSOVI
True,6,48,170.0,function_evaluations,300000,,300000,5999,300000,0,max_function_evaluations,0.0002372090002609184,75.96872178700005,0.8721275329589844,0.9666957855224609,,,F7_LunacekBiRastr,30,APSOVI
True,7,49,129.6328473411662,function_evaluations,300000,,300000,5999,300000,0,max_function_evaluations,0.00013798500003758818,66.21017746799998,1.0504035949707031,1.153493881225586,,,F7_LunacekBiRastr,30,APSOVI
True,8,50,246.0,function_evaluations,300000,,300000,5999,300000,0,max_function_evaluations,0.0001921419998325291,65.59909054799982,1.0362930297851562,1.139383316040039,,,F7_LunacekBiRastr,30,APSOVI
True,9,51,148.0,function_evaluations,300000,,300000,5999,300000,0,max_function_evaluations,0.00021313799970812397,43.41935347200024,0.8502235412597656,0.9444561004638672,,,F7_LunacekBiRastr,30,APSOVI
True,10,52,130.0,function_evaluations,300000,,300000,5999,300000,0,max_function_evaluations,0.0002258929998788517,76.19223859600015,0.8693580627441406,0.9638347625732422,,,F7_LunacekBiRastr,30,APSOVI
True,11,53,237.2882525625123,function_evaluations,300000,,300000,5999,300000,0,max_function_evaluations,0.00021645100014211494,37.4091352989999,1.0996437072753906,1.2145748138427734,,,F7_LunacekBiRastr,30,APSOVI
True,12,54,268.4611704274082,function_evaluations,300000,,300000,5999,300000,0,max_function_evaluations,0.00021903299966652412,67.55460375499979,0.9437294006347656,1.038564682006836,,,F7_LunacekBiRastr,30,APSOVI
True,13,55,282.0,function_evaluations,300000,,300000,5999,300000,0,max_function_evaluations,0.00023365800007013604,66.09647867800004,0.8987770080566406,0.9935169219970703,,,F7_LunacekBiRastr,30,APSOVI
True,14,56,280.5,function_evaluations,300000,,300000,5999,300000,0,max_function_evaluations,0.00023658899999645655,66.02159025400033,0.8505096435546875,0.9447116851806641,,,F7_LunacekBiRastr,30,APSOVI
True,15,57,228.0,function_evaluations,300000,,300000,5999,300000,0,max_function_evaluations,0.00023888999976406922,61.88638416200001,1.0019035339355469,1.0973262786865234,,,F7_LunacekBiRastr,30,APSOVI
True,16,58,190.0,function_evaluations,300000,,300000,5999,300000,0,max_function_evaluations,0.0002152689999093127,65.47003109399975,0.8713569641113281,0.9659976959228516,,,F7_LunacekBiRastr,30,APSOVI
True,17,59,268.5,function_evaluations,300000,,300000,5999,300000,0,max_function_evaluations,0.00022746700005882303,66.99376616200016,0.9366798400878906,1.0322551727294922,,,F7_LunacekBiRastr,30,APSOVI
True,18,60,255.8665806072628,function_evaluations,300000,,300000,5999,300000,0,max_function_evaluations,0.0002519800000300165,56.781751558999986,1.0769271850585938,1.1855716705322266,,,F7_LunacekBiRastr,30,APSOVI
True,19,61,256.50029131719066,function_evaluations,300000,,300000,5999,300000,0,max_function_evaluations,0.000244198000018514,63.26018182000007,0.9902915954589844,1.0847301483154297,,,F7_LunacekBiRastr,30,APSOVI
True,20,62,218.5,function_evaluations,300000,,300000,5999,300000,0,max_function_evaluations,0.00025842700006251107,67.58958851299985,0.890106201171875,0.9846134185791016,,,F7_LunacekBiRastr,30,APSOVI
True,21,63,150.0,function_evaluations,300000,,300000,5999,300000,0,max_function_evaluations,0.0002726200000324752,61.003735056000096,0.8937492370605469,0.9890193939208984,,,F7_LunacekBiRastr,30,APSOVI
True,22,64,138.0,function_evaluations,300000,,300000,5999,300000,0,max_function_evaluations,0.000227368000196293,59.09090018000006,0.8729057312011719,0.9671077728271484,,,F7_LunacekBiRastr,30,APSOVI
True,23,65,194.5,function_evaluations,300000,,300000,5999,300000,0,max_function_evaluations,0.0002198400002271228,31.31675389300017,0.8629722595214844,0.9575099945068359,,,F7_LunacekBiRastr,30,APSOVI
True,24,66,152.0,function_evaluations,300000,,300000,5999,300000,0,max_function_evaluations,0.000255702999766072,31.58656275600015,0.8603096008300781,0.9545116424560547,,,F7_LunacekBiRastr,30,APSOVI
True,0,42,238.0,function_evaluations,300000,,300000,5881,300000,0,max_function_evaluations,0.00024609899992356077,72.24028493700007,1.337540626525879,2.57888126373291,,,F7_LunacekBiRastr,30,APSO
True,1,43,178.0,function_evaluations,300000,,300000,5882,300000,0,max_function_evaluations,0.00015681300010328414,69.856237426,1.3055915832519531,2.5464744567871094,,,F7_LunacekBiRastr,30,APSO
True,2,44,148.0,function_evaluations,300000,,300000,5896,300000,0,max_function_evaluations,0.00013782499991066288,77.78454110200028,1.3712491989135742,2.6120100021362305,,,F7_LunacekBiRastr,30,APSO
True,3,45,186.0,function_evaluations,300000,,300000,5881,300000,0,max_function_evaluations,0.00019333799991727574,73.68102855300003,1.3599987030029297,2.601736068725586,,,F7_LunacekBiRastr,30,APSO
True,4,46,198.0,function_evaluations,300000,,300000,5881,300000,0,max_function_evaluations,0.00018506100013837568,71.82234762500002,1.320755958557129,2.562005043029785,,,F7_LunacekBiRastr,30,APSO
True,5,47,140.0,function_evaluations,300000,,300000,5881,300000,0,max_function_evaluations,0.00022583300005862839,80.87287889000027,1.346806526184082,2.5877809524536133,,,F7_LunacekBiRastr,30,APSO
True,6,48,178.0,function_evaluations,300000,,300000,5881,300000,0,max_function_evaluations,0.0002392100000179198,69.4689717340002,1.3308219909667969,2.572345733642578,,,F7_LunacekBiRastr,30,APSO
True,7,49,328.0,function_evaluations,300000,,300000,5881,300000,0,max_function_evaluations,0.0002234019998468284,49.47998349699992,1.309091567993164,2.5500659942626953,,,F7_LunacekBiRastr,30,APSO
True,8,50,278.0,function_evaluations,300000,,300000,5881,300000,0,max_function_evaluations,0.00019142300016028457,71.89652287200033,1.3175086975097656,2.558391571044922,,,F7_LunacekBiRastr,30,APSO
True,9,51,104.0,function_evaluations,300000,,300000,5881,300000,0,max_function_evaluations,0.00020545300003504963,72.60037276999992,1.3244171142578125,2.5660018920898438,,,F7_LunacekBiRastr,30,APSO
True,10,52,90.0,function_evaluations,300000,,300000,5882,300000,0,max_function_evaluations,0.0001944179998645268,73.20820971600006,1.3613271713256836,2.60288143157959,,,F7_LunacekBiRastr,30,APSO
True,11,53,132.0,function_evaluations,300000,,300000,5881,300000,0,max_function_evaluations,0.001960295999651862,70.35210356900006,1.354954719543457,2.5958375930786133,,,F7_LunacekBiRastr,30,APSO
True,12,54,170.0,function_evaluations,300000,,300000,5881,300000,0,max_function_evaluations,0.00025152999978672597,78.53810809600009,1.3505630493164062,2.5923004150390625,,,F7_LunacekBiRastr,30,APSO
True,13,55,204.0,function_evaluations,300000,,300000,5882,300000,0,max_function_evaluations,0.000269062000370468,70.86485329000016,1.3420448303222656,2.582927703857422,,,F7_LunacekBiRastr,30,APSO
True,14,56,182.0,function_evaluations,300000,,300000,5888,300000,0,max_function_evaluations,0.0002710200001274643,78.68129236300001,1.3300304412841797,2.570882797241211,,,F7_LunacekBiRastr,30,APSO
True,15,57,230.0,function_evaluations,300000,,300000,5954,300000,0,max_function_evaluations,0.00024234700003944454,68.85793749999993,1.3888053894042969,2.630084991455078,,,F7_LunacekBiRastr,30,APSO
True,16,58,176.0,function_evaluations,300000,,300000,5882,300000,0,max_function_evaluations,0.0002469439996275469,62.51481493600022,1.3489055633544922,2.5909175872802734,,,F7_LunacekBiRastr,30,APSO
True,17,59,182.0,function_evaluations,300000,,300000,5883,300000,0,max_function_evaluations,0.0002437189996271627,68.81452622799998,1.3192024230957031,2.5607566833496094,,,F7_LunacekBiRastr,30,APSO
True,18,60,124.0,function_evaluations,300000,,300000,5883,300000,0,max_function_evaluations,0.0002473279996593192,70.61784373199998,1.3153867721557617,2.556727409362793,,,F7_LunacekBiRastr,30,APSO
True,19,61,270.0,function_evaluations,300000,,300000,5881,300000,0,max_function_evaluations,0.0002827810003509512,74.06505270399975,1.3158130645751953,2.5570316314697266,,,F7_LunacekBiRastr,30,APSO
True,20,62,194.0,function_evaluations,300000,,300000,5881,300000,0,max_function_evaluations,0.0002681959999790706,67.99961986900007,1.325906753540039,2.5672473907470703,,,F7_LunacekBiRastr,30,APSO
True,21,63,192.0,function_evaluations,300000,,300000,5881,300000,0,max_function_evaluations,0.00023104799993234337,70.77155590300026,1.351090431213379,2.592827796936035,,,F7_LunacekBiRastr,30,APSO
True,22,64,162.0,function_evaluations,300000,,300000,5920,300000,0,max_function_evaluations,0.0003004529999088845,45.18478342100025,1.4358940124511719,2.678150177001953,,,F7_LunacekBiRastr,30,APSO
True,23,65,218.0,function_evaluations,300000,,300000,5881,300000,0,max_function_evaluations,0.00017106999985117,34.73541279799974,1.3058967590332031,2.5466575622558594,,,F7_LunacekBiRastr,30,APSO
True,24,66,250.0,function_evaluations,300000,,300000,5881,300000,0,max_function_evaluations,0.00023919500017655082,33.14487739700007,1.3115005493164062,2.5525970458984375,,,F7_LunacekBiRastr,30,APSO
True,0,42,328.5,function_evaluations,300000,,300000,5999,300000,0,max_function_evaluations,0.0004240029998072714,42.889409719000014,1.1230278015136719,1.2178621292114258,,,F7_LunacekBiRastr,30,UAPSO
True,1,43,306.0,function_evaluations,300000,,300000,5999,300000,0,max_function_evaluations,0.00040902399996411987,68.15666118699983,1.126744270324707,1.2217741012573242,,,F7_LunacekBiRastr,30,UAPSO
True,2,44,314.5,function_evaluations,300000,,300000,5999,300000,0,max_function_evaluations,0.0003936580001209222,62.4871355170003,1.116297721862793,1.210942268371582,,,F7_LunacekBiRastr,30,UAPSO
True,3,45,403.0,function_evaluations,300000,,300000,5999,300000,0,max_function_evaluations,0.0002235759998256981,77.9822335570002,1.1187353134155273,1.2134103775024414,,,F7_LunacekBiRastr,30,UAPSO
True,4,46,363.50007939220814,function_evaluations,300000,,300000,5999,300000,0,max_function_evaluations,0.00021898900013184175,73.31682510500013,1.4291143417358398,1.559617042541504,,,F7_LunacekBiRastr,30,UAPSO
True,5,47,444.0,function_evaluations,300000,,300000,5999,300000,0,max_function_evaluations,0.00022656900000583846,70.54509108499997,1.1217823028564453,1.2164573669433594,,,F7_LunacekBiRastr,30,UAPSO
True,6,48,182.0,function_evaluations,300000,,300000,5999,300000,0,max_function_evaluations,0.0003084620002482552,74.20529149100003,1.1211318969726562,1.2160205841064453,,,F7_LunacekBiRastr,30,UAPSO
True,7,49,222.0,function_evaluations,300000,,300000,5999,300000,0,max_function_evaluations,0.00022180999985721428,67.7194809749999,1.1229076385498047,1.2177047729492188,,,F7_LunacekBiRastr,30,UAPSO
True,8,50,330.0,function_evaluations,300000,,300000,5999,300000,0,max_function_evaluations,0.00030434200016316026,67.11272375399994,1.1234493255615234,1.2182464599609375,,,F7_LunacekBiRastr,30,UAPSO
True,9,51,178.0,function_evaluations,300000,,300000,5999,300000,0,max_function_evaluations,0.00030563200016331393,65.66378675799979,1.2974462509155273,1.3961496353149414,,,F7_LunacekBiRastr,30,UAPSO
True,10,52,360.5,function_evaluations,300000,,300000,5999,300000,0,max_function_evaluations,0.0003089730003011937,71.5889485849998,1.128737449645996,1.2239007949829102,,,F7_LunacekBiRastr,30,UAPSO
True,11,53,236.0000471634429,function_evaluations,300000,,300000,5999,300000,0,max_function_evaluations,0.0002631170000313432,48.50203836299988,1.2090110778808594,1.3051586151123047,,,F7_LunacekBiRastr,30,UAPSO
True,12,54,400.5,function_evaluations,300000,,300000,5999,300000,0,max_function_evaluations,0.0003623239999797079,69.31565685000032,1.1251134872436523,1.2199106216430664,,,F7_LunacekBiRastr,30,UAPSO
True,13,55,338.5,function_evaluations,300000,,300000,5999,300000,0,max_function_evaluations,0.00024804299982861266,75.14193931999989,1.1194067001342773,1.2142343521118164,,,F7_LunacekBiRastr,30,UAPSO
True,14,56,274.0,function_evaluations,300000,,300000,5999,300000,0,max_function_evaluations,0.0003693429998747888,69.25704033400007,1.1276988983154297,1.2225570678710938,,,F7_LunacekBiRastr,30,UAPSO
True,15,57,483.5,function_evaluations,300000,,300000,5999,300000,0,max_function_evaluations,0.0003677140002764645,71.48710873200025,1.125901222229004,1.220637321472168,,,F7_LunacekBiRastr,30,UAPSO
True,16,58,236.24565962363545,function_evaluations,300000,,300000,5999,300000,0,max_function_evaluations,0.0003638890002548578,68.51707793500009,1.2252368927001953,1.3214378356933594,,,F7_LunacekBiRastr,30,UAPSO
True,17,59,354.0,function_evaluations,300000,,300000,5999,300000,0,max_function_evaluations,0.00041728499991222634,72.1991384590001,1.1361656188964844,1.2309627532958984,,,F7_LunacekBiRastr,30,UAPSO
True,18,60,334.5,function_evaluations,300000,,300000,5999,300000,0,max_function_evaluations,0.0004301379999560595,71.63624907300027,1.121225357055664,1.2161140441894531,,,F7_LunacekBiRastr,30,UAPSO
True,19,61,334.0,function_evaluations,300000,,300000,5999,300000,0,max_function_evaluations,0.0003685360002236848,66.48465820199999,1.1368684768676758,1.2316837310791016,,,F7_LunacekBiRastr,30,UAPSO
True,20,62,372.0,function_evaluations,300000,,300000,5999,300000,0,max_function_evaluations,0.0003658390000964573,47.06672054399996,1.1196050643920898,1.214493751525879,,,F7_LunacekBiRastr,30,UAPSO
True,21,63,366.000000000005,function_evaluations,300000,,300000,5999,300000,0,max_function_evaluations,0.00042134500017709797,65.56612189799989,1.1769800186157227,1.2717466354370117,,,F7_LunacekBiRastr,30,UAPSO
True,22,64,244.0,function_evaluations,300000,,300000,5999,300000,0,max_function_evaluations,0.0003828250000879052,57.125316817999646,1.1229963302612305,1.2178611755371094,,,F7_LunacekBiRastr,30,UAPSO
True,23,65,344.5,function_evaluations,300000,,300000,5999,300000,0,max_function_evaluations,0.0003616290000536537,38.767235997999705,1.1297845840454102,1.2246732711791992,,,F7_LunacekBiRastr,30,UAPSO
True,24,66,310.5,function_evaluations,300000,,300000,5999,300000,0,max_function_evaluations,0.0003753649998543551,32.97260528100014,1.1179180145263672,1.2127456665039062,,,F7_LunacekBiRastr,30,UAPSO
True,0,42,5775.973952850468,function_evaluations,300000,,300000,5999,300000,0,max_function_evaluations,0.00020808099998248508,71.41138208600023,0.7100601196289062,0.8042316436767578,,,F9_Levy,30,PSO
True,1,43,4971.92253904341,function_evaluations,300000,,300000,5999,300000,0,max_function_evaluations,0.0001913040000545152,71.59575611599985,0.7108993530273438,0.8053455352783203,,,F9_Levy,30,PSO
True,2,44,5940.9455359189815,function_evaluations,300000,,300000,5999,300000,0,max_function_evaluations,0.00014607999992222176,73.35156430400002,0.7098846435546875,0.8040866851806641,,,F9_Levy,30,PSO
True,3,45,5490.760245877697,function_evaluations,300000,,300000,5999,300000,0,max_function_evaluations,0.0002040360000137298,70.59772273600038,0.7250823974609375,0.8194980621337891,,,F9_Levy,30,PSO
True,4,46,5303.422041798985,function_evaluations,300000,,300000,5999,300000,0,max_function_evaluations,0.0002168749997508712,72.64536934699981,0.7106399536132812,0.8051166534423828,,,F9_Levy,30,PSO
True,5,47,5517.362771944935,function_evaluations,300000,,300000,5999,300000,0,max_function_evaluations,0.00014179300023897667,72.72667274700007,0.7234268188476562,0.8180866241455078,,,F9_Levy,30,PSO
True,6,48,4872.511424611354,function_evaluations,300000,,300000,5999,300000,0,max_function_evaluations,0.00023642699989068205,76.124380707,0.7234878540039062,0.8181476593017578,,,F9_Levy,30,PSO
True,7,49,5623.321965675639,function_evaluations,300000,,300000,5999,300000,0,max_function_evaluations,0.000216953000290232,74.5453564620002,0.70184326171875,0.7961673736572266,,,F9_Levy,30,PSO
True,8,50,5628.6349415442355,function_evaluations,300000,,300000,5999,300000,0,max_function_evaluations,0.00019083999995928025,61.090963439999996,0.708465576171875,0.8028812408447266,,,F9_Levy,30,PSO
True,9,51,5413.585135666272,function_evaluations,300000,,300000,5999,300000,0,max_function_evaluations,0.00018962499962071888,73.25540481300004,0.7097702026367188,0.8039722442626953,,,F9_Levy,30,PSO
True,10,52,6197.264482532112,function_evaluations,300000,,300000,5999,300000,0,max_function_evaluations,0.00023303500029214774,56.238723706999735,0.7085189819335938,0.8029346466064453,,,F9_Levy,30,PSO
True,11,53,5762.997453332866,function_evaluations,300000,,300000,5999,300000,0,max_function_evaluations,0.0001421299998582981,65.93341201000021,0.707611083984375,0.8018436431884766,,,F9_Levy,30,PSO
True,12,54,5560.445573255896,function_evaluations,300000,,300000,5999,300000,0,max_function_evaluations,0.00023855800009187078,73.0050740480001,0.7230682373046875,0.8178195953369141,,,F9_Levy,30,PSO
True,13,55,5944.9959992526365,function_evaluations,300000,,300000,5999,300000,0,max_function_evaluations,0.0002165860000786779,71.68338433500003,0.70849609375,0.8029117584228516,,,F9_Levy,30,PSO
True,14,56,4879.851524826382,function_evaluations,300000,,300000,5999,300000,0,max_function_evaluations,0.0002086620002046402,71.6418509629998,0.7043609619140625,0.7988071441650391,,,F9_Levy,30,PSO
True,15,57,4411.486181499957,function_evaluations,300000,,300000,5999,300000,0,max_function_evaluations,0.00022546099989995128,63.732625953000024,0.7093505859375,0.8036441802978516,,,F9_Levy,30,PSO
True,16,58,5949.700148783613,function_evaluations,300000,,300000,5999,300000,0,max_function_evaluations,0.0002395370001977426,72.04306672600023,0.7099380493164062,0.8041095733642578,,,F9_Levy,30,PSO
True,17,59,4646.781619380742,function_evaluations,300000,,300000,5999,300000,0,max_function_evaluations,0.0002143140000043786,67.84958467000024,0.7263870239257812,0.8205890655517578,,,F9_Levy,30,PSO
True,18,60,4673.161307431187,function_evaluations,300000,,300000,5999,300000,0,max_function_evaluations,0.00024545799988118233,74.17456633599977,0.7090911865234375,0.8033847808837891,,,F9_Levy,30,PSO
True,19,61,5828.824131113116,function_evaluations,300000,,300000,5999,300000,0,max_function_evaluations,0.0002488310001353966,72.27127682299988,0.7096481323242188,0.8039112091064453,,,F9_Levy,30,PSO
True,20,62,5915.870907899165,function_evaluations,300000,,300000,5999,300000,0,max_function_evaluations,0.00022725799999534502,71.557212316,0.7099075317382812,0.8041095733642578,,,F9_Levy,30,PSO
True,21,63,4796.0876070724,function_evaluations,300000,,300000,5999,300000,0,max_function_evaluations,0.00021867599980396335,51.76198333100001,0.7100677490234375,0.8042392730712891,,,F9_Levy,30,PSO
True,22,64,6385.146909033167,function_evaluations,300000,,300000,5999,300000,0,max_function_evaluations,0.0002729100001488405,44.58359949299984,0.7111968994140625,0.8056125640869141,,,F9_Levy,30,PSO
True,23,65,5650.336187837264,function_evaluations,300000,,300000,5999,300000,0,max_function_evaluations,0.00021782900012112805,40.896174497000175,0.7108535766601562,0.8052997589111328,,,F9_Levy,30,PSO
True,24,66,5600.837629835492,function_evaluations,300000,,300000,5999,300000,0,max_function_evaluations,0.0002410270003565529,38.60881788000006,0.7109832763671875,0.8054294586181641,,,F9_Levy,30,PSO
True,0,42,3398.4346191280165,function_evaluations,300000,,300000,5999,300000,0,max_function_evaluations,0.00015246499970089644,71.316214769,0.94000244140625,1.0347614288330078,,,F9_Levy,30,PSOLVIW
True,1,43,2125.1373839885036,function_evaluations,300000,,300000,5999,300000,0,max_function_evaluations,0.0001941590003298188,68.42223973199998,0.9186248779296875,1.0128955841064453,,,F9_Levy,30,PSOLVIW
True,2,44,2478.0198264093306,function_evaluations,300000,,300000,5999,300000,0,max_function_evaluations,0.00013196100007917266,65.98901377499988,0.9387741088867188,1.0351200103759766,,,F9_Levy,30,PSOLVIW
True,3,45,2400.079341852992,function_evaluations,300000,,300000,5999,300000,0,max_function_evaluations,0.00022172099988893024,78.09471479500007,0.9330902099609375,1.0290088653564453,,,F9_Levy,30,PSOLVIW
True,4,46,2165.08208167918,function_evaluations,300000,,300000,5999,300000,0,max_function_evaluations,0.00021733199992013397,75.28422078299991,0.9403457641601562,1.034799575805664,,,F9_Levy,30,PSOLVIW
True,5,47,2578.5287280982247,function_evaluations,300000,,300000,5999,300000,0,max_function_evaluations,0.0002144750001207285,80.01257632999977,0.9557342529296875,1.0503482818603516,,,F9_Levy,30,PSOLVIW
True,6,48,1824.5600922952199,function_evaluations,300000,,300000,5999,300000,0,max_function_evaluations,0.00018022399990513804,63.7791518680001,0.9420394897460938,1.0364933013916016,,,F9_Levy,30,PSOLVIW
True,7,49,1692.114472183801,function_evaluations,300000,,300000,5999,300000,0,max_function_evaluations,0.00022599800013267668,66.8168623610004,0.9453659057617188,1.0415287017822266,,,F9_Levy,30,PSOLVIW
True,8,50,2377.779838286191,function_evaluations,300000,,300000,5999,300000,0,max_function_evaluations,0.00019293600007586065,69.25376621700025,0.9429702758789062,1.0372791290283203,,,F9_Levy,30,PSOLVIW
True,9,51,2331.0746898349244,function_evaluations,300000,,300000,5999,300000,0,max_function_evaluations,0.00018102400008501718,68.50138084799983,0.9634475708007812,1.0595569610595703,,,F9_Levy,30,PSOLVIW
True,10,52,1891.7171713927546,function_evaluations,300000,,300000,5999,300000,0,max_function_evaluations,0.00018889800003307755,67.65281412500008,0.9244537353515625,1.0196094512939453,,,F9_Levy,30,PSOLVIW
True,11,53,2076.6089543703383,function_evaluations,300000,,300000,5999,300000,0,max_function_evaluations,0.00021653199974025483,77.00295627299965,0.9154586791992188,1.0102787017822266,,,F9_Levy,30,PSOLVIW
True,12,54,2302.619728853497,function_evaluations,300000,,300000,5999,300000,0,max_function_evaluations,0.00022018899971953942,64.40559974600001,0.9456253051757812,1.041696548461914,,,F9_Levy,30,PSOLVIW
True,13,55,3371.0386421632156,function_evaluations,300000,,300000,5999,300000,0,max_function_evaluations,0.00022083099975134246,73.97125847500001,0.918243408203125,1.0126056671142578,,,F9_Levy,30,PSOLVIW
True,14,56,2175.536484065049,function_evaluations,300000,,300000,5999,300000,0,max_function_evaluations,0.00022154899988890975,72.12788365200004,0.9249038696289062,1.019998550415039,,,F9_Levy,30,PSOLVIW
True,15,57,1603.047208692018,function_evaluations,300000,,300000,5999,300000,0,max_function_evaluations,0.0002223930000582186,72.72531559500021,0.9217300415039062,1.017435073852539,,,F9_Levy,30,PSOLVIW
True,16,58,2374.5317010988438,function_evaluations,300000,,300000,5999,300000,0,max_function_evaluations,0.00025449700024182675,76.43955335600003,0.9173431396484375,1.0118274688720703,,,F9_Levy,30,PSOLVIW
True,17,59,2319.3038208741655,function_evaluations,300000,,300000,5999,300000,0,max_function_evaluations,0.00025870199988276,73.46231175499997,0.9388504028320312,1.033823013305664,,,F9_Levy,30,PSOLVIW
True,18,60,2089.680413053693,function_evaluations,300000,,300000,5999,300000,0,max_function_evaluations,0.00023630400028196163,64.2974523910002,0.9408340454101562,1.035409927368164,,,F9_Levy,30,PSOLVIW
True,19,61,2992.0725967176095,function_evaluations,300000,,300000,5999,300000,0,max_function_evaluations,0.00020901900006720098,69.96363173400005,0.9290847778320312,1.023386001586914,,,F9_Levy,30,PSOLVIW
True,20,62,1625.592980068006,function_evaluations,300000,,300000,5999,300000,0,max_function_evaluations,0.00016335700001945952,61.20305328099994,0.9439239501953125,1.0380420684814453,,,F9_Levy,30,PSOLVIW
True,21,63,2004.2521642969514,function_evaluations,300000,,300000,5999,300000,0,max_function_evaluations,0.0002539289998821914,67.77500804700003,0.9269180297851562,1.021799087524414,,,F9_Levy,30,PSOLVIW
True,22,64,2878.9096061110286,function_evaluations,300000,,300000,5999,300000,0,max_function_evaluations,0.000256127000284323,40.006045717000234,0.9362030029296875,1.0315113067626953,,,F9_Levy,30,PSOLVIW
True,23,65,2701.4882546731405,function_evaluations,300000,,300000,5999,300000,0,max_function_evaluations,0.00021835599955011276,35.85875414500015,0.9379348754882812,1.033029556274414,,,F9_Levy,30,PSOLVIW
True,24,66,2251.3161645187574,function_evaluations,300000,,300000,5999,300000,0,max_function_evaluations,0.00021574199990936904,33.55827857999975,0.9771041870117188,1.0736713409423828,,,F9_Levy,30,PSOLVIW
True,0,42,2646.2739161319387,function_evaluations,300000,,300000,5999,300000,0,max_function_evaluations,0.00021041099989815848,66.78504544399993,1.2264938354492188,1.3206729888916016,,,F9_Levy,30,PSOTVAC
True,1,43,1980.7144030177697,function_evaluations,300000,,300000,5999,300000,0,max_function_evaluations,0.0001432929998372856,71.50651071700031,1.218780517578125,1.3136310577392578,,,F9_Levy,30,PSOTVAC
True,2,44,2835.796170359603,function_evaluations,300000,,300000,5999,300000,0,max_function_evaluations,0.0002192930001001514,79.44918831999985,1.34765625,1.450693130493164,,,F9_Levy,30,PSOTVAC
True,3,45,2226.2468189628707,function_evaluations,300000,,300000,5999,300000,0,max_function_evaluations,0.00018086700038111303,75.18266377300006,1.2572784423828125,1.3516712188720703,,,F9_Levy,30,PSOTVAC
True,4,46,2005.1712857684633,function_evaluations,300000,,300000,5999,300000,0,max_function_evaluations,0.00022554499992111232,74.02858539999988,1.2462310791015625,1.3426990509033203,,,F9_Levy,30,PSOTVAC
True,5,47,2925.762397480734,function_evaluations,300000,,300000,5999,300000,0,max_function_evaluations,0.00025562100017850753,77.20209356099986,1.3680343627929688,1.4829120635986328,,,F9_Levy,30,PSOTVAC
True,6,48,1770.7387380284763,function_evaluations,300000,,300000,5999,300000,0,max_function_evaluations,0.00023962500017660204,71.25957061100007,1.234222412109375,1.3297443389892578,,,F9_Levy,30,PSOTVAC
True,7,49,4211.970340048989,function_evaluations,300000,,300000,5999,300000,0,max_function_evaluations,0.00022127000011096243,74.26882211699967,1.552215576171875,1.701089859008789,,,F9_Levy,30,PSOTVAC
True,8,50,2254.9736216382844,function_evaluations,300000,,300000,5999,300000,0,max_function_evaluations,0.00020700900040537817,70.52851475499983,1.2747116088867188,1.3689823150634766,,,F9_Levy,30,PSOTVAC
True,9,51,3190.495092415218,function_evaluations,300000,,300000,5999,300000,0,max_function_evaluations,0.00021922199994151015,73.16198152000015,1.5273590087890625,1.6762332916259766,,,F9_Levy,30,PSOTVAC
True,10,52,1868.1895976296983,function_evaluations,300000,,300000,5999,300000,0,max_function_evaluations,0.00016263699990304303,52.89935037100031,1.4577407836914062,1.5876331329345703,,,F9_Levy,30,PSOTVAC
True,11,53,2719.2818661177516,function_evaluations,300000,,300000,5999,300000,0,max_function_evaluations,0.00016799099967101938,52.10222043299973,1.2560195922851562,1.353219985961914,,,F9_Levy,30,PSOTVAC
True,12,54,2464.8116766342973,function_evaluations,300000,,300000,5999,300000,0,max_function_evaluations,0.0002306970000063302,74.11129646000018,1.3566055297851562,1.4651966094970703,,,F9_Levy,30,PSOTVAC
True,13,55,2642.983525777041,function_evaluations,300000,,300000,5999,300000,0,max_function_evaluations,0.00022480300003735465,68.63539321099961,1.3703079223632812,1.4851856231689453,,,F9_Levy,30,PSOTVAC
True,14,56,1821.249578064666,function_evaluations,300000,,300000,5999,300000,0,max_function_evaluations,0.00022986299973126734,70.21139830899983,1.3576507568359375,1.4662418365478516,,,F9_Levy,30,PSOTVAC
True,15,57,2321.8583779174623,function_evaluations,300000,,300000,5999,300000,0,max_function_evaluations,0.000227606999942509,73.58250746700014,1.2404632568359375,1.3346729278564453,,,F9_Levy,30,PSOTVAC
True,16,58,3203.941069793518,function_evaluations,300000,,300000,5999,300000,0,max_function_evaluations,0.00022128899991002982,70.97269888799974,1.44134521484375,1.571237564086914,,,F9_Levy,30,PSOTVAC
True,17,59,2078.1967190737105,function_evaluations,300000,,300000,5999,300000,0,max_function_evaluations,0.00022186500018506194,67.62908491200005,1.2593841552734375,1.3566455841064453,,,F9_Levy,30,PSOTVAC
True,18,60,2247.683407713552,function_evaluations,300000,,300000,5999,300000,0,max_function_evaluations,0.0002544459998716775,74.25593400200023,1.277862548828125,1.3753376007080078,,,F9_Levy,30,PSOTVAC
True,19,61,1936.236466822318,function_evaluations,300000,,300000,5999,300000,0,max_function_evaluations,0.0002538329999879352,57.78576835600006,1.2318038940429688,1.3275394439697266,,,F9_Levy,30,PSOTVAC
True,20,62,2726.126784966369,function_evaluations,300000,,300000,5999,300000,0,max_function_evaluations,0.0002378439999120019,68.25973993700018,1.2173080444335938,1.3131961822509766,,,F9_Levy,30,PSOTVAC
True,21,63,2546.0658819554174,function_evaluations,300000,,300000,5999,300000,0,max_function_evaluations,0.0002596280000943807,70.54046647699988,1.3656997680664062,1.4742908477783203,,,F9_Levy,30,PSOTVAC
True,22,64,1754.0615115477958,function_evaluations,300000,,300000,5999,300000,0,max_function_evaluations,0.00022500200020658667,54.124344484000176,1.2849960327148438,1.3807010650634766,,,F9_Levy,30,PSOTVAC
True,23,65,2831.043637570061,function_evaluations,300000,,300000,5999,300000,0,max_function_evaluations,0.00022469999976237887,38.920322854999995,1.30810546875,1.406198501586914,,,F9_Levy,30,PSOTVAC
True,24,66,2658.0820485739423,function_evaluations,300000,,300000,5999,300000,0,max_function_evaluations,0.0002259499997308012,36.59093042099994,1.3747024536132812,1.4895801544189453,,,F9_Levy,30,PSOTVAC
True,0,42,1788.289747135852,function_evaluations,300000,,300000,5999,300000,0,max_function_evaluations,0.00014989800001785625,65.64549813099984,0.958709716796875,1.0530338287353516,,,F9_Levy,30,APSOVI
True,1,43,3232.8930643897347,function_evaluations,300000,,300000,5999,300000,0,max_function_evaluations,0.0002206100002695166,73.78296695900008,1.1529159545898438,1.2828311920166016,,,F9_Levy,30,APSOVI
True,2,44,4201.884195063971,function_evaluations,300000,,300000,5999,300000,0,max_function_evaluations,0.00018783499990604469,79.79449920600018,1.0627059936523438,1.1713199615478516,,,F9_Levy,30,APSOVI
True,3,45,1950.8862529830858,function_evaluations,300000,,300000,5999,300000,0,max_function_evaluations,0.0001391370001329051,79.05458863700005,1.1022491455078125,1.2171497344970703,,,F9_Levy,30,APSOVI
True,4,46,3191.5283849545285,function_evaluations,300000,,300000,5999,300000,0,max_function_evaluations,0.00028816599979109014,75.54389067900001,1.0730133056640625,1.1816272735595703,,,F9_Levy,30,APSOVI
True,5,47,2236.693676050176,function_evaluations,300000,,300000,5999,300000,0,max_function_evaluations,0.0002663570003278437,71.35561334300019,1.1256561279296875,1.2476367950439453,,,F9_Levy,30,APSOVI
True,6,48,1511.7367216136154,function_evaluations,300000,,300000,5999,300000,0,max_function_evaluations,0.00022986299973126734,66.84101845299983,1.0037689208984375,1.099435806274414,,,F9_Levy,30,APSOVI
True,7,49,2975.096920318403,function_evaluations,300000,,300000,5999,300000,0,max_function_evaluations,0.0002625649999572488,60.96072768799968,1.0668716430664062,1.175485610961914,,,F9_Levy,30,APSOVI
True,8,50,3244.447306226315,function_evaluations,300000,,300000,5999,300000,0,max_function_evaluations,0.00022151300026962417,65.59007012599977,0.9667510986328125,1.0625629425048828,,,F9_Levy,30,APSOVI
True,9,51,2789.127884702624,function_evaluations,300000,,300000,5999,300000,0,max_function_evaluations,0.00022548399965671706,68.7005558830001,1.1462020874023438,1.2681827545166016,,,F9_Levy,30,APSOVI
True,10,52,2602.6756920629996,function_evaluations,300000,,300000,5999,300000,0,max_function_evaluations,0.00022828600003776955,73.70424132800008,1.1205978393554688,1.2425785064697266,,,F9_Levy,30,APSOVI
True,11,53,2132.8172668664592,function_evaluations,300000,,300000,5999,300000,0,max_function_evaluations,0.00024958899984994787,74.2092119429999,1.2114791870117188,1.3503055572509766,,,F9_Levy,30,APSOVI
True,12,54,3272.450106733566,function_evaluations,300000,,300000,5999,300000,0,max_function_evaluations,0.00022647900004812982,74.6160226750003,0.9622879028320312,1.0584735870361328,,,F9_Levy,30,APSOVI
True,13,55,3802.1021145581126,function_evaluations,300000,,300000,5999,300000,0,max_function_evaluations,0.0002355219999117253,58.24036285600005,1.1695632934570312,1.299478530883789,,,F9_Levy,30,APSOVI
True,14,56,2794.769092788283,function_evaluations,300000,,300000,5999,300000,0,max_function_evaluations,0.00021934200003670412,75.82465369800002,0.9199142456054688,1.0152454376220703,,,F9_Levy,30,APSOVI
True,15,57,2905.272135688603,function_evaluations,300000,,300000,5999,300000,0,max_function_evaluations,0.00023083899986886536,79.96380281999973,1.1679534912109375,1.2978687286376953,,,F9_Levy,30,APSOVI
True,16,58,3765.2853405833357,function_evaluations,300000,,300000,5999,300000,0,max_function_evaluations,0.00014873899999656714,67.55778188100021,1.12030029296875,1.2422809600830078,,,F9_Levy,30,APSOVI
True,17,59,2375.0682753201054,function_evaluations,300000,,300000,5999,300000,0,max_function_evaluations,0.00022447699984695646,75.47596586899999,1.1666488647460938,1.2965641021728516,,,F9_Levy,30,APSOVI
True,18,60,3136.0583133590026,function_evaluations,300000,,300000,5999,300000,0,max_function_evaluations,0.00021973200000502402,78.89111174100026,1.0562896728515625,1.1593494415283203,,,F9_Levy,30,APSOVI
True,19,61,2382.6896870601668,function_evaluations,300000,,300000,5999,300000,0,max_function_evaluations,0.00022401800015359186,77.98201114700032,1.0944671630859375,1.2093677520751953,,,F9_Levy,30,APSOVI
True,20,62,2363.1213684478735,function_evaluations,300000,,300000,5999,300000,0,max_function_evaluations,0.0002559859999564651,69.00996454299957,1.1499481201171875,1.2798633575439453,,,F9_Levy,30,APSOVI
True,21,63,3577.4944711113258,function_evaluations,300000,,300000,5999,300000,0,max_function_evaluations,0.00026895300015894463,72.4983089719999,0.9754257202148438,1.0724658966064453,,,F9_Levy,30,APSOVI
True,22,64,3547.455407389456,function_evaluations,300000,,300000,5999,300000,0,max_function_evaluations,0.0002278379997733282,38.7940588890001,1.1407852172851562,1.262765884399414,,,F9_Levy,30,APSOVI
True,23,65,2672.3845587731885,function_evaluations,300000,,300000,5999,300000,0,max_function_evaluations,0.00022681999962514965,36.894347828000264,1.106048583984375,1.2209491729736328,,,F9_Levy,30,APSOVI
True,24,66,3337.2929606770977,function_evaluations,300000,,300000,5999,300000,0,max_function_evaluations,0.000224046000312228,37.469691918999615,1.1998443603515625,1.3386707305908203,,,F9_Levy,30,APSOVI
True,0,42,2425.1473865799708,function_evaluations,300000,,300000,5886,300000,0,max_function_evaluations,0.00015722999978606822,80.82174831700013,1.5465526580810547,2.790739059448242,,,F9_Levy,30,APSO
True,1,43,3616.130682427014,function_evaluations,300000,,300000,5968,300000,0,max_function_evaluations,0.0001428239993401803,74.65975139300008,1.4227981567382812,2.6641311645507812,,,F9_Levy,30,APSO
True,2,44,2273.105016338004,function_evaluations,300000,,300000,5882,300000,0,max_function_evaluations,0.00013517799925466534,78.04780302600011,1.430746078491211,2.6728954315185547,,,F9_Levy,30,APSO
True,3,45,3266.534321711997,function_evaluations,300000,,300000,5881,300000,0,max_function_evaluations,0.00023032500030240044,81.33856699999978,1.4463777542114258,2.689122200012207,,,F9_Levy,30,APSO
True,4,46,2407.6554195933404,function_evaluations,300000,,300000,5883,300000,0,max_function_evaluations,0.0001839990000007674,73.06165141800011,1.4207525253295898,2.663130760192871,,,F9_Levy,30,APSO
True,5,47,2906.7516271272325,function_evaluations,300000,,300000,5882,300000,0,max_function_evaluations,0.0001376370000798488,76.07420842299962,1.474349021911621,2.7164525985717773,,,F9_Levy,30,APSO
True,6,48,2939.085957726482,function_evaluations,300000,,300000,5884,300000,0,max_function_evaluations,0.00021662400013156002,74.57903965500009,1.4630460739135742,2.7061872482299805,,,F9_Levy,30,APSO
True,7,49,3432.7997281072912,function_evaluations,300000,,300000,5990,300000,0,max_function_evaluations,0.00022535700009029824,70.18086129400035,1.391387939453125,2.6329421997070312,,,F9_Levy,30,APSO
True,8,50,3153.854429164434,function_evaluations,300000,,300000,5881,300000,0,max_function_evaluations,0.00018547299987403676,74.31753238999954,1.3302431106567383,2.5713396072387695,,,F9_Levy,30,APSO
True,9,51,1868.673774677496,function_evaluations,300000,,300000,5882,300000,0,max_function_evaluations,0.00018383599945082096,74.51454505499987,1.5630903244018555,2.806281089782715,,,F9_Levy,30,APSO
True,10,52,3934.804513743924,function_evaluations,300000,,300000,5882,300000,0,max_function_evaluations,0.0002236500004073605,73.40801096599989,1.5027055740356445,2.747860908508301,,,F9_Levy,30,APSO
True,11,53,2507.4016842983037,function_evaluations,300000,,300000,5992,300000,0,max_function_evaluations,0.00022600700049224542,75.25458530600008,1.3729705810546875,2.6141281127929688,,,F9_Levy,30,APSO
True,12,54,1459.6767366437507,function_evaluations,300000,,300000,5881,300000,0,max_function_evaluations,0.00024767499962763395,75.47655880999991,1.5102910995483398,2.752516746520996,,,F9_Levy,30,APSO
True,13,55,2710.2325174057514,function_evaluations,300000,,300000,5881,300000,0,max_function_evaluations,0.0002467130007062224,79.96824992999973,1.4900646209716797,2.7341060638427734,,,F9_Levy,30,APSO
True,14,56,2449.623455547291,function_evaluations,300000,,300000,5881,300000,0,max_function_evaluations,0.00025543500032654265,64.74686535000001,1.562082290649414,2.8076648712158203,,,F9_Levy,30,APSO
True,15,57,3487.0952664309953,function_evaluations,300000,,300000,5881,300000,0,max_function_evaluations,0.00025504600034764735,82.43531942499976,1.4888134002685547,2.732442855834961,,,F9_Levy,30,APSO
True,16,58,2362.7151445661,function_evaluations,300000,,300000,5882,300000,0,max_function_evaluations,0.0002550029994381475,73.56207161099974,1.4560766220092773,2.6996145248413086,,,F9_Levy,30,APSO
True,17,59,3223.058519818411,function_evaluations,300000,,300000,5882,300000,0,max_function_evaluations,0.00026062600045406725,77.56689125400044,1.501297950744629,2.7427759170532227,,,F9_Levy,30,APSO
True,18,60,2948.9132205764545,function_evaluations,300000,,300000,5881,300000,0,max_function_evaluations,0.00023126300038711634,80.75025736899988,1.5122451782226562,2.7571945190429688,,,F9_Levy,30,APSO
True,19,61,3798.915049632569,function_evaluations,300000,,300000,5884,300000,0,max_function_evaluations,0.0002587549997770111,74.895955813,1.340719223022461,2.582731246948242,,,F9_Levy,30,APSO
True,20,62,2434.23673502396,function_evaluations,300000,,300000,5881,300000,0,max_function_evaluations,0.0002487229994585505,73.16402539299997,1.4922246932983398,2.735732078552246,,,F9_Levy,30,APSO
True,21,63,1979.8935760529967,function_evaluations,300000,,300000,5996,300000,0,max_function_evaluations,0.00028082399967388483,71.05511256699992,1.3653087615966797,2.606130599975586,,,F9_Levy,30,APSO
True,22,64,2675.6634264231634,function_evaluations,300000,,300000,5881,300000,0,max_function_evaluations,0.000260798999988765,44.15943083100046,1.4496498107910156,2.692363739013672,,,F9_Levy,30,APSO
True,23,65,2392.1990265685854,function_evaluations,300000,,300000,5881,300000,0,max_function_evaluations,0.0002430440008538426,39.15620655099974,1.4162282943725586,2.65848445892334,,,F9_Levy,30,APSO
True,24,66,1862.1382402839317,function_evaluations,300000,,300000,5881,300000,0,max_function_evaluations,0.00023716900068393443,36.241276191,1.489217758178711,2.733182907104492,,,F9_Levy,30,APSO
True,0,42,4512.1556458383175,function_evaluations,300000,,300000,5999,300000,0,max_function_evaluations,0.00033519800035719527,75.31486163799946,1.5173797607421875,1.6668338775634766,,,F9_Levy,30,UAPSO
True,1,43,4489.429829049242,function_evaluations,300000,,300000,5999,300000,0,max_function_evaluations,0.0002803839997795876,76.0280797129999,1.1871671676635742,1.2830629348754883,,,F9_Levy,30,UAPSO
True,2,44,5574.298948784052,function_evaluations,300000,,300000,5999,300000,0,max_function_evaluations,0.0003469339999355725,76.15411087099983,1.5361690521240234,1.6856231689453125,,,F9_Levy,30,UAPSO
True,3,45,3132.274727094775,function_evaluations,300000,,300000,5999,300000,0,max_function_evaluations,0.00022369799989974126,74.71777534299963,1.5033903121948242,1.6427736282348633,,,F9_Levy,30,UAPSO
True,4,46,3925.4416885143546,function_evaluations,300000,,300000,5999,300000,0,max_function_evaluations,0.00038191600015125005,80.16809728899989,1.4140491485595703,1.5365867614746094,,,F9_Levy,30,UAPSO
True,5,47,4601.712439641614,function_evaluations,300000,,300000,5999,300000,0,max_function_evaluations,0.00037083099960000254,79.1810774759997,1.3272371292114258,1.4308538436889648,,,F9_Levy,30,UAPSO
True,6,48,4664.319949368609,function_evaluations,300000,,300000,5999,300000,0,max_function_evaluations,0.00030249599967646645,79.99137773400071,1.2345027923583984,1.3311614990234375,,,F9_Levy,30,UAPSO
True,7,49,3034.35153369378,function_evaluations,300000,,300000,5999,300000,0,max_function_evaluations,0.0003187359998264583,77.68167000799986,1.2114219665527344,1.3070125579833984,,,F9_Levy,30,UAPSO
True,8,50,3815.0844974776846,function_evaluations,300000,,300000,5999,300000,0,max_function_evaluations,0.00033134800014522625,47.273898571000245,1.4412097930908203,1.5716819763183594,,,F9_Levy,30,UAPSO
True,9,51,3248.01776718136,function_evaluations,300000,,300000,5999,300000,0,max_function_evaluations,0.0003750750001927372,81.74468203299966,1.223048210144043,1.318943977355957,,,F9_Levy,30,UAPSO
True,10,52,4680.952022698008,function_evaluations,300000,,300000,5999,300000,0,max_function_evaluations,0.000294409000161977,72.62774808999984,1.3492765426635742,1.4584474563598633,,,F9_Levy,30,UAPSO
True,11,53,3894.4293945389527,function_evaluations,300000,,300000,5999,300000,0,max_function_evaluations,0.00028884200037282426,52.429334726999514,1.3238592147827148,1.427475929260254,,,F9_Levy,30,UAPSO
True,12,54,3125.9070308581377,function_evaluations,300000,,300000,5999,300000,0,max_function_evaluations,0.0004222050001772004,60.832543133999934,1.2680730819702148,1.365586280822754,,,F9_Levy,30,UAPSO
True,13,55,4563.642615072508,function_evaluations,300000,,300000,5999,300000,0,max_function_evaluations,0.0003770930006794515,74.76354886199988,1.271346092224121,1.3679437637329102,,,F9_Levy,30,UAPSO
True,14,56,3903.111995111938,function_evaluations,300000,,300000,5999,300000,0,max_function_evaluations,0.0003768110000237357,75.71627921599975,1.3272209167480469,1.430837631225586,,,F9_Levy,30,UAPSO
True,15,57,3833.3391559540596,function_evaluations,300000,,300000,5999,300000,0,max_function_evaluations,0.00035467699945002096,77.17071545599993,1.1901588439941406,1.2854137420654297,,,F9_Levy,30,UAPSO
True,16,58,3652.8337605593297,function_evaluations,300000,,300000,5999,300000,0,max_function_evaluations,0.00037095700008649146,75.16703489500014,1.2635650634765625,1.3618412017822266,,,F9_Levy,30,UAPSO
True,17,59,3777.420114296545,function_evaluations,300000,,300000,5999,300000,0,max_function_evaluations,0.00036122900019108783,76.29646697299995,1.2697315216064453,1.3667869567871094,,,F9_Levy,30,UAPSO
True,18,60,3928.310086479487,function_evaluations,300000,,300000,5999,300000,0,max_function_evaluations,0.00036802700014959555,74.64343743000063,1.3002872467041016,1.3989601135253906,,,F9_Levy,30,UAPSO
True,19,61,3677.487383666994,function_evaluations,300000,,300000,5999,300000,0,max_function_evaluations,0.00042500800009293016,78.36647930399977,1.2093877792358398,1.3054847717285156,,,F9_Levy,30,UAPSO
True,20,62,4038.5682321712884,function_evaluations,300000,,300000,5999,300000,0,max_function_evaluations,0.0003763819995583617,61.51427247599986,1.3720855712890625,1.4875431060791016,,,F9_Levy,30,UAPSO
True,21,63,2425.3066700142826,function_evaluations,300000,,300000,5999,300000,0,max_function_evaluations,0.0004098760000488255,76.39599913599977,1.231593132019043,1.329014778137207,,,F9_Levy,30,UAPSO
True,22,64,4238.751575095977,function_evaluations,300000,,300000,5999,300000,0,max_function_evaluations,0.00042780999956448795,60.34482201799983,1.2100400924682617,1.3059358596801758,,,F9_Levy,30,UAPSO
True,23,65,4283.102654364531,function_evaluations,300000,,300000,5999,300000,0,max_function_evaluations,0.0002763960001175292,42.77595417500015,1.3060979843139648,1.409714698791504,,,F9_Levy,30,UAPSO
True,24,66,3254.0477415994883,function_evaluations,300000,,300000,5999,300000,0,max_function_evaluations,0.0003901939999195747,37.932096266999906,1.3806772232055664,1.4961347579956055,,,F9_Levy,30,UAPSO
True,0,42,156085.98116510385,function_evaluations,300000,,300000,5999,300000,0,max_function_evaluations,0.00016959200002020225,33.78611556999931,0.72174072265625,0.8160037994384766,,,F10_Schwefel,30,PSO
True,1,43,161138.1967700332,function_evaluations,300000,,300000,5999,300000,0,max_function_evaluations,0.0001636359993426595,36.19401697400008,0.7391128540039062,0.8337421417236328,,,F10_Schwefel,30,PSO
True,2,44,321968.5601697097,function_evaluations,300000,,300000,5999,300000,0,max_function_evaluations,0.00018735899993771454,35.826201068000046,0.734344482421875,0.8286991119384766,,,F10_Schwefel,30,PSO
True,3,45,155151.4529898612,function_evaluations,300000,,300000,5999,300000,0,max_function_evaluations,0.00018440900021232665,33.71026365600028,0.72467041015625,0.8191165924072266,,,F10_Schwefel,30,PSO
True,4,46,226872.78510003543,function_evaluations,300000,,300000,5999,300000,0,max_function_evaluations,0.0002458949993524584,42.65335224199953,0.7266616821289062,0.8214740753173828,,,F10_Schwefel,30,PSO
True,5,47,138097.52183217008,function_evaluations,300000,,300000,5999,300000,0,max_function_evaluations,0.000198199999431381,36.949721676999616,0.7400741577148438,0.8344898223876953,,,F10_Schwefel,30,PSO
True,6,48,134245.20984980508,function_evaluations,300000,,300000,5999,300000,0,max_function_evaluations,0.00022007099960319465,43.13069709000047,0.7216720581054688,0.8159351348876953,,,F10_Schwefel,30,PSO
True,7,49,150695.68350560777,function_evaluations,300000,,300000,5999,300000,0,max_function_evaluations,0.00022144200011098292,37.09503744199992,0.7308731079101562,0.8258380889892578,,,F10_Schwefel,30,PSO
True,8,50,280185.13397141395,function_evaluations,300000,,300000,5999,300000,0,max_function_evaluations,0.00018458799968357198,34.039146488999904,0.7148895263671875,0.8090305328369141,,,F10_Schwefel,30,PSO
True,9,51,214978.64138597838,function_evaluations,300000,,300000,5999,300000,0,max_function_evaluations,0.0002132299996446818,39.10674058400036,0.7146072387695312,0.8087787628173828,,,F10_Schwefel,30,PSO
True,10,52,320188.1968500401,function_evaluations,300000,,300000,5999,300000,0,max_function_evaluations,0.00021204699987720232,26.559678566999537,0.7293777465820312,0.8237323760986328,,,F10_Schwefel,30,PSO
True,11,53,106350.2357030671,function_evaluations,300000,,300000,5999,300000,0,max_function_evaluations,0.00024199099971156102,36.860019230000034,0.7381439208984375,0.8329563140869141,,,F10_Schwefel,30,PSO
True,12,54,184021.31841857405,function_evaluations,300000,,300000,5999,300000,0,max_function_evaluations,0.00019424999936745735,24.96820630000002,0.728363037109375,0.8229007720947266,,,F10_Schwefel,30,PSO
True,13,55,218063.07114579622,function_evaluations,300000,,300000,5999,300000,0,max_function_evaluations,0.0002237130001958576,33.93060354000045,0.7099838256835938,0.8041553497314453,,,F10_Schwefel,30,PSO
True,14,56,181698.13136582467,function_evaluations,300000,,300000,5999,300000,0,max_function_evaluations,0.00021825100066052983,36.24940132000029,0.724273681640625,0.8187808990478516,,,F10_Schwefel,30,PSO
True,15,57,230150.3570066996,function_evaluations,300000,,300000,5999,300000,0,max_function_evaluations,0.00022957399960432667,38.17885096599912,0.7432403564453125,0.8382358551025391,,,F10_Schwefel,30,PSO
True,16,58,138630.77467511978,function_evaluations,300000,,300000,5999,300000,0,max_function_evaluations,0.00021364799977163784,33.35492114100089,0.7579803466796875,0.8530673980712891,,,F10_Schwefel,30,PSO
True,17,59,228212.00483911327,function_evaluations,300000,,300000,5999,300000,0,max_function_evaluations,0.00024283499988086987,34.28119985699959,0.7258758544921875,0.8207492828369141,,,F10_Schwefel,30,PSO
True,18,60,103674.54573366638,function_evaluations,300000,,300000,5999,300000,0,max_function_evaluations,0.00022206500034371857,37.33395269099947,0.7286376953125,0.8231449127197266,,,F10_Schwefel,30,PSO
True,19,61,205029.94502091146,function_evaluations,300000,,300000,5999,300000,0,max_function_evaluations,0.00024761999975453364,43.233645168000294,0.730224609375,0.8244266510009766,,,F10_Schwefel,30,PSO
True,20,62,255775.18185663555,function_evaluations,300000,,300000,5999,300000,0,max_function_evaluations,0.00024169699918275,35.35066915900006,0.725006103515625,0.8194217681884766,,,F10_Schwefel,30,PSO
True,21,63,141251.4197334227,function_evaluations,300000,,300000,5999,300000,0,max_function_evaluations,0.0002574359996287967,38.637397891000546,0.7328033447265625,0.8274631500244141,,,F10_Schwefel,30,PSO
True,22,64,135109.46892393264,function_evaluations,300000,,300000,5999,300000,0,max_function_evaluations,0.00021618500068143476,23.7864032589996,0.726531982421875,0.8206424713134766,,,F10_Schwefel,30,PSO
True,23,65,194550.93510237787,function_evaluations,300000,,300000,5999,300000,0,max_function_evaluations,0.00021810899943375262,21.34295064900016,0.7300796508789062,0.8242130279541016,,,F10_Schwefel,30,PSO
True,24,66,104256.7707394016,function_evaluations,300000,,300000,5999,300000,0,max_function_evaluations,0.0001855529999374994,17.900699921000523,0.7418441772460938,0.8370227813720703,,,F10_Schwefel,30,PSO
True,0,42,193218.1522396513,function_evaluations,300000,,300000,5999,300000,0,max_function_evaluations,0.00022187399918038864,37.42485144300008,1.0268936157226562,1.1220569610595703,,,F10_Schwefel,30,PSOLVIW
True,1,43,232435.91321078,function_evaluations,300000,,300000,5999,300000,0,max_function_evaluations,0.0001412720002917922,32.190736131999984,0.99212646484375,1.086160659790039,,,F10_Schwefel,30,PSOLVIW
True,2,44,183540.62549795897,function_evaluations,300000,,300000,5999,300000,0,max_function_evaluations,0.00018868999995902414,36.74041298700013,1.0453643798828125,1.1434574127197266,,,F10_Schwefel,30,PSOLVIW
True,3,45,92383.55849804333,function_evaluations,300000,,300000,5999,300000,0,max_function_evaluations,0.000221295999836002,41.54471940100029,1.0135726928710938,1.1110858917236328,,,F10_Schwefel,30,PSOLVIW
True,4,46,31582.386249739637,function_evaluations,300000,,300000,5999,300000,0,max_function_evaluations,0.0002463509999870439,40.43835326700082,0.99884033203125,1.0951557159423828,,,F10_Schwefel,30,PSOLVIW
True,5,47,44911.56750478198,function_evaluations,300000,,300000,5999,300000,0,max_function_evaluations,0.00022087199977249838,41.1761106139993,1.0541610717773438,1.1522541046142578,,,F10_Schwefel,30,PSOLVIW
True,6,48,77783.96846557186,function_evaluations,300000,,300000,5999,300000,0,max_function_evaluations,0.00022786099998484133,37.54496328799996,1.0196609497070312,1.1156177520751953,,,F10_Schwefel,30,PSOLVIW
True,7,49,60108.86036964353,function_evaluations,300000,,300000,5999,300000,0,max_function_evaluations,0.0001926869999806513,22.872755520000283,0.9669570922851562,1.0616626739501953,,,F10_Schwefel,30,PSOLVIW
True,8,50,209061.2430234445,function_evaluations,300000,,300000,5999,300000,0,max_function_evaluations,0.00018648000059329206,41.16871643000013,1.083892822265625,1.192483901977539,,,F10_Schwefel,30,PSOLVIW
True,9,51,127869.13010826835,function_evaluations,300000,,300000,5999,300000,0,max_function_evaluations,0.0001750170004015672,39.01310768199983,1.0156097412109375,1.1129322052001953,,,F10_Schwefel,30,PSOLVIW
True,10,52,206474.2796624455,function_evaluations,300000,,300000,5999,300000,0,max_function_evaluations,0.0002052549998552422,36.65073238900004,1.0694046020507812,1.1724414825439453,,,F10_Schwefel,30,PSOLVIW
True,11,53,61563.208156204986,function_evaluations,300000,,300000,5999,300000,0,max_function_evaluations,0.00022656699911749456,35.28445011900021,1.04071044921875,1.138803482055664,,,F10_Schwefel,30,PSOLVIW
True,12,54,172225.37561103492,function_evaluations,300000,,300000,5999,300000,0,max_function_evaluations,0.0002168380005969084,25.30393495000044,1.019256591796875,1.115518569946289,,,F10_Schwefel,30,PSOLVIW
True,13,55,25234.4402327686,function_evaluations,300000,,300000,5999,300000,0,max_function_evaluations,0.00021368499983509537,36.926642882000124,1.042938232421875,1.141031265258789,,,F10_Schwefel,30,PSOLVIW
True,14,56,105829.0654320545,function_evaluations,300000,,300000,5999,300000,0,max_function_evaluations,0.00026919199990516063,43.52932336899994,0.9824981689453125,1.0780582427978516,,,F10_Schwefel,30,PSOLVIW
True,15,57,127890.8622025839,function_evaluations,300000,,300000,5999,300000,0,max_function_evaluations,0.00024505700002919184,41.648342966999735,0.9981536865234375,1.0942020416259766,,,F10_Schwefel,30,PSOLVIW
True,16,58,64314.93582235933,function_evaluations,300000,,300000,5999,300000,0,max_function_evaluations,0.00022108000030129915,37.68518224099989,1.1114044189453125,1.2262821197509766,,,F10_Schwefel,30,PSOLVIW
True,17,59,229794.65267661208,function_evaluations,300000,,300000,5999,300000,0,max_function_evaluations,0.00021606799964501988,35.66169484800048,1.0198822021484375,1.1161746978759766,,,F10_Schwefel,30,PSOLVIW
True,18,60,40279.419827264894,function_evaluations,300000,,300000,5999,300000,0,max_function_evaluations,0.0002207770003224141,36.017063586000404,1.0048370361328125,1.0998249053955078,,,F10_Schwefel,30,PSOLVIW
True,19,61,60015.612162222686,function_evaluations,300000,,300000,5999,300000,0,max_function_evaluations,0.00024363899956370005,40.90469788199971,1.081512451171875,1.190103530883789,,,F10_Schwefel,30,PSOLVIW
True,20,62,111112.12325006534,function_evaluations,300000,,300000,5999,300000,0,max_function_evaluations,0.00022751100004825275,35.278103773999646,1.0260772705078125,1.1217288970947266,,,F10_Schwefel,30,PSOLVIW
True,21,63,20607.46832561855,function_evaluations,300000,,300000,5999,300000,0,max_function_evaluations,0.0002278869997098809,37.15548160900016,1.018890380859375,1.115610122680664,,,F10_Schwefel,30,PSOLVIW
True,22,64,92934.69026135262,function_evaluations,300000,,300000,5999,300000,0,max_function_evaluations,0.00021555700004682876,25.587890257000254,1.0664138793945312,1.1694507598876953,,,F10_Schwefel,30,PSOLVIW
True,23,65,169115.8125424046,function_evaluations,300000,,300000,5999,300000,0,max_function_evaluations,0.00023639499977434753,24.696779122000407,1.0714645385742188,1.1745014190673828,,,F10_Schwefel,30,PSOLVIW
True,24,66,59596.37060936787,function_evaluations,300000,,300000,5999,300000,0,max_function_evaluations,0.00022305399943434168,17.510443268999552,1.1033782958984375,1.2119693756103516,,,F10_Schwefel,30,PSOLVIW
True,0,42,5307.669852674954,function_evaluations,300000,,300000,5999,300000,0,max_function_evaluations,0.0001846209997893311,39.8811613350008,1.69891357421875,1.871774673461914,,,F10_Schwefel,30,PSOTVAC
True,1,43,29349.956809927866,function_evaluations,300000,,300000,5999,300000,0,max_function_evaluations,0.00012995900033274665,40.56640643100036,1.6940078735351562,1.8668689727783203,,,F10_Schwefel,30,PSOTVAC
True,2,44,4323.199408404931,function_evaluations,300000,,300000,5999,300000,0,max_function_evaluations,0.00013530399974115426,35.601862574000734,1.6308517456054688,1.7910175323486328,,,F10_Schwefel,30,PSOTVAC
True,3,45,2970.3860513754776,function_evaluations,300000,,300000,5999,300000,0,max_function_evaluations,0.00022390899994206848,44.17366606199994,1.80987548828125,2.013132095336914,,,F10_Schwefel,30,PSOTVAC
True,4,46,5426.0369282075835,function_evaluations,300000,,300000,5999,300000,0,max_function_evaluations,0.00020785000015166588,44.04408622200026,1.7094039916992188,1.8965473175048828,,,F10_Schwefel,30,PSOTVAC
True,5,47,397.1537949340882,function_evaluations,300000,,300000,5999,300000,0,max_function_evaluations,0.00016752699957578443,37.04651613700025,1.9473953247070312,2.1891651153564453,,,F10_Schwefel,30,PSOTVAC
True,6,48,32993.901331492656,function_evaluations,300000,,300000,5999,300000,0,max_function_evaluations,0.00018649400044523645,36.33869634700022,1.9188385009765625,2.1402225494384766,,,F10_Schwefel,30,PSOTVAC
True,7,49,12107.019166549884,function_evaluations,300000,,300000,5999,300000,0,max_function_evaluations,0.00021752200063929195,41.33286200799921,2.02508544921875,2.289804458618164,,,F10_Schwefel,30,PSOTVAC
True,8,50,9633.998163176186,function_evaluations,300000,,300000,5999,300000,0,max_function_evaluations,0.00018383399947197177,36.00287197699981,1.9364852905273438,2.178255081176758,,,F10_Schwefel,30,PSOTVAC
True,9,51,48058.19951698825,function_evaluations,300000,,300000,5999,300000,0,max_function_evaluations,0.00018436000027577393,26.3872394,2.0226211547851562,2.2643909454345703,,,F10_Schwefel,30,PSOTVAC
True,10,52,1079.5894339334118,function_evaluations,300000,,300000,5999,300000,0,max_function_evaluations,0.0002157400003852672,26.67039613900033,2.0286026000976562,2.2703723907470703,,,F10_Schwefel,30,PSOTVAC
True,11,53,619.5747942201629,function_evaluations,300000,,300000,5999,300000,0,max_function_evaluations,0.00017857599959825166,33.73182168999938,1.9723892211914062,2.2141590118408203,,,F10_Schwefel,30,PSOTVAC
True,12,54,56241.06215043921,function_evaluations,300000,,300000,5999,300000,0,max_function_evaluations,0.0002273440004501026,29.958761814000354,1.640472412109375,1.800638198852539,,,F10_Schwefel,30,PSOTVAC
True,13,55,36437.75777278203,function_evaluations,300000,,300000,5999,300000,0,max_function_evaluations,0.00023732299996481743,36.03630837899982,1.618133544921875,1.778299331665039,,,F10_Schwefel,30,PSOTVAC
True,14,56,42372.623902803105,function_evaluations,300000,,300000,5999,300000,0,max_function_evaluations,0.00023992499973246595,36.90402503599944,2.0349044799804688,2.299623489379883,,,F10_Schwefel,30,PSOTVAC
True,15,57,31184.842139453995,function_evaluations,300000,,300000,5999,300000,0,max_function_evaluations,0.00022907699985807994,36.37623051300034,1.9553756713867188,2.197145462036133,,,F10_Schwefel,30,PSOTVAC
True,16,58,10134.429641457571,function_evaluations,300000,,300000,5999,300000,0,max_function_evaluations,0.000225718999899982,35.437160651999875,2.0210494995117188,2.262819290161133,,,F10_Schwefel,30,PSOTVAC
True,17,59,66708.28098625827,function_evaluations,300000,,300000,5999,300000,0,max_function_evaluations,0.00023393199990096036,28.344359524000538,2.018951416015625,2.260721206665039,,,F10_Schwefel,30,PSOTVAC
True,18,60,80691.77171211335,function_evaluations,300000,,300000,5999,300000,0,max_function_evaluations,0.0002479149998180219,42.867876043999786,1.9127120971679688,2.134096145629883,,,F10_Schwefel,30,PSOTVAC
True,19,61,22909.15171119314,function_evaluations,300000,,300000,5999,300000,0,max_function_evaluations,0.0002410159995633876,39.45090613299999,1.9347991943359375,2.1765689849853516,,,F10_Schwefel,30,PSOTVAC
True,20,62,26777.281321275557,function_evaluations,300000,,300000,5999,300000,0,max_function_evaluations,0.00025635700058046496,39.23832032500013,1.9207839965820312,2.1421680450439453,,,F10_Schwefel,30,PSOTVAC
True,21,63,2182.702593671471,function_evaluations,300000,,300000,5999,300000,0,max_function_evaluations,0.00027083399982075207,35.43821709700023,1.854461669921875,2.075845718383789,,,F10_Schwefel,30,PSOTVAC
True,22,64,635.9658744386998,function_evaluations,300000,,300000,5999,300000,0,max_function_evaluations,0.00022996100051386748,26.393145273999835,2.0132369995117188,2.255006790161133,,,F10_Schwefel,30,PSOTVAC
True,23,65,4900.582023270311,function_evaluations,300000,,300000,5999,300000,0,max_function_evaluations,0.00023290999979508342,22.860518430999946,1.7712936401367188,1.9745502471923828,,,F10_Schwefel,30,PSOTVAC
True,24,66,17855.729352287333,function_evaluations,300000,,300000,5999,300000,0,max_function_evaluations,0.00023030699958326295,19.10533235799994,2.0185012817382812,2.2602710723876953,,,F10_Schwefel,30,PSOTVAC
True,0,42,87241.34921079325,function_evaluations,300000,,300000,5999,300000,0,max_function_evaluations,0.00015292900025087874,36.872640810999656,0.963165283203125,1.0597476959228516,,,F10_Schwefel,30,APSOVI
True,1,43,5206.792253866419,function_evaluations,300000,,300000,5999,300000,0,max_function_evaluations,0.00022050000006856862,37.32055780000064,1.05963134765625,1.1682453155517578,,,F10_Schwefel,30,APSOVI
True,2,44,54492.714505571246,function_evaluations,300000,,300000,5999,300000,0,max_function_evaluations,0.0001315099998464575,22.45978090999961,1.0208053588867188,1.1189212799072266,,,F10_Schwefel,30,APSOVI
True,3,45,48676.50664226172,function_evaluations,300000,,300000,5999,300000,0,max_function_evaluations,0.0001989720003621187,36.919003583999256,1.0156097412109375,1.1137256622314453,,,F10_Schwefel,30,APSOVI
True,4,46,213974.29546309757,function_evaluations,300000,,300000,5999,300000,0,max_function_evaluations,0.0002274409998790361,44.88001012800032,0.9737701416015625,1.070474624633789,,,F10_Schwefel,30,APSOVI
True,5,47,161612.9718500837,function_evaluations,300000,,300000,5999,300000,0,max_function_evaluations,0.00021995099996274803,42.46479989300042,1.0224380493164062,1.120553970336914,,,F10_Schwefel,30,APSOVI
True,6,48,69663.5555874313,function_evaluations,300000,,300000,5999,300000,0,max_function_evaluations,0.00019309900017105974,44.249410511999486,0.9887161254882812,1.0836811065673828,,,F10_Schwefel,30,APSOVI
True,7,49,101213.8655776318,function_evaluations,300000,,300000,5999,300000,0,max_function_evaluations,0.00019164600053045433,36.25294349199976,1.0005950927734375,1.0959644317626953,,,F10_Schwefel,30,APSOVI
True,8,50,94761.23064603182,function_evaluations,300000,,300000,5999,300000,0,max_function_evaluations,0.00019677500040415907,39.95090251399961,1.0625686645507812,1.171182632446289,,,F10_Schwefel,30,APSOVI
True,9,51,81669.25217729632,function_evaluations,300000,,300000,5999,300000,0,max_function_evaluations,0.00024432800000795396,40.10732857699986,0.9802093505859375,1.076822280883789,,,F10_Schwefel,30,APSOVI
True,10,52,86472.45314709666,function_evaluations,300000,,300000,5999,300000,0,max_function_evaluations,0.00020644699998229044,34.94309634900037,1.0971755981445312,1.212076187133789,,,F10_Schwefel,30,APSOVI
True,11,53,41875.44538268788,function_evaluations,300000,,300000,5999,300000,0,max_function_evaluations,0.0002500320006220136,28.471771957999408,0.9559707641601562,1.0503482818603516,,,F10_Schwefel,30,APSOVI
True,12,54,9576.356599606035,function_evaluations,300000,,300000,5999,300000,0,max_function_evaluations,0.00022863400045025628,37.649709927,1.0329742431640625,1.1360340118408203,,,F10_Schwefel,30,APSOVI
True,13,55,24111.617760947116,function_evaluations,300000,,300000,5999,300000,0,max_function_evaluations,0.00022196800000529038,37.780492398000206,0.9871749877929688,1.0828571319580078,,,F10_Schwefel,30,APSOVI
True,14,56,289865.64601300296,function_evaluations,300000,,300000,5999,300000,0,max_function_evaluations,0.00023004700051387772,41.694365481000204,0.9984893798828125,1.0949649810791016,,,F10_Schwefel,30,APSOVI
True,15,57,59040.9217203539,function_evaluations,300000,,300000,5999,300000,0,max_function_evaluations,0.00026390600032755174,32.97161010599939,1.0328216552734375,1.1309375762939453,,,F10_Schwefel,30,APSOVI
True,16,58,232712.106544974,function_evaluations,300000,,300000,5999,300000,0,max_function_evaluations,0.00015648099997633835,27.072074273,1.0712203979492188,1.1798343658447266,,,F10_Schwefel,30,APSOVI
True,17,59,276048.6018354308,function_evaluations,300000,,300000,5999,300000,0,max_function_evaluations,0.00025885499962896574,38.143118298000445,0.9704208374023438,1.0645923614501953,,,F10_Schwefel,30,APSOVI
True,18,60,64880.18856167245,function_evaluations,300000,,300000,5999,300000,0,max_function_evaluations,0.0002255970002806862,37.22593107500052,1.0448074340820312,1.147867202758789,,,F10_Schwefel,30,APSOVI
True,19,61,180734.6799570156,function_evaluations,300000,,300000,5999,300000,0,max_function_evaluations,0.0002312990000064019,38.88078929600033,0.9430084228515625,1.037881851196289,,,F10_Schwefel,30,APSOVI
True,20,62,122927.05736062958,function_evaluations,300000,,300000,5999,300000,0,max_function_evaluations,0.0002655710004546563,38.8554103460001,1.061126708984375,1.1641864776611328,,,F10_Schwefel,30,APSOVI
True,21,63,44700.316640622696,function_evaluations,300000,,300000,5999,300000,0,max_function_evaluations,0.0002484739998180885,35.44734371499999,0.9865036010742188,1.0817432403564453,,,F10_Schwefel,30,APSOVI
True,22,64,43278.527512473614,function_evaluations,300000,,300000,5999,300000,0,max_function_evaluations,0.00022880200049257837,33.95388457200079,1.0106658935546875,1.1087818145751953,,,F10_Schwefel,30,APSOVI
True,23,65,44880.451204233075,function_evaluations,300000,,300000,5999,300000,0,max_function_evaluations,0.00023007200070424005,22.351990146999924,1.050201416015625,1.1532611846923828,,,F10_Schwefel,30,APSOVI
True,24,66,76768.69654514868,function_evaluations,300000,,300000,5999,300000,0,max_function_evaluations,0.00021635499979311135,18.276852827000766,0.9553451538085938,1.0501270294189453,,,F10_Schwefel,30,APSOVI
True,0,42,364.9420543789879,function_evaluations,300000,,300000,5881,300000,0,max_function_evaluations,0.00025201100015692646,44.45887415600009,1.6732826232910156,2.9154930114746094,,,F10_Schwefel,30,APSO
True,1,43,1242.2472029830055,function_evaluations,300000,,300000,5881,300000,0,max_function_evaluations,0.0002510880003683269,43.71890498599987,1.796757698059082,3.04390811920166,,,F10_Schwefel,30,APSO
True,2,44,2649.997311961079,function_evaluations,300000,,300000,5881,300000,0,max_function_evaluations,0.0001612759997442481,42.871075830000336,1.6567401885986328,2.902017593383789,,,F10_Schwefel,30,APSO
True,3,45,13653.02312259173,function_evaluations,300000,,300000,5881,300000,0,max_function_evaluations,0.00024243099960585823,38.57354838399988,1.6850214004516602,2.933548927307129,,,F10_Schwefel,30,APSO
True,4,46,3268.399781756524,function_evaluations,300000,,300000,5881,300000,0,max_function_evaluations,0.00014722699961566832,43.11584433900043,1.6283998489379883,2.871068000793457,,,F10_Schwefel,30,APSO
True,5,47,357.4504121912928,function_evaluations,300000,,300000,5881,300000,0,max_function_evaluations,0.00019141299981129123,43.98581294300038,1.712972640991211,2.956228256225586,,,F10_Schwefel,30,APSO
True,6,48,21010.696800004727,function_evaluations,300000,,300000,5881,300000,0,max_function_evaluations,0.00020829499953833874,42.397892112999216,1.8020038604736328,3.047761917114258,,,F10_Schwefel,30,APSO
True,7,49,2586.4496111214094,function_evaluations,300000,,300000,5881,300000,0,max_function_evaluations,0.00024604999998700805,48.80747519200031,1.7135391235351562,2.9559783935546875,,,F10_Schwefel,30,APSO
True,8,50,643.5644968051242,function_evaluations,300000,,300000,5881,300000,0,max_function_evaluations,0.00022272900059761014,42.512055131000125,1.7386884689331055,2.986697196960449,,,F10_Schwefel,30,APSO
True,9,51,3150.3926453335353,function_evaluations,300000,,300000,5881,300000,0,max_function_evaluations,0.00021735799964517355,37.427542159999575,1.6493501663208008,2.895878791809082,,,F10_Schwefel,30,APSO
True,10,52,797.0552381081422,function_evaluations,300000,,300000,5881,300000,0,max_function_evaluations,0.00019349400008650264,42.912716867999734,1.7014150619506836,2.947394371032715,,,F10_Schwefel,30,APSO
True,11,53,1162.396295895147,function_evaluations,300000,,300000,5881,300000,0,max_function_evaluations,0.00025019100030476693,40.67710671700024,1.723689079284668,2.9648923873901367,,,F10_Schwefel,30,APSO
True,12,54,7584.190470387883,function_evaluations,300000,,300000,5881,300000,0,max_function_evaluations,0.00023865200000727782,45.17668484300066,1.9266633987426758,3.1688051223754883,,,F10_Schwefel,30,APSO
True,13,55,2045.0158212640854,function_evaluations,300000,,300000,5882,300000,0,max_function_evaluations,0.0002452870003253338,42.87442552800076,1.643815040588379,2.891655921936035,,,F10_Schwefel,30,APSO
True,14,56,323.7898002573186,function_evaluations,300000,,300000,5881,300000,0,max_function_evaluations,0.00023282199981622398,42.927441605999775,1.6664714813232422,2.9097537994384766,,,F10_Schwefel,30,APSO
True,15,57,1119.896135233163,function_evaluations,300000,,300000,5881,300000,0,max_function_evaluations,0.0002704150001591188,38.852999408999494,1.6472387313842773,2.8944082260131836,,,F10_Schwefel,30,APSO
True,16,58,1371.583782268839,function_evaluations,300000,,300000,5881,300000,0,max_function_evaluations,0.000263552999967942,41.586525484999584,1.9954986572265625,3.2439308166503906,,,F10_Schwefel,30,APSO
True,17,59,19480.46054357166,function_evaluations,300000,,300000,5882,300000,0,max_function_evaluations,0.0002464099998178426,42.39172113299992,1.6516542434692383,2.8975114822387695,,,F10_Schwefel,30,APSO
True,18,60,2003.9010467477187,function_evaluations,300000,,300000,5881,300000,0,max_function_evaluations,0.0002557160005380865,43.9756691449993,1.6324892044067383,2.874138832092285,,,F10_Schwefel,30,APSO
True,19,61,731.2975604186527,function_evaluations,300000,,300000,5881,300000,0,max_function_evaluations,0.00028931999986525625,42.4719590880004,1.742171287536621,2.989081382751465,,,F10_Schwefel,30,APSO
True,20,62,18394.52886177218,function_evaluations,300000,,300000,5882,300000,0,max_function_evaluations,0.00023868499920354225,42.90323009799977,1.6357669830322266,2.8771228790283203,,,F10_Schwefel,30,APSO
True,21,63,2353.805059778847,function_evaluations,300000,,300000,5881,300000,0,max_function_evaluations,0.00025974299933295697,37.09300185400025,1.6165199279785156,2.8612709045410156,,,F10_Schwefel,30,APSO
True,22,64,174.097040944147,function_evaluations,300000,,300000,5881,300000,0,max_function_evaluations,0.0002524050005376921,23.024195046000386,1.7917709350585938,3.0394363403320312,,,F10_Schwefel,30,APSO
True,23,65,30556.59660036573,function_evaluations,300000,,300000,5881,300000,0,max_function_evaluations,0.0002561720002631773,21.616320894000637,1.6086492538452148,2.8550405502319336,,,F10_Schwefel,30,APSO
True,24,66,563.90697391806,function_evaluations,300000,,300000,5881,300000,0,max_function_evaluations,0.00025657199967099587,19.832734807000634,1.877121925354004,3.1190576553344727,,,F10_Schwefel,30,APSO
True,0,42,175612.87945781735,function_evaluations,300000,,300000,5999,300000,0,max_function_evaluations,0.0004036050004287972,39.76817155199933,1.256368637084961,1.35235595703125,,,F10_Schwefel,30,UAPSO
True,1,43,1592402.4575572854,function_evaluations,300000,,300000,5999,300000,0,max_function_evaluations,0.0003860080005324562,42.470692683999914,1.2567853927612305,1.3523759841918945,,,F10_Schwefel,30,UAPSO
True,2,44,83514.63466621126,function_evaluations,300000,,300000,5999,300000,0,max_function_evaluations,0.00037443000019266037,36.450101249,1.2362384796142578,1.3324394226074219,,,F10_Schwefel,30,UAPSO
True,3,45,90174.25274511431,function_evaluations,300000,,300000,5999,300000,0,max_function_evaluations,0.0002783640002235188,38.10412953800005,1.2376031875610352,1.3336820602416992,,,F10_Schwefel,30,UAPSO
True,4,46,276147.04279021797,function_evaluations,300000,,300000,5999,300000,0,max_function_evaluations,0.00026196100043307524,26.78295923299993,1.4511022567749023,1.5815744400024414,,,F10_Schwefel,30,UAPSO
True,5,47,7073557.047678531,function_evaluations,300000,,300000,5999,300000,0,max_function_evaluations,0.0002730939995672088,40.8846965470002,1.286691665649414,1.3853645324707031,,,F10_Schwefel,30,UAPSO
True,6,48,79616.09451757802,function_evaluations,300000,,300000,5999,300000,0,max_function_evaluations,0.0003630070004874142,35.583038327000395,1.2497177124023438,1.3467121124267578,,,F10_Schwefel,30,UAPSO
True,7,49,80704.7677560788,function_evaluations,300000,,300000,5999,300000,0,max_function_evaluations,0.00034068799959641183,39.89582349600005,1.2016181945800781,1.2966899871826172,,,F10_Schwefel,30,UAPSO
True,8,50,204308.58538712934,function_evaluations,300000,,300000,5999,300000,0,max_function_evaluations,0.0003446489999987534,44.5927898330001,1.172928810119629,1.267909049987793,,,F10_Schwefel,30,UAPSO
True,9,51,1469098.4933550865,function_evaluations,300000,,300000,5999,300000,0,max_function_evaluations,0.00032877099965844536,45.2680843979997,1.440241813659668,1.570713996887207,,,F10_Schwefel,30,UAPSO
True,10,52,84550.4748577062,function_evaluations,300000,,300000,5999,300000,0,max_function_evaluations,0.00033207900014531333,41.04548238499956,1.2351837158203125,1.3316287994384766,,,F10_Schwefel,30,UAPSO
True,11,53,249201.94556601974,function_evaluations,300000,,300000,5999,300000,0,max_function_evaluations,0.000385284000003594,41.36520922599993,1.1982240676879883,1.2939672470092773,,,F10_Schwefel,30,UAPSO
True,12,54,36551.80712860818,function_evaluations,300000,,300000,5999,300000,0,max_function_evaluations,0.0003713220003191964,47.896926168999926,1.2709341049194336,1.3675317764282227,,,F10_Schwefel,30,UAPSO
True,13,55,75406.3783368652,function_evaluations,300000,,300000,5999,300000,0,max_function_evaluations,0.0003892250006174436,37.919401580999875,1.2837562561035156,1.3824291229248047,,,F10_Schwefel,30,UAPSO
True,14,56,110764.66152197044,function_evaluations,300000,,300000,5999,300000,0,max_function_evaluations,0.0003701289997479762,39.352373722000266,1.207228660583496,1.3035392761230469,,,F10_Schwefel,30,UAPSO
True,15,57,90234.39113520505,function_evaluations,300000,,300000,5999,300000,0,max_function_evaluations,0.00036234799972589826,37.859263573000135,1.2015562057495117,1.2965364456176758,,,F10_Schwefel,30,UAPSO
True,16,58,36846.446139424945,function_evaluations,300000,,300000,5999,300000,0,max_function_evaluations,0.00036239200017007533,35.01494550700045,1.2957172393798828,1.3943901062011719,,,F10_Schwefel,30,UAPSO
True,17,59,170064.9171385549,function_evaluations,300000,,300000,5999,300000,0,max_function_evaluations,0.00035964899961982155,22.568696360000104,1.3930940628051758,1.5156316757202148,,,F10_Schwefel,30,UAPSO
True,18,60,41494.34879519586,function_evaluations,300000,,300000,5999,300000,0,max_function_evaluations,0.00041294000038760714,43.768357994000326,1.2390546798706055,1.3347368240356445,,,F10_Schwefel,30,UAPSO
True,19,61,109911.50505107299,function_evaluations,300000,,300000,5999,300000,0,max_function_evaluations,0.0003888810006174026,40.339331960999516,1.1998071670532227,1.2952756881713867,,,F10_Schwefel,30,UAPSO
True,20,62,168374.6472403485,function_evaluations,300000,,300000,5999,300000,0,max_function_evaluations,0.00042178200055786874,37.98008300000038,1.200392723083496,1.2957086563110352,,,F10_Schwefel,30,UAPSO
True,21,63,156373.04311889678,function_evaluations,300000,,300000,5999,300000,0,max_function_evaluations,0.0003736589997060946,35.82434722299968,1.227900505065918,1.322819709777832,,,F10_Schwefel,30,UAPSO
True,22,64,159488.99845334623,function_evaluations,300000,,300000,5999,300000,0,max_function_evaluations,0.00043006899977626745,23.913597381999352,1.2393970489501953,1.3348350524902344,,,F10_Schwefel,30,UAPSO
True,23,65,88684.32058317648,function_evaluations,300000,,300000,5999,300000,0,max_function_evaluations,0.00043243599975539837,26.135121815000275,1.229466438293457,1.327162742614746,,,F10_Schwefel,30,UAPSO
True,24,66,71073.41755272701,function_evaluations,300000,,300000,5999,300000,0,max_function_evaluations,0.0003636740002548322,19.738580592999824,2.0917797088623047,2.3570785522460938,,,F10_Schwefel,30,UAPSO
True,0,42,14310500.92118641,function_evaluations,300000,,300000,5999,300000,0,max_function_evaluations,0.0001490360000389046,81.2305682490005,0.7247161865234375,0.8191318511962891,,,F11_Hybrid1,30,PSO
True,1,43,426175321.29471725,function_evaluations,300000,,300000,5999,300000,0,max_function_evaluations,0.00015358299970102962,75.91418862899991,0.7408370971679688,0.8350696563720703,,,F11_Hybrid1,30,PSO
True,2,44,14608808.157675391,function_evaluations,300000,,300000,5999,300000,0,max_function_evaluations,0.00021507099972950527,85.88103505800063,0.7326583862304688,0.8273181915283203,,,F11_Hybrid1,30,PSO
True,3,45,7951721.197628795,function_evaluations,300000,,300000,5999,300000,0,max_function_evaluations,0.00018008900042332243,86.28621127399947,0.7413406372070312,0.8354816436767578,,,F11_Hybrid1,30,PSO
True,4,46,14925565.923950061,function_evaluations,300000,,300000,5999,300000,0,max_function_evaluations,0.0002230769996458548,88.82447869899988,0.7401504516601562,0.8345661163330078,,,F11_Hybrid1,30,PSO
True,5,47,15592859.344496552,function_evaluations,300000,,300000,5999,300000,0,max_function_evaluations,0.00021552500038524158,95.90951348199997,0.7397613525390625,0.8341770172119141,,,F11_Hybrid1,30,PSO
True,6,48,426579049.523371,function_evaluations,300000,,300000,5999,300000,0,max_function_evaluations,0.00018650399942998774,90.1021659729995,0.7562408447265625,0.8516330718994141,,,F11_Hybrid1,30,PSO
True,7,49,15961647.60734662,function_evaluations,300000,,300000,5999,300000,0,max_function_evaluations,0.00022288899981504073,90.04696002800029,0.7377243041992188,0.8324756622314453,,,F11_Hybrid1,30,PSO
True,8,50,21972274.647562284,function_evaluations,300000,,300000,5999,300000,0,max_function_evaluations,0.00018351800008531427,67.13072575200022,0.7216720581054688,0.8159351348876953,,,F11_Hybrid1,30,PSO
True,9,51,10170913.024136065,function_evaluations,300000,,300000,5999,300000,0,max_function_evaluations,0.00017957099953491706,70.18356180299998,0.740966796875,0.8352603912353516,,,F11_Hybrid1,30,PSO
True,10,52,5225705.078942634,function_evaluations,300000,,300000,5999,300000,0,max_function_evaluations,0.00017600299997866387,86.20245098299984,0.7394332885742188,0.8339710235595703,,,F11_Hybrid1,30,PSO
True,11,53,135288667.19913808,function_evaluations,300000,,300000,5999,300000,0,max_function_evaluations,0.00021005000053264666,87.68965354299962,0.7436065673828125,0.8385105133056641,,,F11_Hybrid1,30,PSO
True,12,54,12239244.47286917,function_evaluations,300000,,300000,5999,300000,0,max_function_evaluations,0.00020629800019378308,83.79356880199975,0.7452011108398438,0.8398609161376953,,,F11_Hybrid1,30,PSO
True,13,55,14433667.813667705,function_evaluations,300000,,300000,5999,300000,0,max_function_evaluations,0.0002183010001317598,88.09232115600025,0.7311859130859375,0.8261508941650391,,,F11_Hybrid1,30,PSO
True,14,56,19024455.37408717,function_evaluations,300000,,300000,5999,300000,0,max_function_evaluations,0.0002553940003053867,92.35708975099988,0.7467498779296875,0.8411350250244141,,,F11_Hybrid1,30,PSO
True,15,57,67678488.25968064,function_evaluations,300000,,300000,5999,300000,0,max_function_evaluations,0.0002209089998359559,82.95507209599964,0.7390899658203125,0.8336887359619141,,,F11_Hybrid1,30,PSO
True,16,58,140779075.84988964,function_evaluations,300000,,300000,5999,300000,0,max_function_evaluations,0.00021500299953913782,75.67894904900004,0.730438232421875,0.8246707916259766,,,F11_Hybrid1,30,PSO
True,17,59,76993909.93576738,function_evaluations,300000,,300000,5999,300000,0,max_function_evaluations,0.00025439000000915257,83.93978111500019,0.7242431640625,0.8187198638916016,,,F11_Hybrid1,30,PSO
True,18,60,10087444.094118234,function_evaluations,300000,,300000,5999,300000,0,max_function_evaluations,0.0002317629996468895,81.67678027199963,0.7445297241210938,0.8392200469970703,,,F11_Hybrid1,30,PSO
True,19,61,8122954.915584108,function_evaluations,300000,,300000,5999,300000,0,max_function_evaluations,0.00015642400012438884,81.82067732299947,0.7310714721679688,0.8260059356689453,,,F11_Hybrid1,30,PSO
True,20,62,22308873.387589358,function_evaluations,300000,,300000,5999,300000,0,max_function_evaluations,0.0002389350001976709,78.81059456999992,0.757232666015625,0.8524417877197266,,,F11_Hybrid1,30,PSO
True,21,63,23992235.692776233,function_evaluations,300000,,300000,5999,300000,0,max_function_evaluations,0.00024579099954280537,69.0420021279997,0.7366790771484375,0.8316745758056641,,,F11_Hybrid1,30,PSO
True,22,64,20133887.368627205,function_evaluations,300000,,300000,5999,300000,0,max_function_evaluations,0.0002454879995639203,46.64327770199998,0.7282791137695312,0.8228168487548828,,,F11_Hybrid1,30,PSO
True,23,65,20121446.477566745,function_evaluations,300000,,300000,5999,300000,0,max_function_evaluations,0.00023614000019733794,46.96392545300023,0.7287445068359375,0.8232212066650391,,,F11_Hybrid1,30,PSO
True,24,66,10525839.7887536,function_evaluations,300000,,300000,5999,300000,0,max_function_evaluations,0.00014954000016587088,38.813749474999895,0.7397079467773438,0.8342151641845703,,,F11_Hybrid1,30,PSO
True,0,42,127889950.474367,function_evaluations,300000,,300000,5999,300000,0,max_function_evaluations,0.0001506810003775172,83.6986009960001,1.0017166137695312,1.097757339477539,,,F11_Hybrid1,30,PSOLVIW
True,1,43,3156938.205811509,function_evaluations,300000,,300000,5999,300000,0,max_function_evaluations,0.0002297549999639159,95.55652739200013,1.0002059936523438,1.0963993072509766,,,F11_Hybrid1,30,PSOLVIW
True,2,44,555722.3411090471,function_evaluations,300000,,300000,5999,300000,0,max_function_evaluations,0.0001339050004389719,84.53736954799933,1.00537109375,1.1004047393798828,,,F11_Hybrid1,30,PSOLVIW
True,3,45,10839479.664855922,function_evaluations,300000,,300000,5999,300000,0,max_function_evaluations,0.00021835899951838655,89.75428324600034,1.0192489624023438,1.1161136627197266,,,F11_Hybrid1,30,PSOLVIW
True,4,46,88422.4803978099,function_evaluations,300000,,300000,5999,300000,0,max_function_evaluations,0.0002282879995618714,94.25281247500061,0.9970626831054688,1.0935611724853516,,,F11_Hybrid1,30,PSOLVIW
True,5,47,1705871739.4643743,function_evaluations,300000,,300000,5999,300000,0,max_function_evaluations,0.0002121819998137653,65.46675925900036,0.8858718872070312,0.9808139801025391,,,F11_Hybrid1,30,PSOLVIW
True,6,48,409901485.8196544,function_evaluations,300000,,300000,5999,300000,0,max_function_evaluations,0.00018515299962018616,80.4270525539996,0.9904327392578125,1.0848560333251953,,,F11_Hybrid1,30,PSOLVIW
True,7,49,93047.88221682941,function_evaluations,300000,,300000,5999,300000,0,max_function_evaluations,0.0001831520003179321,80.83642739600054,1.030548095703125,1.1288318634033203,,,F11_Hybrid1,30,PSOLVIW
True,8,50,396708477.30060744,function_evaluations,300000,,300000,5999,300000,0,max_function_evaluations,0.00019046899979002774,90.09577428299963,0.9807662963867188,1.0766544342041016,,,F11_Hybrid1,30,PSOLVIW
True,9,51,561648.4737663433,function_evaluations,300000,,300000,5999,300000,0,max_function_evaluations,0.00018391199955658522,80.85274083900003,1.1209564208984375,1.2358341217041016,,,F11_Hybrid1,30,PSOLVIW
True,10,52,4248309.68945049,function_evaluations,300000,,300000,5999,300000,0,max_function_evaluations,0.00019059499936702196,76.93394877800074,1.0670852661132812,1.1701221466064453,,,F11_Hybrid1,30,PSOLVIW
True,11,53,127524737.62620382,function_evaluations,300000,,300000,5999,300000,0,max_function_evaluations,0.00021791899962408934,85.59321498899953,1.0169601440429688,1.113443374633789,,,F11_Hybrid1,30,PSOLVIW
True,12,54,10844554.932181353,function_evaluations,300000,,300000,5999,300000,0,max_function_evaluations,0.00022518300011142856,78.5872938170005,0.9929275512695312,1.0899906158447266,,,F11_Hybrid1,30,PSOLVIW
True,13,55,105766.02702012441,function_evaluations,300000,,300000,5999,300000,0,max_function_evaluations,0.0002274449998367345,88.24974169899997,1.035736083984375,1.133829116821289,,,F11_Hybrid1,30,PSOLVIW
True,14,56,433636.6930317792,function_evaluations,300000,,300000,5999,300000,0,max_function_evaluations,0.0002297450000696699,87.46801186599987,1.0191268920898438,1.115182876586914,,,F11_Hybrid1,30,PSOLVIW
True,15,57,82395.85068688469,function_evaluations,300000,,300000,5999,300000,0,max_function_evaluations,0.00023681099992245436,68.52512586400007,0.9988250732421875,1.0954227447509766,,,F11_Hybrid1,30,PSOLVIW
True,16,58,702883.6598573866,function_evaluations,300000,,300000,5999,300000,0,max_function_evaluations,0.0002291390001118998,90.79370224100057,1.0448837280273438,1.1429767608642578,,,F11_Hybrid1,30,PSOLVIW
True,17,59,398543408.80612767,function_evaluations,300000,,300000,5999,300000,0,max_function_evaluations,0.0002142509993063868,79.94970547900084,0.9827041625976562,1.078195571899414,,,F11_Hybrid1,30,PSOLVIW
True,18,60,92967.79852844417,function_evaluations,300000,,300000,5999,300000,0,max_function_evaluations,0.00022119200002634898,82.63591096300024,1.0185012817382812,1.1151599884033203,,,F11_Hybrid1,30,PSOLVIW
True,19,61,19561423.747496936,function_evaluations,300000,,300000,5999,300000,0,max_function_evaluations,0.00026335300026403274,87.51838237599986,1.0026931762695312,1.098184585571289,,,F11_Hybrid1,30,PSOLVIW
True,20,62,901842.8969652576,function_evaluations,300000,,300000,5999,300000,0,max_function_evaluations,0.00026156800049648155,65.49404569499984,0.9999542236328125,1.0960330963134766,,,F11_Hybrid1,30,PSOLVIW
True,21,63,46403.876583248784,function_evaluations,300000,,300000,5999,300000,0,max_function_evaluations,0.0002483160005795071,80.54402329999994,1.0413742065429688,1.1394672393798828,,,F11_Hybrid1,30,PSOLVIW
True,22,64,968279.844035428,function_evaluations,300000,,300000,5999,300000,0,max_function_evaluations,0.00022360200000548502,49.19462156999998,1.0046539306640625,1.0996341705322266,,,F11_Hybrid1,30,PSOLVIW
True,23,65,1019287.1396375743,function_evaluations,300000,,300000,5999,300000,0,max_function_evaluations,0.00022384699968824862,50.22725715300021,1.0036239624023438,1.0989093780517578,,,F11_Hybrid1,30,PSOLVIW
True,24,66,4474868.324895759,function_evaluations,300000,,300000,5999,300000,0,max_function_evaluations,0.0001506809994680225,41.28501828099979,0.9875869750976562,1.082040786743164,,,F11_Hybrid1,30,PSOLVIW
True,0,42,13911.420806874925,function_evaluations,300000,,300000,5999,300000,0,max_function_evaluations,0.00015176200031419285,84.72969890100012,1.6428604125976562,1.8030261993408203,,,F11_Hybrid1,30,PSOTVAC
True,1,43,8272164.006783555,function_evaluations,300000,,300000,5999,300000,0,max_function_evaluations,0.0001986130000659614,81.43620409699997,1.6003036499023438,1.7604694366455078,,,F11_Hybrid1,30,PSOTVAC
True,2,44,52609.9753682907,function_evaluations,300000,,300000,5999,300000,0,max_function_evaluations,0.00018664199978957186,83.02303729899995,1.90692138671875,2.128305435180664,,,F11_Hybrid1,30,PSOTVAC
True,3,45,2949634.841135394,function_evaluations,300000,,300000,5999,300000,0,max_function_evaluations,0.0002808939998431015,94.46546052299982,1.8626861572265625,2.0840702056884766,,,F11_Hybrid1,30,PSOTVAC
True,4,46,92780.28346534383,function_evaluations,300000,,300000,5999,300000,0,max_function_evaluations,0.000269026999376365,81.28896002400052,1.9109573364257812,2.1323413848876953,,,F11_Hybrid1,30,PSOTVAC
True,5,47,95522.6568394267,function_evaluations,300000,,300000,5999,300000,0,max_function_evaluations,0.0001786029997674632,82.17973389399958,1.5591201782226562,1.7079944610595703,,,F11_Hybrid1,30,PSOTVAC
True,6,48,826300.643310718,function_evaluations,300000,,300000,5999,300000,0,max_function_evaluations,0.00024705499981791945,91.9879648240003,1.58258056640625,1.731454849243164,,,F11_Hybrid1,30,PSOTVAC
True,7,49,3606177.976160389,function_evaluations,300000,,300000,5999,300000,0,max_function_evaluations,0.0002538819999244879,82.77054819800014,1.57586669921875,1.724740982055664,,,F11_Hybrid1,30,PSOTVAC
True,8,50,53314.112529728736,function_evaluations,300000,,300000,5999,300000,0,max_function_evaluations,0.0007803070002410095,77.92840429500029,1.929046630859375,2.150430679321289,,,F11_Hybrid1,30,PSOTVAC
True,9,51,88038.53701982861,function_evaluations,300000,,300000,5999,300000,0,max_function_evaluations,0.0002026190004471573,69.11824187100046,1.5946273803710938,1.7547931671142578,,,F11_Hybrid1,30,PSOTVAC
True,10,52,3359.4720583925555,function_evaluations,300000,,300000,5999,300000,0,max_function_evaluations,0.0002553590002207784,88.94659920199956,1.7328033447265625,1.9199466705322266,,,F11_Hybrid1,30,PSOTVAC
True,11,53,580044.1269717504,function_evaluations,300000,,300000,5999,300000,0,max_function_evaluations,0.0002516679996915627,84.06108183600008,1.5920333862304688,1.7521991729736328,,,F11_Hybrid1,30,PSOTVAC
True,12,54,20901.35910375475,function_evaluations,300000,,300000,5999,300000,0,max_function_evaluations,0.00021339300019462826,85.80378116500015,1.5602798461914062,1.7091541290283203,,,F11_Hybrid1,30,PSOTVAC
True,13,55,492645.7066365786,function_evaluations,300000,,300000,5999,300000,0,max_function_evaluations,0.00024970300000859424,90.89521468799921,1.5412979125976562,1.6801013946533203,,,F11_Hybrid1,30,PSOTVAC
True,14,56,432053.75003832637,function_evaluations,300000,,300000,5999,300000,0,max_function_evaluations,0.00024088399914035108,79.52465119099998,1.5058364868164062,1.6446399688720703,,,F11_Hybrid1,30,PSOTVAC
True,15,57,579278.7478492666,function_evaluations,300000,,300000,5999,300000,0,max_function_evaluations,0.0002333290003662114,81.6615850750004,1.5404510498046875,1.6792545318603516,,,F11_Hybrid1,30,PSOTVAC
True,16,58,2875.6548615325173,function_evaluations,300000,,300000,5999,300000,0,max_function_evaluations,0.0002626309997140197,81.43061518200011,1.6521224975585938,1.8249835968017578,,,F11_Hybrid1,30,PSOTVAC
True,17,59,4688.821167585784,function_evaluations,300000,,300000,5999,300000,0,max_function_evaluations,0.00025306199950136943,84.70434647500042,1.570159912109375,1.719034194946289,,,F11_Hybrid1,30,PSOTVAC
True,18,60,81472.99575579468,function_evaluations,300000,,300000,5999,300000,0,max_function_evaluations,0.0002206939998359303,74.34516730099949,1.599151611328125,1.759317398071289,,,F11_Hybrid1,30,PSOTVAC
True,19,61,2942783.540797812,function_evaluations,300000,,300000,5999,300000,0,max_function_evaluations,0.00023273699935089098,79.45967453499998,1.5467529296875,1.695627212524414,,,F11_Hybrid1,30,PSOTVAC
True,20,62,94141.62227526969,function_evaluations,300000,,300000,5999,300000,0,max_function_evaluations,0.0002636839999468066,68.97415724799976,1.711669921875,1.884531021118164,,,F11_Hybrid1,30,PSOTVAC
True,21,63,28971.086004381734,function_evaluations,300000,,300000,5999,300000,0,max_function_evaluations,0.0002486429993950878,80.8256693480007,1.61212158203125,1.772287368774414,,,F11_Hybrid1,30,PSOTVAC
True,22,64,3157730.0210867254,function_evaluations,300000,,300000,5999,300000,0,max_function_evaluations,0.0002520600000934792,47.90550353400067,1.7597503662109375,1.9468936920166016,,,F11_Hybrid1,30,PSOTVAC
True,23,65,586494.3691117165,function_evaluations,300000,,300000,5999,300000,0,max_function_evaluations,0.00027845200020237826,42.865593552000064,1.5662078857421875,1.7150821685791016,,,F11_Hybrid1,30,PSOTVAC
True,24,66,91910.17899847888,function_evaluations,300000,,300000,5999,300000,0,max_function_evaluations,0.00022182199973030947,39.34034307500042,1.5783309936523438,1.7272052764892578,,,F11_Hybrid1,30,PSOTVAC
True,0,42,574006.9905696302,function_evaluations,300000,,300000,5999,300000,0,max_function_evaluations,0.00021699999979318818,75.55339417199957,0.921630859375,1.0161685943603516,,,F11_Hybrid1,30,APSOVI
True,1,43,424065788.18089455,function_evaluations,300000,,300000,5999,300000,0,max_function_evaluations,0.0001598170001670951,83.32405484300034,0.9680938720703125,1.062723159790039,,,F11_Hybrid1,30,APSOVI
True,2,44,191543.39039884755,function_evaluations,300000,,300000,5999,300000,0,max_function_evaluations,0.00019282200082670897,82.39924989599967,1.0062103271484375,1.1007938385009766,,,F11_Hybrid1,30,APSOVI
True,3,45,54291.49005170447,function_evaluations,300000,,300000,5999,300000,0,max_function_evaluations,0.00014674999965791358,90.23695192699961,1.0333480834960938,1.1314640045166016,,,F11_Hybrid1,30,APSOVI
True,4,46,127602711.37970413,function_evaluations,300000,,300000,5999,300000,0,max_function_evaluations,0.00039391900008922676,81.51478622000013,0.8984527587890625,0.9939060211181641,,,F11_Hybrid1,30,APSOVI
True,5,47,10834198.478445582,function_evaluations,300000,,300000,5999,300000,0,max_function_evaluations,0.00024924699937400874,92.62397246900036,0.9162063598632812,1.0119342803955078,,,F11_Hybrid1,30,APSOVI
True,6,48,409654097.30279887,function_evaluations,300000,,300000,5999,300000,0,max_function_evaluations,0.00022750100015400676,84.14215154200065,1.0080718994140625,1.102853775024414,,,F11_Hybrid1,30,APSOVI
True,7,49,12069628.031213174,function_evaluations,300000,,300000,5999,300000,0,max_function_evaluations,0.00018932999955723062,78.59138991399959,0.9639892578125,1.0581989288330078,,,F11_Hybrid1,30,APSOVI
True,8,50,396673247.7872239,function_evaluations,300000,,300000,5999,300000,0,max_function_evaluations,0.0001983520005524042,75.29357284699927,0.9957504272460938,1.0934009552001953,,,F11_Hybrid1,30,APSOVI
True,9,51,88792.86199066679,function_evaluations,300000,,300000,5999,300000,0,max_function_evaluations,0.00018153600012738025,87.1670210530001,0.9899749755859375,1.0843677520751953,,,F11_Hybrid1,30,APSOVI
True,10,52,3199311.281515404,function_evaluations,300000,,300000,5999,300000,0,max_function_evaluations,0.00018139200074074324,93.92253663599968,0.9741668701171875,1.071359634399414,,,F11_Hybrid1,30,APSOVI
True,11,53,131764896.60957968,function_evaluations,300000,,300000,5999,300000,0,max_function_evaluations,0.00023537800007034093,78.4667515430001,0.9524688720703125,1.047555923461914,,,F11_Hybrid1,30,APSOVI
True,12,54,10831997.455748398,function_evaluations,300000,,300000,5999,300000,0,max_function_evaluations,0.00024931999996624654,94.05626254099934,0.956512451171875,1.0526676177978516,,,F11_Hybrid1,30,APSOVI
True,13,55,2772964.1156839062,function_evaluations,300000,,300000,5999,300000,0,max_function_evaluations,0.00023511699964728905,85.34130954699958,0.938751220703125,1.0346622467041016,,,F11_Hybrid1,30,APSOVI
True,14,56,2023657.882747929,function_evaluations,300000,,300000,5999,300000,0,max_function_evaluations,0.0002238099996247911,80.10360016400045,0.9801406860351562,1.0766468048095703,,,F11_Hybrid1,30,APSOVI
True,15,57,19568505.3491112,function_evaluations,300000,,300000,5999,300000,0,max_function_evaluations,0.0002498619996913476,86.9080647259998,1.0231704711914062,1.121286392211914,,,F11_Hybrid1,30,APSOVI
True,16,58,11929919.579685109,function_evaluations,300000,,300000,5999,300000,0,max_function_evaluations,0.00022039499981474364,85.91306173400062,0.9718856811523438,1.0660266876220703,,,F11_Hybrid1,30,APSOVI
True,17,59,5429611.362778349,function_evaluations,300000,,300000,5999,300000,0,max_function_evaluations,0.00022750100015400676,86.73406250399967,0.939117431640625,1.0350589752197266,,,F11_Hybrid1,30,APSOVI
True,18,60,130783608.08757293,function_evaluations,300000,,300000,5999,300000,0,max_function_evaluations,0.00024762600060057594,83.94446454100034,0.9893875122070312,1.0847797393798828,,,F11_Hybrid1,30,APSOVI
True,19,61,131683.63573420947,function_evaluations,300000,,300000,5999,300000,0,max_function_evaluations,0.0002802399994834559,87.9597605529998,0.91033935546875,1.0046329498291016,,,F11_Hybrid1,30,APSOVI
True,20,62,3165920.8210268565,function_evaluations,300000,,300000,5999,300000,0,max_function_evaluations,0.00023059600061969832,68.44942206799988,0.948211669921875,1.0448246002197266,,,F11_Hybrid1,30,APSOVI
True,21,63,10839624.349480549,function_evaluations,300000,,300000,5999,300000,0,max_function_evaluations,0.00015749199974379735,79.30769629099996,0.9143829345703125,1.008523941040039,,,F11_Hybrid1,30,APSOVI
True,22,64,410580947.8959846,function_evaluations,300000,,300000,5999,300000,0,max_function_evaluations,0.0002355229999011499,46.714735022999776,0.9463043212890625,1.041604995727539,,,F11_Hybrid1,30,APSOVI
True,23,65,4247064.219113991,function_evaluations,300000,,300000,5999,300000,0,max_function_evaluations,0.00023112799954105867,43.174316834999445,0.9560928344726562,1.0503253936767578,,,F11_Hybrid1,30,APSOVI
True,24,66,2773040.8242565915,function_evaluations,300000,,300000,5999,300000,0,max_function_evaluations,0.00023295899973163614,42.88988596299987,0.934234619140625,1.0288944244384766,,,F11_Hybrid1,30,APSOVI
True,0,42,5742.051388479127,function_evaluations,300000,,300000,5881,300000,0,max_function_evaluations,0.00017868299983092584,80.72817010699964,1.679154396057129,2.92061710357666,,,F11_Hybrid1,30,APSO
True,1,43,36893.46097421234,function_evaluations,300000,,300000,5881,300000,0,max_function_evaluations,0.00021119600023666862,80.08537816899934,1.7731409072875977,3.014908790588379,,,F11_Hybrid1,30,APSO
True,2,44,21608.537835959556,function_evaluations,300000,,300000,5881,300000,0,max_function_evaluations,0.00013811000007990515,91.09295306500007,1.8597650527954102,3.106217384338379,,,F11_Hybrid1,30,APSO
True,3,45,21692.264797721462,function_evaluations,300000,,300000,5881,300000,0,max_function_evaluations,0.000238988000091922,101.47490474699953,1.6695966720581055,2.911410331726074,,,F11_Hybrid1,30,APSO
True,4,46,20937.053380240395,function_evaluations,300000,,300000,5881,300000,0,max_function_evaluations,0.00023507599962613313,83.53100333400016,1.6594486236572266,2.9043750762939453,,,F11_Hybrid1,30,APSO
True,5,47,3353.961322378871,function_evaluations,300000,,300000,5881,300000,0,max_function_evaluations,0.0001544010001452989,90.52995153100073,1.693537712097168,2.941042900085449,,,F11_Hybrid1,30,APSO
True,6,48,18937.0020627085,function_evaluations,300000,,300000,5881,300000,0,max_function_evaluations,0.00022521400023833849,91.72503507300007,1.6443986892700195,2.8920106887817383,,,F11_Hybrid1,30,APSO
True,7,49,2840.481290825458,function_evaluations,300000,,300000,5881,300000,0,max_function_evaluations,0.00020103600036236458,87.78253835400028,1.6830406188964844,2.931934356689453,,,F11_Hybrid1,30,APSO
True,8,50,23737.24380398909,function_evaluations,300000,,300000,5881,300000,0,max_function_evaluations,0.000197912000658107,90.88520735899965,1.6876535415649414,2.9351282119750977,,,F11_Hybrid1,30,APSO
True,9,51,2068.506818664768,function_evaluations,300000,,300000,5881,300000,0,max_function_evaluations,0.00018160699983127415,84.02982743899975,1.668355941772461,2.911863327026367,,,F11_Hybrid1,30,APSO
True,10,52,9313.466280300525,function_evaluations,300000,,300000,5881,300000,0,max_function_evaluations,0.00018877200000133598,98.05221937999977,1.694951057434082,2.9418458938598633,,,F11_Hybrid1,30,APSO
True,11,53,23622.920447325614,function_evaluations,300000,,300000,5881,300000,0,max_function_evaluations,0.0002344130007259082,91.74787319699954,1.6536188125610352,2.899491310119629,,,F11_Hybrid1,30,APSO
True,12,54,28093.513515090086,function_evaluations,300000,,300000,5881,300000,0,max_function_evaluations,0.00025242199990316294,90.33520942700034,1.6683416366577148,2.9100828170776367,,,F11_Hybrid1,30,APSO
True,13,55,3282.0987829913583,function_evaluations,300000,,300000,5881,300000,0,max_function_evaluations,0.00016548900021007285,87.37573906600028,1.655329704284668,2.9014768600463867,,,F11_Hybrid1,30,APSO
True,14,56,4342.431258423226,function_evaluations,300000,,300000,5881,300000,0,max_function_evaluations,0.00023576099920319393,93.45344809300059,1.6519279479980469,2.8979530334472656,,,F11_Hybrid1,30,APSO
True,15,57,19828.591335437122,function_evaluations,300000,,300000,5881,300000,0,max_function_evaluations,0.00022811200051364722,90.96530589799931,1.7352895736694336,2.9844274520874023,,,F11_Hybrid1,30,APSO
True,16,58,26732.448381833598,function_evaluations,300000,,300000,5881,300000,0,max_function_evaluations,0.00024714800019864924,90.63669209999989,1.6953916549682617,2.942378044128418,,,F11_Hybrid1,30,APSO
True,17,59,4989.374135230324,function_evaluations,300000,,300000,5882,300000,0,max_function_evaluations,0.00023622599928785348,88.47927262600024,1.6828937530517578,2.9318065643310547,,,F11_Hybrid1,30,APSO
True,18,60,27153.001251785263,function_evaluations,300000,,300000,5881,300000,0,max_function_evaluations,0.0001661610003793612,91.63887322200026,1.6705446243286133,2.9134416580200195,,,F11_Hybrid1,30,APSO
True,19,61,20588.309564847106,function_evaluations,300000,,300000,5881,300000,0,max_function_evaluations,0.00026460299977770774,90.19879278500048,1.6332769393920898,2.8751821517944336,,,F11_Hybrid1,30,APSO
True,20,62,20279.943605920795,function_evaluations,300000,,300000,5881,300000,0,max_function_evaluations,0.00025992500013671815,62.03955006100023,1.8477144241333008,3.096158027648926,,,F11_Hybrid1,30,APSO
True,21,63,1926.0413910066723,function_evaluations,300000,,300000,5881,300000,0,max_function_evaluations,0.0002853050000339863,87.5098108000002,1.6558361053466797,2.9015254974365234,,,F11_Hybrid1,30,APSO
True,22,64,31634.533134585185,function_evaluations,300000,,300000,5881,300000,0,max_function_evaluations,0.00025048899988178164,52.8819175969993,1.644078254699707,2.8920717239379883,,,F11_Hybrid1,30,APSO
True,23,65,33260.16131650584,function_evaluations,300000,,300000,5881,300000,0,max_function_evaluations,0.000254935999691952,43.82523327299987,1.6206464767456055,2.8650388717651367,,,F11_Hybrid1,30,APSO
True,24,66,9278.172075687222,function_evaluations,300000,,300000,5881,300000,0,max_function_evaluations,0.00023441200028173625,44.95092907599974,1.6437911987304688,2.8910980224609375,,,F11_Hybrid1,30,APSO
True,0,42,33503221.0986823,function_evaluations,300000,,300000,5999,300000,0,max_function_evaluations,0.00027667500035022385,92.07580995199987,1.2873430252075195,1.3860158920288086,,,F11_Hybrid1,30,UAPSO
True,1,43,326581037.7744465,function_evaluations,300000,,300000,5999,300000,0,max_function_evaluations,0.0002350350005144719,87.63487670399991,1.2521486282348633,1.3485631942749023,,,F11_Hybrid1,30,UAPSO
True,2,44,24050931.128693186,function_evaluations,300000,,300000,5999,300000,0,max_function_evaluations,0.00039828300032240804,76.74101629199959,1.1989059448242188,1.2943744659423828,,,F11_Hybrid1,30,UAPSO
True,3,45,28218454.335235216,function_evaluations,300000,,300000,5999,300000,0,max_function_evaluations,0.0003369779997228761,85.38581937599974,1.3707122802734375,1.4861698150634766,,,F11_Hybrid1,30,UAPSO
True,4,46,43423099.40551785,function_evaluations,300000,,300000,5999,300000,0,max_function_evaluations,0.0003037249998669722,79.8006149390003,1.2508678436279297,1.3478012084960938,,,F11_Hybrid1,30,UAPSO
True,5,47,1984408781.5669396,function_evaluations,300000,,300000,5999,300000,0,max_function_evaluations,0.00037778299974888796,84.10408468399964,1.298975944519043,1.397648811340332,,,F11_Hybrid1,30,UAPSO
True,6,48,870729.0342954356,function_evaluations,300000,,300000,5999,300000,0,max_function_evaluations,0.00037423899993882515,85.1147969420008,1.3026599884033203,1.4062767028808594,,,F11_Hybrid1,30,UAPSO
True,7,49,137395933.77038246,function_evaluations,300000,,300000,5999,300000,0,max_function_evaluations,0.00040065600023808656,83.18986544000018,1.2423830032348633,1.3374242782592773,,,F11_Hybrid1,30,UAPSO
True,8,50,36330485.661505796,function_evaluations,300000,,300000,5999,300000,0,max_function_evaluations,0.00037612100004480453,93.62889790900044,1.2309293746948242,1.3282594680786133,,,F11_Hybrid1,30,UAPSO
True,9,51,46091049.74674758,function_evaluations,300000,,300000,5999,300000,0,max_function_evaluations,0.0003667659993880079,83.61458905000018,1.484720230102539,1.6241035461425781,,,F11_Hybrid1,30,UAPSO
True,10,52,18495103.971888453,function_evaluations,300000,,300000,5999,300000,0,max_function_evaluations,0.00038368100013030926,89.4936075759997,1.2440433502197266,1.3388404846191406,,,F11_Hybrid1,30,UAPSO
True,11,53,92385183.21706143,function_evaluations,300000,,300000,5999,300000,0,max_function_evaluations,0.00036802299928240245,79.68885554400003,1.2175006866455078,1.3144035339355469,,,F11_Hybrid1,30,UAPSO
True,12,54,4911080.673189046,function_evaluations,300000,,300000,5999,300000,0,max_function_evaluations,0.00036831099987466587,82.59441737100042,1.19927978515625,1.294687271118164,,,F11_Hybrid1,30,UAPSO
True,13,55,463819.55280618556,function_evaluations,300000,,300000,5999,300000,0,max_function_evaluations,0.0004127259999222588,92.95160484700045,1.2664804458618164,1.3640851974487305,,,F11_Hybrid1,30,UAPSO
True,14,56,5206788.830365043,function_evaluations,300000,,300000,5999,300000,0,max_function_evaluations,0.0003740330002983683,88.06543354699988,1.252028465270996,1.3484430313110352,,,F11_Hybrid1,30,UAPSO
True,15,57,21437646.419694096,function_evaluations,300000,,300000,5999,300000,0,max_function_evaluations,0.00043339999956515385,88.59489553299954,1.219233512878418,1.315770149230957,,,F11_Hybrid1,30,UAPSO
True,16,58,10530610.302929953,function_evaluations,300000,,300000,5999,300000,0,max_function_evaluations,0.00042283400034648366,90.46387714600041,1.345778465270996,1.4549493789672852,,,F11_Hybrid1,30,UAPSO
True,17,59,12731577.99290977,function_evaluations,300000,,300000,5999,300000,0,max_function_evaluations,0.00036867099970550044,88.3071038650005,1.3719120025634766,1.4873695373535156,,,F11_Hybrid1,30,UAPSO
True,18,60,1289587.609695964,function_evaluations,300000,,300000,5999,300000,0,max_function_evaluations,0.00037942200015095295,86.38425710999945,1.2402496337890625,1.3357791900634766,,,F11_Hybrid1,30,UAPSO
True,19,61,26920380.646257695,function_evaluations,300000,,300000,5999,300000,0,max_function_evaluations,0.00036526300027617253,68.8460889980006,1.322525978088379,1.426142692565918,,,F11_Hybrid1,30,UAPSO
True,20,62,526219.4995063369,function_evaluations,300000,,300000,5999,300000,0,max_function_evaluations,0.00042573100017762044,83.68467721899924,1.227900505065918,1.322728157043457,,,F11_Hybrid1,30,UAPSO
True,21,63,565976.586280915,function_evaluations,300000,,300000,5999,300000,0,max_function_evaluations,0.00037665599938918604,79.84619027299959,1.223820686340332,1.319655418395996,,,F11_Hybrid1,30,UAPSO
True,22,64,23058989.022728194,function_evaluations,300000,,300000,5999,300000,0,max_function_evaluations,0.0004398560004119645,50.47427350900034,1.2395544052124023,1.3350534439086914,,,F11_Hybrid1,30,UAPSO
True,23,65,4693571.508854846,function_evaluations,300000,,300000,5999,300000,0,max_function_evaluations,0.0004960539999956382,47.449550922000526,1.2365779876708984,1.3327484130859375,,,F11_Hybrid1,30,UAPSO
True,24,66,2052558.312184604,function_evaluations,300000,,300000,5999,300000,0,max_function_evaluations,0.00036120100048719905,45.17087540600005,1.2306337356567383,1.3279333114624023,,,F11_Hybrid1,30,UAPSO
True,0,42,244.9409589812376,function_evaluations,300000,,300000,5999,300000,0,max_function_evaluations,0.0001463939997847774,133.70611231099974,0.7313156127929688,0.8261890411376953,,,F21_Composition1,30,PSO
True,1,43,249.52398405971508,function_evaluations,300000,,300000,5999,300000,0,max_function_evaluations,0.00016377700012526475,139.71499112400033,0.7409286499023438,0.8351306915283203,,,F21_Composition1,30,PSO
True,2,44,325.8773017126132,function_evaluations,300000,,300000,5999,300000,0,max_function_evaluations,0.00020959399989806116,140.74618413900043,0.7281265258789062,0.8226947784423828,,,F21_Composition1,30,PSO
True,3,45,252.9864761433364,function_evaluations,300000,,300000,5999,300000,0,max_function_evaluations,0.00027561499973671744,142.92609711500063,0.7242279052734375,0.8186435699462891,,,F21_Composition1,30,PSO
True,4,46,244.0254458276222,function_evaluations,300000,,300000,5999,300000,0,max_function_evaluations,0.00048226800026895944,130.7439919640001,0.7261505126953125,0.8202915191650391,,,F21_Composition1,30,PSO
True,5,47,204.62070777735153,function_evaluations,300000,,300000,5999,300000,0,max_function_evaluations,0.0005376219996833242,132.47255815500012,0.7328414916992188,0.8274402618408203,,,F21_Composition1,30,PSO
True,6,48,247.7202645569323,function_evaluations,300000,,300000,5999,300000,0,max_function_evaluations,0.0005227449992162292,133.92737022999972,0.730804443359375,0.8256778717041016,,,F21_Composition1,30,PSO
True,7,49,341.3557227937854,function_evaluations,300000,,300000,5999,300000,0,max_function_evaluations,0.00018530400029703742,139.56191693500023,0.7356719970703125,0.8297824859619141,,,F21_Composition1,30,PSO
True,8,50,220.40971135135578,function_evaluations,300000,,300000,5999,300000,0,max_function_evaluations,0.000190773999747762,139.27923731099963,0.7253265380859375,0.8195285797119141,,,F21_Composition1,30,PSO
True,9,51,254.58401903781942,function_evaluations,300000,,300000,5999,300000,0,max_function_evaluations,0.00022737500057701254,138.60664835199987,0.7261123657226562,0.8202533721923828,,,F21_Composition1,30,PSO
True,10,52,247.97464301527543,function_evaluations,300000,,300000,5999,300000,0,max_function_evaluations,0.000201945999833697,126.71535575400048,0.7215042114257812,0.8155689239501953,,,F21_Composition1,30,PSO
True,11,53,301.3037437140788,function_evaluations,300000,,300000,5999,300000,0,max_function_evaluations,0.00027284800034976797,127.79238611100027,0.729034423828125,0.8233890533447266,,,F21_Composition1,30,PSO
True,12,54,290.5199224724656,function_evaluations,300000,,300000,5999,300000,0,max_function_evaluations,0.0002268210000693216,133.4246315220007,0.71466064453125,0.8088321685791016,,,F21_Composition1,30,PSO
True,13,55,215.5303342979937,function_evaluations,300000,,300000,5999,300000,0,max_function_evaluations,0.0002318520000699209,144.5631272010005,0.7281646728515625,0.8226413726806641,,,F21_Composition1,30,PSO
True,14,56,297.1347553150299,function_evaluations,300000,,300000,5999,300000,0,max_function_evaluations,0.00021569299951806897,144.2790835399992,0.7459182739257812,0.8403949737548828,,,F21_Composition1,30,PSO
True,15,57,284.1132312784125,function_evaluations,300000,,300000,5999,300000,0,max_function_evaluations,0.00021424999977170955,138.84734553199996,0.7226791381835938,0.8173694610595703,,,F21_Composition1,30,PSO
True,16,58,282.88118858014604,function_evaluations,300000,,300000,5999,300000,0,max_function_evaluations,0.00021746499987784773,139.25537389000056,0.7238845825195312,0.8183307647705078,,,F21_Composition1,30,PSO
True,17,59,266.3317228391388,function_evaluations,300000,,300000,5999,300000,0,max_function_evaluations,0.0002765710005405708,144.0108567110001,0.7224502563476562,0.8172016143798828,,,F21_Composition1,30,PSO
True,18,60,238.84157061997894,function_evaluations,300000,,300000,5999,300000,0,max_function_evaluations,0.00024814900007186225,140.91681296200022,0.7594375610351562,0.8541889190673828,,,F21_Composition1,30,PSO
True,19,61,248.5279788534508,function_evaluations,300000,,300000,5999,300000,0,max_function_evaluations,0.00024171799941541394,135.13010204799957,0.7311630249023438,0.8259296417236328,,,F21_Composition1,30,PSO
True,20,62,255.94489321956144,function_evaluations,300000,,300000,5999,300000,0,max_function_evaluations,0.00021611199917970225,138.80645421099962,0.72723388671875,0.8219242095947266,,,F21_Composition1,30,PSO
True,21,63,272.5329033024718,function_evaluations,300000,,300000,5999,300000,0,max_function_evaluations,0.00022869599979458144,134.37250308999955,0.7260894775390625,0.8202304840087891,,,F21_Composition1,30,PSO
True,22,64,191.6657728754535,function_evaluations,300000,,300000,5999,300000,0,max_function_evaluations,0.00019281900040368782,77.77367324499937,0.7252578735351562,0.8195514678955078,,,F21_Composition1,30,PSO
True,23,65,195.7299137740365,function_evaluations,300000,,300000,5999,300000,0,max_function_evaluations,0.00024781400043139,71.74191451000024,0.7251968383789062,0.8194599151611328,,,F21_Composition1,30,PSO
True,24,66,272.46603158712423,function_evaluations,300000,,300000,5999,300000,0,max_function_evaluations,0.00024460700024064863,65.18919659899984,0.7238998413085938,0.8183460235595703,,,F21_Composition1,30,PSO
True,0,42,223.91186620481676,function_evaluations,300000,,300000,5999,300000,0,max_function_evaluations,0.000240247999499843,136.69241157899978,0.9070816040039062,1.001474380493164,,,F21_Composition1,30,PSOLVIW
True,1,43,279.68508434726573,function_evaluations,300000,,300000,5999,300000,0,max_function_evaluations,0.0001563480000186246,144.7299052110002,0.900909423828125,0.9964008331298828,,,F21_Composition1,30,PSOLVIW
True,2,44,261.4954431797223,function_evaluations,300000,,300000,5999,300000,0,max_function_evaluations,0.00018194499989476753,150.44960408800034,0.895233154296875,0.9898395538330078,,,F21_Composition1,30,PSOLVIW
True,3,45,206.60769907095664,function_evaluations,300000,,300000,5999,300000,0,max_function_evaluations,0.00018553700010670582,136.8962135870006,0.9091567993164062,1.004739761352539,,,F21_Composition1,30,PSOLVIW
True,4,46,294.8453421788595,function_evaluations,300000,,300000,5999,300000,0,max_function_evaluations,0.00014452499999606516,124.10042708200035,0.9088211059570312,1.003030776977539,,,F21_Composition1,30,PSOLVIW
True,5,47,253.3501365117072,function_evaluations,300000,,300000,5999,300000,0,max_function_evaluations,0.00020008100000268314,138.67709313200066,0.9263839721679688,1.0212345123291016,,,F21_Composition1,30,PSOLVIW
True,6,48,199.5487205681461,function_evaluations,300000,,300000,5999,300000,0,max_function_evaluations,0.00023251299990079133,135.3043170609999,0.914703369140625,1.0095539093017578,,,F21_Composition1,30,PSOLVIW
True,7,49,372.5427037456566,function_evaluations,300000,,300000,5999,300000,0,max_function_evaluations,0.00024873900019883877,103.98306051999953,0.9109878540039062,1.006387710571289,,,F21_Composition1,30,PSOLVIW
True,8,50,340.7074019144852,function_evaluations,300000,,300000,5999,300000,0,max_function_evaluations,0.00018720099978963844,140.23423288199956,0.9146575927734375,1.0094776153564453,,,F21_Composition1,30,PSOLVIW
True,9,51,298.1672781330235,function_evaluations,300000,,300000,5999,300000,0,max_function_evaluations,0.00020010500065836823,142.37846318300035,0.9274978637695312,1.022134780883789,,,F21_Composition1,30,PSOLVIW
True,10,52,337.18363003608374,function_evaluations,300000,,300000,5999,300000,0,max_function_evaluations,0.0002032570000665146,145.92585463100022,0.8904876708984375,0.9845752716064453,,,F21_Composition1,30,PSOLVIW
True,11,53,269.12966138363663,function_evaluations,300000,,300000,5999,300000,0,max_function_evaluations,0.00021888999981456436,122.30547833199944,0.9055023193359375,1.0001697540283203,,,F21_Composition1,30,PSOLVIW
True,12,54,225.44843889779713,function_evaluations,300000,,300000,5999,300000,0,max_function_evaluations,0.00021763699987786822,139.86656413499986,0.8999252319335938,0.9954166412353516,,,F21_Composition1,30,PSOLVIW
True,13,55,232.7827701720089,function_evaluations,300000,,300000,5999,300000,0,max_function_evaluations,0.00022681799964630045,128.17933903999983,0.9111099243164062,1.006479263305664,,,F21_Composition1,30,PSOLVIW
True,14,56,180.34804511453603,function_evaluations,300000,,300000,5999,300000,0,max_function_evaluations,0.00020864999987679766,141.27394389999972,0.9285964965820312,1.023080825805664,,,F21_Composition1,30,PSOLVIW
True,15,57,237.84138000737312,function_evaluations,300000,,300000,5999,300000,0,max_function_evaluations,0.0002560339999035932,141.16623299499952,0.9035491943359375,0.9986133575439453,,,F21_Composition1,30,PSOLVIW
True,16,58,356.6676087758319,function_evaluations,300000,,300000,5999,300000,0,max_function_evaluations,0.00022056500074540963,137.89626616399983,0.9004440307617188,0.9959659576416016,,,F21_Composition1,30,PSOLVIW
True,17,59,225.12926962385336,function_evaluations,300000,,300000,5999,300000,0,max_function_evaluations,0.00022442699992097914,143.36916270299935,0.9058456420898438,1.0004520416259766,,,F21_Composition1,30,PSOLVIW
True,18,60,323.29909387143516,function_evaluations,300000,,300000,5999,300000,0,max_function_evaluations,0.0002412430003460031,136.37318600100025,0.9046707153320312,0.9995212554931641,,,F21_Composition1,30,PSOLVIW
True,19,61,258.4433993731923,function_evaluations,300000,,300000,5999,300000,0,max_function_evaluations,0.0002122229998349212,138.83964555799957,0.9529647827148438,1.0478153228759766,,,F21_Composition1,30,PSOLVIW
True,20,62,227.85441863081724,function_evaluations,300000,,300000,5999,300000,0,max_function_evaluations,0.00021051800013083266,129.0456912869995,0.93310546875,1.0290851593017578,,,F21_Composition1,30,PSOLVIW
True,21,63,330.6033577434414,function_evaluations,300000,,300000,5999,300000,0,max_function_evaluations,0.00025025600007211324,137.35370644199975,0.8915481567382812,0.9858188629150391,,,F21_Composition1,30,PSOLVIW
True,22,64,231.8944891707206,function_evaluations,300000,,300000,5999,300000,0,max_function_evaluations,0.0002601849992061034,83.72320083700015,0.9029159545898438,0.9979190826416016,,,F21_Composition1,30,PSOLVIW
True,23,65,210.3115115933906,function_evaluations,300000,,300000,5999,300000,0,max_function_evaluations,0.0002161029997296282,69.00570522099952,0.9214553833007812,1.017160415649414,,,F21_Composition1,30,PSOLVIW
True,24,66,331.5043607267835,function_evaluations,300000,,300000,5999,300000,0,max_function_evaluations,0.00022539199926541187,68.94661997200001,0.8906402587890625,0.9849109649658203,,,F21_Composition1,30,PSOLVIW
True,0,42,182.48248209717258,function_evaluations,300000,,300000,5999,300000,0,max_function_evaluations,0.0002044990005742875,141.38558231200022,1.1837310791015625,1.2791919708251953,,,F21_Composition1,30,PSOTVAC
True,1,43,201.44731373716832,function_evaluations,300000,,300000,5999,300000,0,max_function_evaluations,0.0001467020001655328,137.4892874719999,1.21893310546875,1.3136310577392578,,,F21_Composition1,30,PSOTVAC
True,2,44,191.97666470288186,function_evaluations,300000,,300000,5999,300000,0,max_function_evaluations,0.00022591000015381724,145.09419789999993,1.1551589965820312,1.249856948852539,,,F21_Composition1,30,PSOTVAC
True,3,45,207.26328650216465,function_evaluations,300000,,300000,5999,300000,0,max_function_evaluations,0.0002554180000515771,121.93950830499944,1.1526412963867188,1.2476139068603516,,,F21_Composition1,30,PSOTVAC
True,4,46,180.77376103281722,function_evaluations,300000,,300000,5999,300000,0,max_function_evaluations,0.00013644899991049897,133.37864492300014,1.1821975708007812,1.276346206665039,,,F21_Composition1,30,PSOTVAC
True,5,47,243.34149616090644,function_evaluations,300000,,300000,5999,300000,0,max_function_evaluations,0.00020549300006678095,137.62538447800034,1.1915054321289062,1.285593032836914,,,F21_Composition1,30,PSOTVAC
True,6,48,181.41486935114608,function_evaluations,300000,,300000,5999,300000,0,max_function_evaluations,0.00019359299949428532,128.66991994,1.1665420532226562,1.261789321899414,,,F21_Composition1,30,PSOTVAC
True,7,49,181.41486935114608,function_evaluations,300000,,300000,5999,300000,0,max_function_evaluations,0.00020091799979127245,117.15301801900023,1.1549072265625,1.2495136260986328,,,F21_Composition1,30,PSOTVAC
True,8,50,186.16893264264172,function_evaluations,300000,,300000,5999,300000,0,max_function_evaluations,0.00023247100034495816,135.4467001060002,1.1601715087890625,1.2551441192626953,,,F21_Composition1,30,PSOTVAC
True,9,51,183.65622118492865,function_evaluations,300000,,300000,5999,300000,0,max_function_evaluations,0.0009009759996843059,142.39951263799958,1.1714553833007812,1.265726089477539,,,F21_Composition1,30,PSOTVAC
True,10,52,227.46743936324083,function_evaluations,300000,,300000,5999,300000,0,max_function_evaluations,0.00019248900025559124,149.59281295000073,1.1763687133789062,1.270914077758789,,,F21_Composition1,30,PSOTVAC
True,11,53,173.25745520290502,function_evaluations,300000,,300000,5999,300000,0,max_function_evaluations,0.00024392500017711427,133.17935055999988,1.1667022705078125,1.2618579864501953,,,F21_Composition1,30,PSOTVAC
True,12,54,221.74771529445297,function_evaluations,300000,,300000,5999,300000,0,max_function_evaluations,0.0002022559992838069,152.9875471559999,1.1640167236328125,1.2584400177001953,,,F21_Composition1,30,PSOTVAC
True,13,55,251.21811263002564,function_evaluations,300000,,300000,5999,300000,0,max_function_evaluations,0.0002124920001733699,109.89372242900026,1.1585922241210938,1.2537784576416016,,,F21_Composition1,30,PSOTVAC
True,14,56,170.77900611696123,function_evaluations,300000,,300000,5999,300000,0,max_function_evaluations,0.00025020600060088327,132.0030328339999,1.1575927734375,1.2517108917236328,,,F21_Composition1,30,PSOTVAC
True,15,57,277.02219136970325,function_evaluations,300000,,300000,5999,300000,0,max_function_evaluations,0.0002449669991619885,137.96092560299985,1.1653823852539062,1.260782241821289,,,F21_Composition1,30,PSOTVAC
True,16,58,191.5425273875435,function_evaluations,300000,,300000,5999,300000,0,max_function_evaluations,0.00026120300026377663,139.83183585900042,1.1634979248046875,1.2577381134033203,,,F21_Composition1,30,PSOTVAC
True,17,59,181.97448859802535,function_evaluations,300000,,300000,5999,300000,0,max_function_evaluations,0.00023167000017565442,134.43554776499968,1.1778182983398438,1.2722721099853516,,,F21_Composition1,30,PSOTVAC
True,18,60,203.63518364055562,function_evaluations,300000,,300000,5999,300000,0,max_function_evaluations,0.0002640470002006623,141.96330986199973,1.1686248779296875,1.2634754180908203,,,F21_Composition1,30,PSOTVAC
True,19,61,232.47682295631103,function_evaluations,300000,,300000,5999,300000,0,max_function_evaluations,0.00022371799968823325,134.02047840399973,1.1643447875976562,1.258493423461914,,,F21_Composition1,30,PSOTVAC
True,20,62,198.84575979018564,function_evaluations,300000,,300000,5999,300000,0,max_function_evaluations,0.00022350699964590603,137.17090643199936,1.15313720703125,1.2481708526611328,,,F21_Composition1,30,PSOTVAC
True,21,63,170.4157532760678,function_evaluations,300000,,300000,5999,300000,0,max_function_evaluations,0.00022239300051296595,132.59669072999986,1.2019805908203125,1.2976856231689453,,,F21_Composition1,30,PSOTVAC
True,22,64,185.38257680459674,function_evaluations,300000,,300000,5999,300000,0,max_function_evaluations,0.00021192400072322926,80.72409050399983,1.187652587890625,1.2818317413330078,,,F21_Composition1,30,PSOTVAC
True,23,65,176.0991105152557,function_evaluations,300000,,300000,5999,300000,0,max_function_evaluations,0.0002470760000505834,77.09726119600055,1.1611251831054688,1.2559146881103516,,,F21_Composition1,30,PSOTVAC
True,24,66,180.72187309139827,function_evaluations,300000,,300000,5999,300000,0,max_function_evaluations,0.0002264160002596327,65.82912250100071,1.1774520874023438,1.2720279693603516,,,F21_Composition1,30,PSOTVAC
True,0,42,402.02542803414826,function_evaluations,300000,,300000,5999,300000,0,max_function_evaluations,0.0001626009998290101,144.75209162099964,0.8878250122070312,0.9831562042236328,,,F21_Composition1,30,APSOVI
True,1,43,287.35250946360975,function_evaluations,300000,,300000,5999,300000,0,max_function_evaluations,0.00014896399989083875,133.26187217000006,0.9317855834960938,1.0282764434814453,,,F21_Composition1,30,APSOVI
True,2,44,213.50175709412997,function_evaluations,300000,,300000,5999,300000,0,max_function_evaluations,0.00018740399991656886,132.59313312799986,0.9519271850585938,1.0466785430908203,,,F21_Composition1,30,APSOVI
True,3,45,352.3971553936776,function_evaluations,300000,,300000,5999,300000,0,max_function_evaluations,0.0002533169999878737,144.29323592899982,0.95733642578125,1.053903579711914,,,F21_Composition1,30,APSOVI
True,4,46,260.7910846570426,function_evaluations,300000,,300000,5999,300000,0,max_function_evaluations,0.00022529299985762918,151.55355168999995,0.8830413818359375,0.9775485992431641,,,F21_Composition1,30,APSOVI
True,5,47,289.8831839255595,function_evaluations,300000,,300000,5999,300000,0,max_function_evaluations,0.00015062799957377138,118.62962272799996,0.9531097412109375,1.049356460571289,,,F21_Composition1,30,APSOVI
True,6,48,276.4195064031669,function_evaluations,300000,,300000,5999,300000,0,max_function_evaluations,0.00018638799974723952,138.49842121799975,0.9477462768554688,1.0440082550048828,,,F21_Composition1,30,APSOVI
True,7,49,274.7803608909685,function_evaluations,300000,,300000,5999,300000,0,max_function_evaluations,0.0002013200000874349,135.53953094000008,0.9793777465820312,1.0767230987548828,,,F21_Composition1,30,APSOVI
True,8,50,318.3019841809428,function_evaluations,300000,,300000,5999,300000,0,max_function_evaluations,0.00024206299985962687,146.69758703000025,0.8920440673828125,0.9866733551025391,,,F21_Composition1,30,APSOVI
True,9,51,228.31562513279232,function_evaluations,300000,,300000,5999,300000,0,max_function_evaluations,0.00023692200011282694,140.90061213199988,0.942047119140625,1.0368900299072266,,,F21_Composition1,30,APSOVI
True,10,52,252.3394321219862,function_evaluations,300000,,300000,5999,300000,0,max_function_evaluations,0.00022229200021683937,123.65144885500013,0.9683456420898438,1.0635547637939453,,,F21_Composition1,30,APSOVI
True,11,53,228.94751480528612,function_evaluations,300000,,300000,5999,300000,0,max_function_evaluations,0.00023045899979479145,125.9630922209999,1.0294876098632812,1.127603530883789,,,F21_Composition1,30,APSOVI
True,12,54,252.04479202310995,function_evaluations,300000,,300000,5999,300000,0,max_function_evaluations,0.0002294389996677637,132.9866753819997,0.8808670043945312,0.9761066436767578,,,F21_Composition1,30,APSOVI
True,13,55,311.00170131917093,function_evaluations,300000,,300000,5999,300000,0,max_function_evaluations,0.00023909700030344538,141.95312499300053,0.9201812744140625,1.014841079711914,,,F21_Composition1,30,APSOVI
True,14,56,251.09350503237556,function_evaluations,300000,,300000,5999,300000,0,max_function_evaluations,0.00025450699922657805,148.0737199590003,0.9419708251953125,1.036111831665039,,,F21_Composition1,30,APSOVI
True,15,57,250.8988442306113,function_evaluations,300000,,300000,5999,300000,0,max_function_evaluations,0.0002581079997980851,143.18812788600007,0.9274444580078125,1.022775650024414,,,F21_Composition1,30,APSOVI
True,16,58,308.0973457587211,function_evaluations,300000,,300000,5999,300000,0,max_function_evaluations,0.00022409099983633496,131.13461560400083,0.9282684326171875,1.023508071899414,,,F21_Composition1,30,APSOVI
True,17,59,232.1291365631646,function_evaluations,300000,,300000,5999,300000,0,max_function_evaluations,0.00023595399943587836,139.989253707,0.9159393310546875,1.011117935180664,,,F21_Composition1,30,APSOVI
True,18,60,420.82911390172285,function_evaluations,300000,,300000,5999,300000,0,max_function_evaluations,0.0002540079995014821,136.09157958800006,0.9476165771484375,1.043924331665039,,,F21_Composition1,30,APSOVI
True,19,61,280.8991695164432,function_evaluations,300000,,300000,5999,300000,0,max_function_evaluations,0.00022865699975227471,112.28437582600054,0.9244842529296875,1.0201282501220703,,,F21_Composition1,30,APSOVI
True,20,62,216.81361542441482,function_evaluations,300000,,300000,5999,300000,0,max_function_evaluations,0.00028780400043615373,123.31608981299996,0.95855712890625,1.0555973052978516,,,F21_Composition1,30,APSOVI
True,21,63,266.0611018824702,function_evaluations,300000,,300000,5999,300000,0,max_function_evaluations,0.0002584040003057453,131.34443329500027,0.9518203735351562,1.0471820831298828,,,F21_Composition1,30,APSOVI
True,22,64,237.9660862768178,function_evaluations,300000,,300000,5999,300000,0,max_function_evaluations,0.00027863600007549394,83.82798577199992,0.9481048583984375,1.0434589385986328,,,F21_Composition1,30,APSOVI
True,23,65,263.38777356820856,function_evaluations,300000,,300000,5999,300000,0,max_function_evaluations,0.00022281000019575004,69.49692403999961,0.952301025390625,1.0487918853759766,,,F21_Composition1,30,APSOVI
True,24,66,352.2965082277069,function_evaluations,300000,,300000,5999,300000,0,max_function_evaluations,0.00025929300045390846,75.77979897899968,0.9048233032226562,0.9990253448486328,,,F21_Composition1,30,APSOVI
True,0,42,161.5014335519004,function_evaluations,300000,,300000,5881,300000,0,max_function_evaluations,0.0002496659999451367,139.27446570900065,2.2837905883789062,3.5297393798828125,,,F21_Composition1,30,APSO
True,1,43,158.20682070485736,function_evaluations,300000,,300000,5882,300000,0,max_function_evaluations,0.00022853199970995774,149.30149657400034,1.860306739807129,3.10476016998291,,,F21_Composition1,30,APSO
True,2,44,161.46105780719608,function_evaluations,300000,,300000,5881,300000,0,max_function_evaluations,0.0002605029994811048,154.71982759000002,1.973933219909668,3.2214956283569336,,,F21_Composition1,30,APSO
True,3,45,158.51339326348443,function_evaluations,300000,,300000,5881,300000,0,max_function_evaluations,0.0002668189999894821,144.09204971999952,1.9500846862792969,3.2057838439941406,,,F21_Composition1,30,APSO
True,4,46,160.89783753084066,function_evaluations,300000,,300000,5881,300000,0,max_function_evaluations,0.00026726799933385337,139.2145324739995,1.8195371627807617,3.069941520690918,,,F21_Composition1,30,APSO
True,5,47,157.3204616670605,function_evaluations,300000,,300000,5881,300000,0,max_function_evaluations,0.00028699600079562515,124.26404041700061,1.8582162857055664,3.0999813079833984,,,F21_Composition1,30,APSO
True,6,48,157.3283226636795,function_evaluations,300000,,300000,5881,300000,0,max_function_evaluations,0.0003165770003761281,151.9790270859994,2.1277551651000977,3.3844919204711914,,,F21_Composition1,30,APSO
True,7,49,158.05483269281376,function_evaluations,300000,,300000,5882,300000,0,max_function_evaluations,0.000938633999794547,131.2883559560005,1.8446636199951172,3.0908870697021484,,,F21_Composition1,30,APSO
True,8,50,161.45875300299122,function_evaluations,300000,,300000,5882,300000,0,max_function_evaluations,0.00031021500035421923,130.935831924,1.7054309844970703,2.9546146392822266,,,F21_Composition1,30,APSO
True,9,51,161.45878755743433,function_evaluations,300000,,300000,5882,300000,0,max_function_evaluations,0.0023783670003467705,141.57669000499936,1.9753541946411133,3.2233781814575195,,,F21_Composition1,30,APSO
True,10,52,161.49455573185196,function_evaluations,300000,,300000,5882,300000,0,max_function_evaluations,0.0003485650004222407,143.72737702999984,2.062741279602051,3.311711311340332,,,F21_Composition1,30,APSO
True,11,53,161.35769041650656,function_evaluations,300000,,300000,5881,300000,0,max_function_evaluations,0.0002316290001544985,146.17233592699995,1.8247451782226562,3.073261260986328,,,F21_Composition1,30,APSO
True,12,54,161.50153572639283,function_evaluations,300000,,300000,5881,300000,0,max_function_evaluations,0.0002333269994778675,142.34384513999976,1.8513946533203125,3.0928573608398438,,,F21_Composition1,30,APSO
True,13,55,157.3204616413368,function_evaluations,300000,,300000,5881,300000,0,max_function_evaluations,0.00023142699956224533,146.68603797600008,1.7055225372314453,2.9553470611572266,,,F21_Composition1,30,APSO
True,14,56,159.28646491255768,function_evaluations,300000,,300000,5881,300000,0,max_function_evaluations,0.00018171000010624994,128.76663071800067,1.9418601989746094,3.197467803955078,,,F21_Composition1,30,APSO
True,15,57,161.49473196272993,function_evaluations,300000,,300000,5882,300000,0,max_function_evaluations,0.00023071999930834863,149.04992768600005,2.0395002365112305,3.2930784225463867,,,F21_Composition1,30,APSO
True,16,58,160.91749912813748,function_evaluations,300000,,300000,5881,300000,0,max_function_evaluations,0.00026066000009450363,146.09119986399946,1.9187078475952148,3.161482810974121,,,F21_Composition1,30,APSO
True,17,59,157.3961851187446,function_evaluations,300000,,300000,5882,300000,0,max_function_evaluations,0.0002644059995873249,145.70046650200038,2.0347557067871094,3.289783477783203,,,F21_Composition1,30,APSO
True,18,60,161.49450720952018,function_evaluations,300000,,300000,5881,300000,0,max_function_evaluations,0.00023111799964681268,143.3509987719999,2.008570671081543,3.2505979537963867,,,F21_Composition1,30,APSO
True,19,61,160.41145050822342,function_evaluations,300000,,300000,5881,300000,0,max_function_evaluations,0.0002600450006866595,139.44804829799978,1.868943214416504,3.1230173110961914,,,F21_Composition1,30,APSO
True,20,62,160.89886939900134,function_evaluations,300000,,300000,5881,300000,0,max_function_evaluations,0.00024158199994417373,130.72977122700013,1.8508949279785156,3.093852996826172,,,F21_Composition1,30,APSO
True,21,63,162.26668337192405,function_evaluations,300000,,300000,5881,300000,0,max_function_evaluations,0.0002671250003913883,131.93118334599967,1.6957426071166992,2.9369611740112305,,,F21_Composition1,30,APSO
True,22,64,160.39570855577313,function_evaluations,300000,,300000,5881,300000,0,max_function_evaluations,0.0002594280003904714,75.83234101699964,1.9397554397583008,3.195073127746582,,,F21_Composition1,30,APSO
True,23,65,162.04520073313188,function_evaluations,300000,,300000,5881,300000,0,max_function_evaluations,0.00024108799971145345,69.80055691400048,2.07279109954834,3.317854881286621,,,F21_Composition1,30,APSO
True,24,66,159.30676235570127,function_evaluations,300000,,300000,5881,300000,0,max_function_evaluations,0.0002585990005172789,71.68555878200004,1.5320281982421875,2.7758255004882812,,,F21_Composition1,30,APSO
True,0,42,281.29784613709035,function_evaluations,300000,,300000,5999,300000,0,max_function_evaluations,0.0002648170002430561,125.8210160409999,1.203404426574707,1.300459861755371,,,F21_Composition1,30,UAPSO
True,1,43,546.487594484126,function_evaluations,300000,,300000,5999,300000,0,max_function_evaluations,0.000325513999996474,151.41577331100052,1.2326688766479492,1.3296937942504883,,,F21_Composition1,30,UAPSO
True,2,44,260.58748978971835,function_evaluations,300000,,300000,5999,300000,0,max_function_evaluations,0.00029602600079670083,127.08546705400022,1.2123842239379883,1.3077306747436523,,,F21_Composition1,30,UAPSO
True,3,45,275.63045093986966,function_evaluations,300000,,300000,5999,300000,0,max_function_evaluations,0.0002119490000040969,132.13193222900009,1.2104787826538086,1.3061609268188477,,,F21_Composition1,30,UAPSO
True,4,46,295.5043590932046,function_evaluations,300000,,300000,5999,300000,0,max_function_evaluations,0.00038890599989827024,135.48501636200035,1.458414077758789,1.5888862609863281,,,F21_Composition1,30,UAPSO
True,5,47,449.3517293937107,function_evaluations,300000,,300000,5999,300000,0,max_function_evaluations,0.00030825599969830364,134.4176735410001,1.1774015426635742,1.2731142044067383,,,F21_Composition1,30,UAPSO
True,6,48,484.9089486360558,function_evaluations,300000,,300000,5999,300000,0,max_function_evaluations,0.00038685599974996876,138.55013508400043,1.2100448608398438,1.3057756423950195,,,F21_Composition1,30,UAPSO
True,7,49,296.10417994335694,function_evaluations,300000,,300000,5999,300000,0,max_function_evaluations,0.0003346009998494992,140.20619795699986,1.199951171875,1.295206069946289,,,F21_Composition1,30,UAPSO
True,8,50,300.40174493562336,function_evaluations,300000,,300000,5999,300000,0,max_function_evaluations,0.0003236090005884762,155.14427122799952,1.1905946731567383,1.2855443954467773,,,F21_Composition1,30,UAPSO
True,9,51,405.0481940460786,function_evaluations,300000,,300000,5999,300000,0,max_function_evaluations,0.0003824759996859939,138.64439770799981,1.6396865844726562,1.8131275177001953,,,F21_Composition1,30,UAPSO
True,10,52,254.1031295573889,function_evaluations,300000,,300000,5999,300000,0,max_function_evaluations,0.00031981499978428474,134.04229466699962,1.1795806884765625,1.2748661041259766,,,F21_Composition1,30,UAPSO
True,11,53,329.27930445251604,function_evaluations,300000,,300000,5999,300000,0,max_function_evaluations,0.00036996600010752445,140.43354398099927,1.2253856658935547,1.3208236694335938,,,F21_Composition1,30,UAPSO
True,12,54,353.46217012876514,function_evaluations,300000,,300000,5999,300000,0,max_function_evaluations,0.0004255960002410575,152.13060773000052,1.1843843460083008,1.2805547714233398,,,F21_Composition1,30,UAPSO
True,13,55,269.17994933842647,function_evaluations,300000,,300000,5999,300000,0,max_function_evaluations,0.0004249300000083167,133.0659941699996,1.23529052734375,1.331644058227539,,,F21_Composition1,30,UAPSO
True,14,56,287.87002401700147,function_evaluations,300000,,300000,5999,300000,0,max_function_evaluations,0.00026784300007420825,148.2430277129988,1.2164068222045898,1.313614845275879,,,F21_Composition1,30,UAPSO
True,15,57,429.46331039113875,function_evaluations,300000,,300000,5999,300000,0,max_function_evaluations,0.00038731399945390876,127.36706892199982,1.2212400436401367,1.3172883987426758,,,F21_Composition1,30,UAPSO
True,16,58,518.0160196097686,function_evaluations,300000,,300000,5999,300000,0,max_function_evaluations,0.00037550700017163763,140.35192248400017,1.2204275131225586,1.3169336318969727,,,F21_Composition1,30,UAPSO
True,17,59,261.4991224041728,function_evaluations,300000,,300000,5999,300000,0,max_function_evaluations,0.0003676469996207743,141.1127990319992,1.2929668426513672,1.3916397094726562,,,F21_Composition1,30,UAPSO
True,18,60,258.7112586157573,function_evaluations,300000,,300000,5999,300000,0,max_function_evaluations,0.0003755289999389788,128.47614483600046,1.2174558639526367,1.3143892288208008,,,F21_Composition1,30,UAPSO
True,19,61,511.39761302171155,function_evaluations,300000,,300000,5999,300000,0,max_function_evaluations,0.0003894849996868288,137.39606205199925,1.220132827758789,1.3165168762207031,,,F21_Composition1,30,UAPSO
True,20,62,310.4366646735557,function_evaluations,300000,,300000,5999,300000,0,max_function_evaluations,0.00036549200012814254,131.05904142000054,1.1951322555541992,1.2913637161254883,,,F21_Composition1,30,UAPSO
True,21,63,350.0699662845982,function_evaluations,300000,,300000,5999,300000,0,max_function_evaluations,0.0004470769999898039,133.6463013470002,1.202010154724121,1.2968683242797852,,,F21_Composition1,30,UAPSO
True,22,64,548.7960769700294,function_evaluations,300000,,300000,5999,300000,0,max_function_evaluations,0.00038186299934750423,69.0656926240008,1.204188346862793,1.300969123840332,,,F21_Composition1,30,UAPSO
True,23,65,253.92165213291082,function_evaluations,300000,,300000,5999,300000,0,max_function_evaluations,0.00036896699930366594,66.10770522299936,1.2596187591552734,1.3545989990234375,,,F21_Composition1,30,UAPSO
True,24,66,319.7197585798085,function_evaluations,300000,,300000,5999,300000,0,max_function_evaluations,0.0003742239987332141,66.95812181699876,1.5712080001831055,1.7319536209106445,,,F21_Composition1,30,UAPSO
