success,run_id,seed,best_fitness,stop_mode,budget_value,requested_n_iterations,requested_max_function_evaluations,completed_iterations,n_function_evaluations,unused_function_evaluations,termination_reason,initialization_time_s,execution_time_s,current_python_memory_mb,peak_python_memory_mb,error_type,error_message,benchmark,dim,algorithm
True,0,42,5224008364.325828,function_evaluations,500000,,500000,9999,500000,0,max_function_evaluations,0.01912958599999115,26.270189200999994,1.8460826873779297,2.0020761489868164,,,F1_BentCigar,50,PSO
True,1,43,5009834453.243974,function_evaluations,500000,,500000,9999,500000,0,max_function_evaluations,0.018202410999975882,25.950428546000012,1.8612699508666992,2.017613410949707,,,F1_BentCigar,50,PSO
True,2,44,6417856683.354152,function_evaluations,500000,,500000,9999,500000,0,max_function_evaluations,0.019224965000006478,32.68362613400001,1.8803510665893555,2.036036491394043,,,F1_BentCigar,50,PSO
True,3,45,7015277645.419631,function_evaluations,500000,,500000,9999,500000,0,max_function_evaluations,0.01871945299998856,33.754641308000004,1.8773603439331055,2.033510208129883,,,F1_BentCigar,50,PSO
True,4,46,4196766642.8589168,function_evaluations,500000,,500000,9999,500000,0,max_function_evaluations,0.01865100899999561,31.892923518999993,1.8673391342163086,2.0239572525024414,,,F1_BentCigar,50,PSO
True,5,47,6193972676.386154,function_evaluations,500000,,500000,9999,500000,0,max_function_evaluations,0.018054726999992,22.219194481000017,1.863511085510254,2.019516944885254,,,F1_BentCigar,50,PSO
True,6,48,10504725301.502445,function_evaluations,500000,,500000,9999,500000,0,max_function_evaluations,0.017725302999991754,26.337121437999997,1.8657140731811523,2.02230167388916,,,F1_BentCigar,50,PSO
True,7,49,8101186526.70521,function_evaluations,500000,,500000,9999,500000,0,max_function_evaluations,0.017294209999988652,18.55405333600001,1.8609609603881836,2.0172433853149414,,,F1_BentCigar,50,PSO
True,8,50,12545243290.122498,function_evaluations,500000,,500000,9999,500000,0,max_function_evaluations,0.010946450000005825,21.199950171000012,1.8765573501586914,2.0328292846679688,,,F1_BentCigar,50,PSO
True,9,51,2902141300.197844,function_evaluations,500000,,500000,9999,500000,0,max_function_evaluations,0.01829299199999923,34.015514223000025,1.8679475784301758,2.0244970321655273,,,F1_BentCigar,50,PSO
True,10,52,2340619748.044321,function_evaluations,500000,,500000,9999,500000,0,max_function_evaluations,0.017606780999983584,25.570996340000022,1.8517417907714844,2.0076704025268555,,,F1_BentCigar,50,PSO
True,11,53,4573434408.323028,function_evaluations,500000,,500000,9999,500000,0,max_function_evaluations,0.0004023770000003424,43.81763386100002,1.2147750854492188,1.3713321685791016,,,F1_BentCigar,50,PSO
True,12,54,3255669617.563007,function_evaluations,500000,,500000,9999,500000,0,max_function_evaluations,0.00040518000000133725,40.271132131,1.2098464965820312,1.3660831451416016,,,F1_BentCigar,50,PSO
True,13,55,6548696081.901193,function_evaluations,500000,,500000,9999,500000,0,max_function_evaluations,0.0005194569999957821,45.123841707,1.193450927734375,1.3494892120361328,,,F1_BentCigar,50,PSO
True,14,56,4064365639.568559,function_evaluations,500000,,500000,9999,500000,0,max_function_evaluations,0.00019879799998534509,46.492699918,1.2115402221679688,1.367441177368164,,,F1_BentCigar,50,PSO
True,15,57,13769085907.778143,function_evaluations,500000,,500000,9999,500000,0,max_function_evaluations,0.00036371299998450013,45.33889980499998,1.2184219360351562,1.374399185180664,,,F1_BentCigar,50,PSO
True,16,58,16214981350.288248,function_evaluations,500000,,500000,9999,500000,0,max_function_evaluations,0.00029338900000652757,44.32797382700002,1.1909866333007812,1.3467044830322266,,,F1_BentCigar,50,PSO
True,17,59,17083340729.941591,function_evaluations,500000,,500000,9999,500000,0,max_function_evaluations,0.0012833989999876394,45.29353158699999,1.2052078247070312,1.3610782623291016,,,F1_BentCigar,50,PSO
True,18,60,7363721577.522489,function_evaluations,500000,,500000,9999,500000,0,max_function_evaluations,0.0032802790000232562,44.84709505500001,1.2031936645507812,1.3593692779541016,,,F1_BentCigar,50,PSO
True,19,61,15887453152.307447,function_evaluations,500000,,500000,9999,500000,0,max_function_evaluations,0.0005372219999912886,40.211666482,1.197021484375,1.3532886505126953,,,F1_BentCigar,50,PSO
True,20,62,4853745890.037326,function_evaluations,500000,,500000,9999,500000,0,max_function_evaluations,0.0005478909999965254,40.059726136999984,1.201019287109375,1.3566150665283203,,,F1_BentCigar,50,PSO
True,21,63,5125015297.258989,function_evaluations,500000,,500000,9999,500000,0,max_function_evaluations,0.0005121609999889642,40.79952210900001,1.221038818359375,1.3766040802001953,,,F1_BentCigar,50,PSO
True,22,64,4129754369.0086355,function_evaluations,500000,,500000,9999,500000,0,max_function_evaluations,0.0014359649999846624,22.344322632,1.165069580078125,1.3208332061767578,,,F1_BentCigar,50,PSO
True,23,65,3141962414.7991414,function_evaluations,500000,,500000,9999,500000,0,max_function_evaluations,0.0004002830000047197,20.360504053,1.1888427734375,1.3449878692626953,,,F1_BentCigar,50,PSO
True,24,66,5567785237.884008,function_evaluations,500000,,500000,9999,500000,0,max_function_evaluations,0.0004837289999954919,17.44429821099999,1.2259063720703125,1.3827686309814453,,,F1_BentCigar,50,PSO
True,0,42,9256895608.588736,function_evaluations,500000,,500000,9999,500000,0,max_function_evaluations,0.00037859700000808516,27.940479512999985,1.5743789672851562,1.7307300567626953,,,F1_BentCigar,50,PSOLVIW
True,1,43,1814097504.7076302,function_evaluations,500000,,500000,9999,500000,0,max_function_evaluations,0.0003299460000221188,28.197407776999995,1.5754623413085938,1.7316608428955078,,,F1_BentCigar,50,PSOLVIW
True,2,44,7851124280.460478,function_evaluations,500000,,500000,9999,500000,0,max_function_evaluations,0.000501256999996258,30.63629653999999,1.5827789306640625,1.7420291900634766,,,F1_BentCigar,50,PSOLVIW
True,3,45,2939700262.426398,function_evaluations,500000,,500000,9999,500000,0,max_function_evaluations,0.0005509529999869756,30.460370275000002,1.5573883056640625,1.7164554595947266,,,F1_BentCigar,50,PSOLVIW
True,4,46,8398057274.232766,function_evaluations,500000,,500000,9999,500000,0,max_function_evaluations,0.0004933540000138237,26.754756216000004,1.602447509765625,1.758462905883789,,,F1_BentCigar,50,PSOLVIW
True,5,47,17905102760.449512,function_evaluations,500000,,500000,9999,500000,0,max_function_evaluations,0.0005884469999841713,29.154519332999996,1.5520477294921875,1.708139419555664,,,F1_BentCigar,50,PSOLVIW
True,6,48,4352135729.632324,function_evaluations,500000,,500000,9999,500000,0,max_function_evaluations,0.0005693780000228799,29.307421733000012,1.560089111328125,1.718820571899414,,,F1_BentCigar,50,PSOLVIW
True,7,49,4388610688.962077,function_evaluations,500000,,500000,9999,500000,0,max_function_evaluations,0.0006037439999886374,28.418915949999985,1.5515594482421875,1.7075443267822266,,,F1_BentCigar,50,PSOLVIW
True,8,50,2058489992.2284718,function_evaluations,500000,,500000,9999,500000,0,max_function_evaluations,0.0006553499999881751,29.553292534999997,1.58843994140625,1.746713638305664,,,F1_BentCigar,50,PSOLVIW
True,9,51,3654092090.4075837,function_evaluations,500000,,500000,9999,500000,0,max_function_evaluations,0.0006874819999893589,27.480432447999988,1.55938720703125,1.7176151275634766,,,F1_BentCigar,50,PSOLVIW
True,10,52,7105327104.31541,function_evaluations,500000,,500000,9999,500000,0,max_function_evaluations,0.00067699199999538,29.129428351,1.5668258666992188,1.7245807647705078,,,F1_BentCigar,50,PSOLVIW
True,11,53,2745915278.3680735,function_evaluations,500000,,500000,9999,500000,0,max_function_evaluations,0.0002849219999916386,17.29109594999997,1.5903167724609375,1.748331069946289,,,F1_BentCigar,50,PSOLVIW
True,12,54,3696596965.692251,function_evaluations,500000,,500000,9999,500000,0,max_function_evaluations,0.00024556100001404957,19.440066163999973,1.5706710815429688,1.7276782989501953,,,F1_BentCigar,50,PSOLVIW
True,13,55,16131921378.3396,function_evaluations,500000,,500000,9999,500000,0,max_function_evaluations,0.00026553100002502106,17.798488446999983,1.572235107421875,1.728799819946289,,,F1_BentCigar,50,PSOLVIW
True,14,56,3711327406.0983343,function_evaluations,500000,,500000,9999,500000,0,max_function_evaluations,0.0024554710000188607,20.27131432600001,1.5648880004882812,1.7227497100830078,,,F1_BentCigar,50,PSOLVIW
True,15,57,4751281186.868749,function_evaluations,500000,,500000,9999,500000,0,max_function_evaluations,0.0003057739999974274,18.351051436999995,1.5648880004882812,1.7228717803955078,,,F1_BentCigar,50,PSOLVIW
True,16,58,3138592480.000987,function_evaluations,500000,,500000,9999,500000,0,max_function_evaluations,0.00028268500000194763,16.35922085499999,1.5942535400390625,1.750436782836914,,,F1_BentCigar,50,PSOLVIW
True,17,59,134256423.22059494,function_evaluations,500000,,500000,9999,500000,0,max_function_evaluations,0.0002463049999903433,19.754348644000032,1.57659912109375,1.7361087799072266,,,F1_BentCigar,50,PSOLVIW
True,18,60,8158138675.808898,function_evaluations,500000,,500000,9999,500000,0,max_function_evaluations,0.0002508730000272408,18.400760690999988,1.574920654296875,1.7311954498291016,,,F1_BentCigar,50,PSOLVIW
True,19,61,23883450257.76248,function_evaluations,500000,,500000,9999,500000,0,max_function_evaluations,0.00024693599999636717,17.771026043999996,1.7165451049804688,1.877145767211914,,,F1_BentCigar,50,PSOLVIW
True,20,62,6009417980.377516,function_evaluations,500000,,500000,9999,500000,0,max_function_evaluations,0.0002522180000141816,14.17884362000001,1.5843734741210938,1.7432880401611328,,,F1_BentCigar,50,PSOLVIW
True,21,63,989308455.331775,function_evaluations,500000,,500000,9999,500000,0,max_function_evaluations,0.0002999489999808702,14.70991344700002,1.5887908935546875,1.7469730377197266,,,F1_BentCigar,50,PSOLVIW
True,22,64,14050030190.006115,function_evaluations,500000,,500000,9999,500000,0,max_function_evaluations,0.0002472929999726148,9.12974313899997,1.6879119873046875,1.8452014923095703,,,F1_BentCigar,50,PSOLVIW
True,23,65,5048428403.590144,function_evaluations,500000,,500000,9999,500000,0,max_function_evaluations,0.0002734970000233261,8.620640237000032,1.5564346313476562,1.7156238555908203,,,F1_BentCigar,50,PSOLVIW
True,24,66,10109215851.116404,function_evaluations,500000,,500000,9999,500000,0,max_function_evaluations,0.00028236500003231413,8.244316487000049,1.6861190795898438,1.8439350128173828,,,F1_BentCigar,50,PSOLVIW
True,0,42,604.9955273295066,function_evaluations,500000,,500000,9999,500000,0,max_function_evaluations,0.00015724999997246414,20.32943020099998,3.1910781860351562,3.5818729400634766,,,F1_BentCigar,50,PSOTVAC
True,1,43,1531.0997173412768,function_evaluations,500000,,500000,9999,500000,0,max_function_evaluations,0.0001969740000049569,16.027596806999952,3.4274520874023438,3.855020523071289,,,F1_BentCigar,50,PSOTVAC
True,2,44,6093.960702215263,function_evaluations,500000,,500000,9999,500000,0,max_function_evaluations,0.00020479199997680553,15.714472205999982,3.0364303588867188,3.3945865631103516,,,F1_BentCigar,50,PSOTVAC
True,3,45,29652.59778866273,function_evaluations,500000,,500000,9999,500000,0,max_function_evaluations,0.00019861499998796717,19.670695665999972,3.327850341796875,3.7553882598876953,,,F1_BentCigar,50,PSOTVAC
True,4,46,19069.998869347426,function_evaluations,500000,,500000,9999,500000,0,max_function_evaluations,0.00019892000000254484,17.455815950999977,3.4353485107421875,3.862886428833008,,,F1_BentCigar,50,PSOTVAC
True,5,47,3486.320732658056,function_evaluations,500000,,500000,9999,500000,0,max_function_evaluations,0.0002517969999757952,18.26828800300001,3.073822021484375,3.431978225708008,,,F1_BentCigar,50,PSOTVAC
True,6,48,785.0371476157277,function_evaluations,500000,,500000,9999,500000,0,max_function_evaluations,0.00019602700001541962,18.023191679000035,3.3759078979492188,3.803476333618164,,,F1_BentCigar,50,PSOTVAC
True,7,49,822.431214733899,function_evaluations,500000,,500000,9999,500000,0,max_function_evaluations,0.00020447399998602123,16.130313014000023,3.2508163452148438,3.641641616821289,,,F1_BentCigar,50,PSOTVAC
True,8,50,2340.342894588427,function_evaluations,500000,,500000,9999,500000,0,max_function_evaluations,0.00025723699997115546,15.888571286000001,3.2143173217773438,3.605112075805664,,,F1_BentCigar,50,PSOTVAC
True,9,51,2479317538.67268,function_evaluations,500000,,500000,9999,500000,0,max_function_evaluations,0.00025093900001138536,18.923287416999983,2.7985916137695312,3.101938247680664,,,F1_BentCigar,50,PSOTVAC
True,10,52,1255.493279206104,function_evaluations,500000,,500000,9999,500000,0,max_function_evaluations,0.00019495300000471616,17.685032863999993,3.4383392333984375,3.8658924102783203,,,F1_BentCigar,50,PSOTVAC
True,11,53,31763.689777477684,function_evaluations,500000,,500000,9999,500000,0,max_function_evaluations,0.00024278199998661876,17.947478934000003,2.1306381225585938,2.2928333282470703,,,F1_BentCigar,50,PSOTVAC
True,12,54,11377.075090954999,function_evaluations,500000,,500000,9999,500000,0,max_function_evaluations,0.00029998799999475523,19.853154804999974,3.2061538696289062,3.596933364868164,,,F1_BentCigar,50,PSOTVAC
True,13,55,2289.8332575316645,function_evaluations,500000,,500000,9999,500000,0,max_function_evaluations,0.0003057480000165924,18.23482964799996,3.1265182495117188,3.484659194946289,,,F1_BentCigar,50,PSOTVAC
True,14,56,1229.7294627520898,function_evaluations,500000,,500000,9999,500000,0,max_function_evaluations,0.0002518710000458668,19.811824661999992,3.5633621215820312,4.032236099243164,,,F1_BentCigar,50,PSOTVAC
True,15,57,28676.834380931938,function_evaluations,500000,,500000,9999,500000,0,max_function_evaluations,0.0002581950000148936,15.837863798,3.439056396484375,3.866579055786133,,,F1_BentCigar,50,PSOTVAC
True,16,58,1679847253.4894936,function_evaluations,500000,,500000,9999,500000,0,max_function_evaluations,0.000258406999989802,17.30749940999999,2.9131317138671875,3.2422657012939453,,,F1_BentCigar,50,PSOTVAC
True,17,59,134256423.2205972,function_evaluations,500000,,500000,9999,500000,0,max_function_evaluations,0.00024306299997078895,14.926488729000027,2.0641555786132812,2.221376419067383,,,F1_BentCigar,50,PSOTVAC
True,18,60,132.38413963481835,function_evaluations,500000,,500000,9999,500000,0,max_function_evaluations,0.00026124599997956466,18.23152130400001,3.5501251220703125,4.018983840942383,,,F1_BentCigar,50,PSOTVAC
True,19,61,4019.7125831906033,function_evaluations,500000,,500000,9999,500000,0,max_function_evaluations,0.0002578050000465737,17.816700811000032,3.161163330078125,3.551942825317383,,,F1_BentCigar,50,PSOTVAC
True,20,62,134256423.22059512,function_evaluations,500000,,500000,9999,500000,0,max_function_evaluations,0.0002490489999900092,16.095333149999988,2.01324462890625,2.170755386352539,,,F1_BentCigar,50,PSOTVAC
True,21,63,15341.084238950472,function_evaluations,500000,,500000,9999,500000,0,max_function_evaluations,0.0002566449999790166,16.651728327,3.5111770629882812,3.980020523071289,,,F1_BentCigar,50,PSOTVAC
True,22,64,8922.91625736832,function_evaluations,500000,,500000,9999,500000,0,max_function_evaluations,0.00024358999996820785,8.81784496900002,3.1336441040039062,3.4917469024658203,,,F1_BentCigar,50,PSOTVAC
True,23,65,10735.436164448869,function_evaluations,500000,,500000,9999,500000,0,max_function_evaluations,0.000258768999970016,9.036549716000025,3.2089157104492188,3.5996646881103516,,,F1_BentCigar,50,PSOTVAC
True,24,66,9191.378693222903,function_evaluations,500000,,500000,9999,500000,0,max_function_evaluations,0.00023655500001495966,8.554704155000024,2.9888153076171875,3.3179492950439453,,,F1_BentCigar,50,PSOTVAC
True,0,42,7331449487.974149,function_evaluations,500000,,500000,9999,500000,0,max_function_evaluations,0.00021471299999120674,17.997211202000017,1.6167068481445312,1.7748661041259766,,,F1_BentCigar,50,APSOVI
True,1,43,3344459413.604019,function_evaluations,500000,,500000,9999,500000,0,max_function_evaluations,0.00015166099996122284,18.870917828000017,1.6448516845703125,1.804758071899414,,,F1_BentCigar,50,APSOVI
True,2,44,5474007211.2245,function_evaluations,500000,,500000,9999,500000,0,max_function_evaluations,0.0002134320000095613,17.126432729000044,1.6591262817382812,1.8163623809814453,,,F1_BentCigar,50,APSOVI
True,3,45,8762393005.415224,function_evaluations,500000,,500000,9999,500000,0,max_function_evaluations,0.00025293400000236943,19.159380892,1.6717987060546875,1.8323612213134766,,,F1_BentCigar,50,APSOVI
True,4,46,4304265776.237122,function_evaluations,500000,,500000,9999,500000,0,max_function_evaluations,0.0002592920000097365,21.01809857500001,1.5812225341796875,1.7415180206298828,,,F1_BentCigar,50,APSOVI
True,5,47,24377206853.59293,function_evaluations,500000,,500000,9999,500000,0,max_function_evaluations,0.00020600400000603258,19.567127203999974,1.6149673461914062,1.7729358673095703,,,F1_BentCigar,50,APSOVI
True,6,48,5598601544.378886,function_evaluations,500000,,500000,9999,500000,0,max_function_evaluations,0.00019991800002117088,16.61225925900004,1.4878768920898438,1.6443729400634766,,,F1_BentCigar,50,APSOVI
True,7,49,12828227054.501623,function_evaluations,500000,,500000,9999,500000,0,max_function_evaluations,0.0002470020000373552,16.033660192000013,1.6431198120117188,1.8028583526611328,,,F1_BentCigar,50,APSOVI
True,8,50,10157890842.352299,function_evaluations,500000,,500000,9999,500000,0,max_function_evaluations,0.00019501299999546973,18.607217425999977,1.5884628295898438,1.747293472290039,,,F1_BentCigar,50,APSOVI
True,9,51,7389387644.458823,function_evaluations,500000,,500000,9999,500000,0,max_function_evaluations,0.00022493599999506841,15.966927295000005,1.6448516845703125,1.804513931274414,,,F1_BentCigar,50,APSOVI
True,10,52,2129960458.2855031,function_evaluations,500000,,500000,9999,500000,0,max_function_evaluations,0.0002048889999741732,17.978266409999947,1.4705886840820312,1.627817153930664,,,F1_BentCigar,50,APSOVI
True,11,53,9027361085.236902,function_evaluations,500000,,500000,9999,500000,0,max_function_evaluations,0.00025940599999785263,20.818399579000015,1.6325302124023438,1.7881412506103516,,,F1_BentCigar,50,APSOVI
True,12,54,29544497408.684464,function_evaluations,500000,,500000,9999,500000,0,max_function_evaluations,0.0002438539999616296,16.780863081999996,1.6267166137695312,1.783426284790039,,,F1_BentCigar,50,APSOVI
True,13,55,1679883594.317886,function_evaluations,500000,,500000,9999,500000,0,max_function_evaluations,0.0002895620000344934,18.85021420100003,1.510955810546875,1.6665668487548828,,,F1_BentCigar,50,APSOVI
True,14,56,5523204332.010432,function_evaluations,500000,,500000,9999,500000,0,max_function_evaluations,0.00026890300000559364,18.739135895999993,1.5395889282226562,1.6950931549072266,,,F1_BentCigar,50,APSOVI
True,15,57,8289846331.953334,function_evaluations,500000,,500000,9999,500000,0,max_function_evaluations,0.0002403020000087963,17.985632264999992,1.5099411010742188,1.668161392211914,,,F1_BentCigar,50,APSOVI
True,16,58,16163350789.291376,function_evaluations,500000,,500000,9999,500000,0,max_function_evaluations,0.00018196399997805202,18.660948606999966,1.5962448120117188,1.7533283233642578,,,F1_BentCigar,50,APSOVI
True,17,59,3676807362.237176,function_evaluations,500000,,500000,9999,500000,0,max_function_evaluations,0.0002457150000054753,15.766075854999997,1.511627197265625,1.6701068878173828,,,F1_BentCigar,50,APSOVI
True,18,60,8341262153.372807,function_evaluations,500000,,500000,9999,500000,0,max_function_evaluations,0.0002571769999804019,16.918425255000045,1.6496047973632812,1.809976577758789,,,F1_BentCigar,50,APSOVI
True,19,61,4528506086.335422,function_evaluations,500000,,500000,9999,500000,0,max_function_evaluations,0.000242726000010407,17.04880945100001,1.5515518188476562,1.7089176177978516,,,F1_BentCigar,50,APSOVI
True,20,62,1008679585.7195277,function_evaluations,500000,,500000,9999,500000,0,max_function_evaluations,0.0003061709999769846,17.017910855999958,1.6304931640625,1.7858600616455078,,,F1_BentCigar,50,APSOVI
True,21,63,6779419203.975242,function_evaluations,500000,,500000,9999,500000,0,max_function_evaluations,0.0002821749999952772,15.900967856000022,1.6741104125976562,1.835916519165039,,,F1_BentCigar,50,APSOVI
True,22,64,7180677441.649577,function_evaluations,500000,,500000,9999,500000,0,max_function_evaluations,0.0002407870000524781,10.328400846000022,1.5841827392578125,1.7399921417236328,,,F1_BentCigar,50,APSOVI
True,23,65,2459996098.5577097,function_evaluations,500000,,500000,9999,500000,0,max_function_evaluations,0.00027594599998792546,9.314758292000022,1.6024169921875,1.7630023956298828,,,F1_BentCigar,50,APSOVI
True,24,66,22952884438.86645,function_evaluations,500000,,500000,9999,500000,0,max_function_evaluations,0.0002483439999991788,8.068330000000003,1.665252685546875,1.821359634399414,,,F1_BentCigar,50,APSOVI
True,0,42,70.76585479707518,function_evaluations,500000,,500000,9803,500000,0,max_function_evaluations,0.00016051099999003782,31.40532864300002,2.621365547180176,4.665905952453613,,,F1_BentCigar,50,APSO
True,1,43,6030.071985144822,function_evaluations,500000,,500000,9803,500000,0,max_function_evaluations,0.0002361169999858248,32.91270041300004,2.531038284301758,4.574480056762695,,,F1_BentCigar,50,APSO
True,2,44,1390.8542620323717,function_evaluations,500000,,500000,9803,500000,0,max_function_evaluations,0.0004369829999859576,32.484492816,3.051687240600586,5.098272323608398,,,F1_BentCigar,50,APSO
True,3,45,2975.4110684733805,function_evaluations,500000,,500000,9803,500000,0,max_function_evaluations,0.0004732740000008562,33.727933796,2.747488021850586,4.801427841186523,,,F1_BentCigar,50,APSO
True,4,46,4625.941154380035,function_evaluations,500000,,500000,9803,500000,0,max_function_evaluations,0.00039902100002109364,28.847912855999994,2.9487123489379883,4.995450019836426,,,F1_BentCigar,50,APSO
True,5,47,31763.689777408035,function_evaluations,500000,,500000,9803,500000,0,max_function_evaluations,0.0003708290000190573,31.840244958000028,2.3323564529418945,4.3768205642700195,,,F1_BentCigar,50,APSO
True,6,48,0.2336417020213446,function_evaluations,500000,,500000,9803,500000,0,max_function_evaluations,0.00047443099998645266,32.79852046399998,2.799191474914551,4.841473579406738,,,F1_BentCigar,50,APSO
True,7,49,25.196626267375947,function_evaluations,500000,,500000,9803,500000,0,max_function_evaluations,0.000383532999990166,34.514565980999976,2.5768890380859375,4.627288818359375,,,F1_BentCigar,50,APSO
True,8,50,31763.689777408028,function_evaluations,500000,,500000,9803,500000,0,max_function_evaluations,0.0003604940000059287,29.61591722899999,2.321406364440918,4.364985466003418,,,F1_BentCigar,50,APSO
True,9,51,522.0530363170915,function_evaluations,500000,,500000,9803,500000,0,max_function_evaluations,0.00039540099999157974,32.39136750900002,2.770970344543457,4.822270393371582,,,F1_BentCigar,50,APSO
True,10,52,31763.689777408043,function_evaluations,500000,,500000,9803,500000,0,max_function_evaluations,0.00039958499996828323,31.20501998399999,2.35015869140625,4.3951416015625,,,F1_BentCigar,50,APSO
True,11,53,2308.2876958070956,function_evaluations,500000,,500000,9803,500000,0,max_function_evaluations,0.0003618449999862605,31.22074552500004,2.991771697998047,5.049701690673828,,,F1_BentCigar,50,APSO
True,12,54,9831.257638451661,function_evaluations,500000,,500000,9803,500000,0,max_function_evaluations,0.000278725000043778,33.681415783000034,2.334845542907715,4.378989219665527,,,F1_BentCigar,50,APSO
True,13,55,3828.794884063215,function_evaluations,500000,,500000,9803,500000,0,max_function_evaluations,0.00037227000001394117,30.256260039999972,2.9680824279785156,5.012889862060547,,,F1_BentCigar,50,APSO
True,14,56,57.902785716196746,function_evaluations,500000,,500000,9803,500000,0,max_function_evaluations,0.00033617799999774434,31.348920786999997,2.7988080978393555,4.842947959899902,,,F1_BentCigar,50,APSO
True,15,57,26680.72372212916,function_evaluations,500000,,500000,9803,500000,0,max_function_evaluations,0.00029173199999377175,33.289711857999976,2.7846288681030273,4.840643882751465,,,F1_BentCigar,50,APSO
True,16,58,9831.257638451661,function_evaluations,500000,,500000,9803,500000,0,max_function_evaluations,0.0010578110000096785,30.697116117999997,2.3249950408935547,4.367673873901367,,,F1_BentCigar,50,APSO
True,17,59,11743.054574159323,function_evaluations,500000,,500000,9803,500000,0,max_function_evaluations,0.000368404000028022,31.37587123100002,2.915297508239746,4.966826438903809,,,F1_BentCigar,50,APSO
True,18,60,7333.385578633289,function_evaluations,500000,,500000,9803,500000,0,max_function_evaluations,0.0003016340000385753,32.00851328699997,2.61940860748291,4.662285804748535,,,F1_BentCigar,50,APSO
True,19,61,216.76496881143396,function_evaluations,500000,,500000,9803,500000,0,max_function_evaluations,0.00035717700001214325,31.72778888700003,2.787360191345215,4.83341121673584,,,F1_BentCigar,50,APSO
True,20,62,8482.172804293947,function_evaluations,500000,,500000,9803,500000,0,max_function_evaluations,0.0003763219999655121,31.712481223999987,3.072262763977051,5.134488105773926,,,F1_BentCigar,50,APSO
True,21,63,825.3637105827671,function_evaluations,500000,,500000,9803,500000,0,max_function_evaluations,0.00032327900004247567,30.13879190600005,2.6687278747558594,4.712444305419922,,,F1_BentCigar,50,APSO
True,22,64,9.307954607347682,function_evaluations,500000,,500000,9803,500000,0,max_function_evaluations,0.00031497899999521906,14.727042365000045,2.7986059188842773,4.85428524017334,,,F1_BentCigar,50,APSO
True,23,65,590.3691910601226,function_evaluations,500000,,500000,9803,500000,0,max_function_evaluations,0.0002752890000010666,13.408733906999998,2.932252883911133,4.979677200317383,,,F1_BentCigar,50,APSO
True,24,66,7286.679034660707,function_evaluations,500000,,500000,9803,500000,0,max_function_evaluations,0.00027621700002100624,12.967419995,2.579617500305176,4.630200386047363,,,F1_BentCigar,50,APSO
True,0,42,17922783257.00206,function_evaluations,500000,,500000,9999,500000,0,max_function_evaluations,0.0004592120000097566,22.744102923000014,1.9972991943359375,2.1555347442626953,,,F1_BentCigar,50,UAPSO
True,1,43,19232599748.898483,function_evaluations,500000,,500000,9999,500000,0,max_function_evaluations,0.0002934739999886915,22.996401763999984,1.9547510147094727,2.1117963790893555,,,F1_BentCigar,50,UAPSO
True,2,44,4779702820.317239,function_evaluations,500000,,500000,9999,500000,0,max_function_evaluations,0.00026633999999603475,20.019642931999954,2.051760673522949,2.208226203918457,,,F1_BentCigar,50,UAPSO
True,3,45,15145385250.360765,function_evaluations,500000,,500000,9999,500000,0,max_function_evaluations,0.00037729000001718305,20.344442396999966,2.0033035278320312,2.1603641510009766,,,F1_BentCigar,50,UAPSO
True,4,46,8010243372.470051,function_evaluations,500000,,500000,9999,500000,0,max_function_evaluations,0.0003819890000045234,18.435239041999978,1.9713220596313477,2.1279706954956055,,,F1_BentCigar,50,UAPSO
True,5,47,3779547896.9452696,function_evaluations,500000,,500000,9999,500000,0,max_function_evaluations,0.00044804599997405603,24.700694372999976,1.9675121307373047,2.1252317428588867,,,F1_BentCigar,50,UAPSO
True,6,48,30325135886.718933,function_evaluations,500000,,500000,9999,500000,0,max_function_evaluations,0.0004414659999838477,22.37386496099998,1.9681549072265625,2.1257553100585938,,,F1_BentCigar,50,UAPSO
True,7,49,2093732542.0778117,function_evaluations,500000,,500000,9999,500000,0,max_function_evaluations,0.0004238329999566304,19.975800198,1.9434518814086914,2.0994443893432617,,,F1_BentCigar,50,UAPSO
True,8,50,21936175753.792484,function_evaluations,500000,,500000,9999,500000,0,max_function_evaluations,0.00037169700004824335,20.257651995000003,2.0502967834472656,2.207174301147461,,,F1_BentCigar,50,UAPSO
True,9,51,3900665113.481575,function_evaluations,500000,,500000,9999,500000,0,max_function_evaluations,0.00036210000001801745,23.0804038,1.955160140991211,2.1113967895507812,,,F1_BentCigar,50,UAPSO
True,10,52,14238114502.507881,function_evaluations,500000,,500000,9999,500000,0,max_function_evaluations,0.00035017200002585014,19.34742109299998,1.996708869934082,2.1556949615478516,,,F1_BentCigar,50,UAPSO
True,11,53,33733412666.205162,function_evaluations,500000,,500000,9999,500000,0,max_function_evaluations,0.0004174300000272524,18.903874316000042,1.9192276000976562,2.0770511627197266,,,F1_BentCigar,50,UAPSO
True,12,54,39080651035.49725,function_evaluations,500000,,500000,9999,500000,0,max_function_evaluations,0.0004267560000243975,23.285157077999997,2.285137176513672,2.484373092651367,,,F1_BentCigar,50,UAPSO
True,13,55,13574878345.577694,function_evaluations,500000,,500000,9999,500000,0,max_function_evaluations,0.0004673389999538813,22.179043159999992,2.0130615234375,2.171998977661133,,,F1_BentCigar,50,UAPSO
True,14,56,11552639566.179947,function_evaluations,500000,,500000,9999,500000,0,max_function_evaluations,0.0002956899999730922,19.520057098999985,1.9560184478759766,2.114696502685547,,,F1_BentCigar,50,UAPSO
True,15,57,4259724235.8262243,function_evaluations,500000,,500000,9999,500000,0,max_function_evaluations,0.00048350100001925966,22.65964465899998,1.992532730102539,2.151317596435547,,,F1_BentCigar,50,UAPSO
True,16,58,11450874232.153282,function_evaluations,500000,,500000,9999,500000,0,max_function_evaluations,0.0005209959999774583,21.312108144000035,1.982243537902832,2.13919734954834,,,F1_BentCigar,50,UAPSO
True,17,59,37145855902.09096,function_evaluations,500000,,500000,9999,500000,0,max_function_evaluations,0.00038017299999637544,20.524098793000007,1.9506397247314453,2.1073646545410156,,,F1_BentCigar,50,UAPSO
True,18,60,34629132992.24747,function_evaluations,500000,,500000,9999,500000,0,max_function_evaluations,0.0004130709999685678,20.231723782000017,1.952341079711914,2.109163284301758,,,F1_BentCigar,50,UAPSO
True,19,61,60096685185.66314,function_evaluations,500000,,500000,9999,500000,0,max_function_evaluations,0.0004696610000110013,21.042215281999972,2.048394203186035,2.206937789916992,,,F1_BentCigar,50,UAPSO
True,20,62,18633224995.70689,function_evaluations,500000,,500000,9999,500000,0,max_function_evaluations,0.00047059499996748855,21.33959299700001,2.0266571044921875,2.1833086013793945,,,F1_BentCigar,50,UAPSO
True,21,63,30624824056.29414,function_evaluations,500000,,500000,9999,500000,0,max_function_evaluations,0.0004246519999924203,18.775887477000026,2.018620491027832,2.17642879486084,,,F1_BentCigar,50,UAPSO
True,22,64,37003824609.97035,function_evaluations,500000,,500000,9999,500000,0,max_function_evaluations,0.000401748999991014,13.085283468,1.9583187103271484,2.1167373657226562,,,F1_BentCigar,50,UAPSO
True,23,65,17284896711.71503,function_evaluations,500000,,500000,9999,500000,0,max_function_evaluations,0.00039973000002646586,10.365350309000007,1.9667272567749023,2.1231164932250977,,,F1_BentCigar,50,UAPSO
True,24,66,43141462094.234215,function_evaluations,500000,,500000,9999,500000,0,max_function_evaluations,0.00029637000000093394,9.631200752999973,1.962503433227539,2.1198997497558594,,,F1_BentCigar,50,UAPSO
True,0,42,1349.6959546912933,function_evaluations,500000,,500000,9999,500000,0,max_function_evaluations,0.00026197500000080254,35.96526171800002,1.21063232421875,1.3667011260986328,,,F3_Zakharov,50,PSO
True,1,43,460.9842756242688,function_evaluations,500000,,500000,9999,500000,0,max_function_evaluations,0.0002257419999978083,31.00719049500003,1.1898574829101562,1.3455448150634766,,,F3_Zakharov,50,PSO
True,2,44,1002.2637509280487,function_evaluations,500000,,500000,9999,500000,0,max_function_evaluations,0.00030263399997920715,41.418053568999994,1.193115234375,1.3484973907470703,,,F3_Zakharov,50,PSO
True,3,45,380.16535545133684,function_evaluations,500000,,500000,9999,500000,0,max_function_evaluations,0.00022856900000078895,31.146378644000038,1.1854400634765625,1.3411121368408203,,,F3_Zakharov,50,PSO
True,4,46,292.53745729948446,function_evaluations,500000,,500000,9999,500000,0,max_function_evaluations,0.00035995000001776134,30.89712778100005,1.2107315063476562,1.366739273071289,,,F3_Zakharov,50,PSO
True,5,47,816.0001902815534,function_evaluations,500000,,500000,9999,500000,0,max_function_evaluations,0.00029208699999117016,34.826194101,1.1959991455078125,1.3519611358642578,,,F3_Zakharov,50,PSO
True,6,48,802.9600612701083,function_evaluations,500000,,500000,9999,500000,0,max_function_evaluations,0.00026303500004587477,35.08768733599993,1.1977081298828125,1.3542957305908203,,,F3_Zakharov,50,PSO
True,7,49,594.5687826598347,function_evaluations,500000,,500000,9999,500000,0,max_function_evaluations,0.00031261899999890375,31.91742372699997,1.1941070556640625,1.3496265411376953,,,F3_Zakharov,50,PSO
True,8,50,1182.9616883904466,function_evaluations,500000,,500000,9999,500000,0,max_function_evaluations,0.000257854999972551,30.135456997000006,1.20941162109375,1.3656482696533203,,,F3_Zakharov,50,PSO
True,9,51,346.9805565047659,function_evaluations,500000,,500000,9999,500000,0,max_function_evaluations,0.00019738299999971787,30.59783479099997,1.1855545043945312,1.341226577758789,,,F3_Zakharov,50,PSO
True,10,52,369.63224999875536,function_evaluations,500000,,500000,9999,500000,0,max_function_evaluations,0.0001953550000166615,31.090103243999977,1.1987838745117188,1.3543033599853516,,,F3_Zakharov,50,PSO
True,11,53,859.4885410806733,function_evaluations,500000,,500000,9999,500000,0,max_function_evaluations,0.00023010799998246512,34.80847298699996,1.187347412109375,1.3435077667236328,,,F3_Zakharov,50,PSO
True,12,54,1605.4730479476505,function_evaluations,500000,,500000,9999,500000,0,max_function_evaluations,0.00022364400001606555,32.441834088000064,1.185394287109375,1.3409442901611328,,,F3_Zakharov,50,PSO
True,13,55,683.0783250919515,function_evaluations,500000,,500000,9999,500000,0,max_function_evaluations,0.0002332699999669785,30.39260483499993,1.1943283081054688,1.350412368774414,,,F3_Zakharov,50,PSO
True,14,56,360.1331671349867,function_evaluations,500000,,500000,9999,500000,0,max_function_evaluations,0.0002318609999747423,33.688262839000004,1.1941757202148438,1.3502750396728516,,,F3_Zakharov,50,PSO
True,15,57,740.6762897528845,function_evaluations,500000,,500000,9999,500000,0,max_function_evaluations,0.0002499629999874742,31.641011268999932,1.1858749389648438,1.341501235961914,,,F3_Zakharov,50,PSO
True,16,58,321.0361349532875,function_evaluations,500000,,500000,9999,500000,0,max_function_evaluations,0.00024773799998456525,35.46971969799995,1.1774520874023438,1.333414077758789,,,F3_Zakharov,50,PSO
True,17,59,422.46849634624823,function_evaluations,500000,,500000,9999,500000,0,max_function_evaluations,0.0002422359999627588,31.534179039000037,1.1966094970703125,1.3522586822509766,,,F3_Zakharov,50,PSO
True,18,60,1276.335229150735,function_evaluations,500000,,500000,9999,500000,0,max_function_evaluations,0.0002369229999885647,30.443908522000015,1.1872482299804688,1.343393325805664,,,F3_Zakharov,50,PSO
True,19,61,420.7485397383914,function_evaluations,500000,,500000,9999,500000,0,max_function_evaluations,0.0002586659999224139,35.41442731999996,1.183563232421875,1.3393878936767578,,,F3_Zakharov,50,PSO
True,20,62,405.7721804908915,function_evaluations,500000,,500000,9999,500000,0,max_function_evaluations,0.0002862530000129482,29.55862308999997,1.1673431396484375,1.3230152130126953,,,F3_Zakharov,50,PSO
True,21,63,339.0967030507668,function_evaluations,500000,,500000,9999,500000,0,max_function_evaluations,0.00023666399999910936,27.68133478699997,1.2027587890625,1.3586292266845703,,,F3_Zakharov,50,PSO
True,22,64,377.7666624945721,function_evaluations,500000,,500000,9999,500000,0,max_function_evaluations,0.00022305099992081523,16.594644725999956,1.1790084838867188,1.3347415924072266,,,F3_Zakharov,50,PSO
True,23,65,652.6919971323154,function_evaluations,500000,,500000,9999,500000,0,max_function_evaluations,0.00022886499994001497,14.647531491999985,1.1816635131835938,1.3377628326416016,,,F3_Zakharov,50,PSO
True,24,66,413.7417371378697,function_evaluations,500000,,500000,9999,500000,0,max_function_evaluations,0.00022780299991609354,15.588948044000063,1.1811599731445312,1.336435317993164,,,F3_Zakharov,50,PSO
True,0,42,201.76909219552726,function_evaluations,500000,,500000,9999,500000,0,max_function_evaluations,0.00022710099995038036,25.166769506999913,1.7773208618164062,1.954538345336914,,,F3_Zakharov,50,PSOLVIW
True,1,43,335.4106723204941,function_evaluations,500000,,500000,9999,500000,0,max_function_evaluations,0.00014747499994882673,38.733080943999994,1.6585922241210938,1.8147449493408203,,,F3_Zakharov,50,PSOLVIW
True,2,44,1579.251095430844,function_evaluations,500000,,500000,9999,500000,0,max_function_evaluations,0.0002348080000729169,29.470184539,1.8013763427734375,1.9785785675048828,,,F3_Zakharov,50,PSOLVIW
True,3,45,799.9324513966526,function_evaluations,500000,,500000,9999,500000,0,max_function_evaluations,0.00022372499995526596,28.783965317000025,1.5771408081054688,1.7327442169189453,,,F3_Zakharov,50,PSOLVIW
True,4,46,391.00868746859373,function_evaluations,500000,,500000,9999,500000,0,max_function_evaluations,0.0002215659999365016,33.66244566800003,1.6251373291015625,1.7816410064697266,,,F3_Zakharov,50,PSOLVIW
True,5,47,287.63760867915744,function_evaluations,500000,,500000,9999,500000,0,max_function_evaluations,0.00016455800005132915,31.029643461999967,1.6845779418945312,1.8427143096923828,,,F3_Zakharov,50,PSOLVIW
True,6,48,905.4633460882128,function_evaluations,500000,,500000,9999,500000,0,max_function_evaluations,0.00019504900001265923,37.28623926900002,1.704254150390625,1.8655948638916016,,,F3_Zakharov,50,PSOLVIW
True,7,49,559.2815391540714,function_evaluations,500000,,500000,9999,500000,0,max_function_evaluations,0.00020220499993683916,29.295498777000034,1.7404327392578125,1.9087390899658203,,,F3_Zakharov,50,PSOLVIW
True,8,50,540.2452349067023,function_evaluations,500000,,500000,9999,500000,0,max_function_evaluations,0.00020032800000535644,38.813616623999906,1.6283111572265625,1.7837772369384766,,,F3_Zakharov,50,PSOLVIW
True,9,51,472.61088406155,function_evaluations,500000,,500000,9999,500000,0,max_function_evaluations,0.00019208800006254023,30.513752033999936,1.7663421630859375,1.9346485137939453,,,F3_Zakharov,50,PSOLVIW
True,10,52,244.78844982813496,function_evaluations,500000,,500000,9999,500000,0,max_function_evaluations,0.0002035109999951601,34.633910170000036,1.8075485229492188,1.9847660064697266,,,F3_Zakharov,50,PSOLVIW
True,11,53,839.7853717593252,function_evaluations,500000,,500000,9999,500000,0,max_function_evaluations,0.00023087799991117208,28.91828165900006,1.6269378662109375,1.7829837799072266,,,F3_Zakharov,50,PSOLVIW
True,12,54,1387.8561715371395,function_evaluations,500000,,500000,9999,500000,0,max_function_evaluations,0.0002300669999613092,33.52377095700001,1.728729248046875,1.8891010284423828,,,F3_Zakharov,50,PSOLVIW
True,13,55,442.324569285433,function_evaluations,500000,,500000,9999,500000,0,max_function_evaluations,0.00022333399999752146,30.665558922999935,1.678955078125,1.8373737335205078,,,F3_Zakharov,50,PSOLVIW
True,14,56,440.48742832642506,function_evaluations,500000,,500000,9999,500000,0,max_function_evaluations,0.00024566000001868815,32.23127280599999,1.7937088012695312,1.9709110260009766,,,F3_Zakharov,50,PSOLVIW
True,15,57,332.05761433660405,function_evaluations,500000,,500000,9999,500000,0,max_function_evaluations,0.00024876599991330295,31.274644326000043,1.7535476684570312,1.921823501586914,,,F3_Zakharov,50,PSOLVIW
True,16,58,1085.2483653681302,function_evaluations,500000,,500000,9999,500000,0,max_function_evaluations,0.00027105100002700055,34.86896381099996,1.6630172729492188,1.8242511749267578,,,F3_Zakharov,50,PSOLVIW
True,17,59,783.0302963682493,function_evaluations,500000,,500000,9999,500000,0,max_function_evaluations,0.0002414580000049682,31.297190549999982,1.7423553466796875,1.9106769561767578,,,F3_Zakharov,50,PSOLVIW
True,18,60,621.3082756008955,function_evaluations,500000,,500000,9999,500000,0,max_function_evaluations,0.00022392699997908494,32.27163120399996,1.6967849731445312,1.8520526885986328,,,F3_Zakharov,50,PSOLVIW
True,19,61,622.8003510382035,function_evaluations,500000,,500000,9999,500000,0,max_function_evaluations,0.000238856000009946,28.010409549999963,1.7143020629882812,1.874704360961914,,,F3_Zakharov,50,PSOLVIW
True,20,62,425.11705272356926,function_evaluations,500000,,500000,9999,500000,0,max_function_evaluations,0.00026855600003727886,30.714588046999893,1.864288330078125,2.0515613555908203,,,F3_Zakharov,50,PSOLVIW
True,21,63,1531.2316153108357,function_evaluations,500000,,500000,9999,500000,0,max_function_evaluations,0.00024577499993938545,29.709482821999927,1.73681640625,1.8971576690673828,,,F3_Zakharov,50,PSOLVIW
True,22,64,1323.1213596819807,function_evaluations,500000,,500000,9999,500000,0,max_function_evaluations,0.0001814349999449405,22.318851601000006,1.6776580810546875,1.836587905883789,,,F3_Zakharov,50,PSOLVIW
True,23,65,354.73783869933004,function_evaluations,500000,,500000,9999,500000,0,max_function_evaluations,0.00023589399995671556,15.556332343000008,1.6011581420898438,1.7567615509033203,,,F3_Zakharov,50,PSOLVIW
True,24,66,1623.4144460649222,function_evaluations,500000,,500000,9999,500000,0,max_function_evaluations,0.00023637499998585554,14.940915262999965,1.740386962890625,1.9086475372314453,,,F3_Zakharov,50,PSOLVIW
True,0,42,67.22175572696506,function_evaluations,500000,,500000,9999,500000,0,max_function_evaluations,0.0002168070000152511,33.07718810099993,3.6533432006835938,4.121973037719727,,,F3_Zakharov,50,PSOTVAC
True,1,43,224.81059501190043,function_evaluations,500000,,500000,9999,500000,0,max_function_evaluations,0.00020676700000876735,31.529138223000018,3.176605224609375,3.567201614379883,,,F3_Zakharov,50,PSOTVAC
True,2,44,1326.2684911378615,function_evaluations,500000,,500000,9999,500000,0,max_function_evaluations,0.00046511899995493877,34.63365342899999,2.50140380859375,2.743074417114258,,,F3_Zakharov,50,PSOTVAC
True,3,45,185.2554634477632,function_evaluations,500000,,500000,9999,500000,0,max_function_evaluations,0.0007321939999656024,34.152012356,3.6211776733398438,4.089853286743164,,,F3_Zakharov,50,PSOTVAC
True,4,46,205.03813252651628,function_evaluations,500000,,500000,9999,500000,0,max_function_evaluations,0.0007046660000469274,31.55208016200004,2.150054931640625,2.310426712036133,,,F3_Zakharov,50,PSOTVAC
True,5,47,160.84130964768292,function_evaluations,500000,,500000,9999,500000,0,max_function_evaluations,0.0007369360000666347,31.224903213999937,3.4570541381835938,3.884378433227539,,,F3_Zakharov,50,PSOTVAC
True,6,48,216.17132694000452,function_evaluations,500000,,500000,9999,500000,0,max_function_evaluations,0.0006996849999723054,28.324508306999974,2.4643707275390625,2.6898975372314453,,,F3_Zakharov,50,PSOTVAC
True,7,49,586.9176307051293,function_evaluations,500000,,500000,9999,500000,0,max_function_evaluations,0.0007058520000100543,31.996156928999994,3.1152725219726562,3.473184585571289,,,F3_Zakharov,50,PSOTVAC
True,8,50,168.80016734445564,function_evaluations,500000,,500000,9999,500000,0,max_function_evaluations,0.0007435929999246582,39.68434250400003,2.6535186767578125,2.933656692504883,,,F3_Zakharov,50,PSOTVAC
True,9,51,296.725221473828,function_evaluations,500000,,500000,9999,500000,0,max_function_evaluations,0.0006733239999903162,29.312597950000054,2.2412109375,2.4183826446533203,,,F3_Zakharov,50,PSOTVAC
True,10,52,123.9573309658411,function_evaluations,500000,,500000,9999,500000,0,max_function_evaluations,0.0005469679999805521,33.95621491899999,3.6082000732421875,4.076814651489258,,,F3_Zakharov,50,PSOTVAC
True,11,53,199.88262788146722,function_evaluations,500000,,500000,9999,500000,0,max_function_evaluations,0.00024146700002347643,37.763158051000005,3.201416015625,3.591951370239258,,,F3_Zakharov,50,PSOTVAC
True,12,54,159.25251213090723,function_evaluations,500000,,500000,9999,500000,0,max_function_evaluations,0.00023176299998795002,29.523083423000003,3.3927230834960938,3.819986343383789,,,F3_Zakharov,50,PSOTVAC
True,13,55,96.28574003314088,function_evaluations,500000,,500000,9999,500000,0,max_function_evaluations,0.0002303030000803119,27.14236069499998,2.8773193359375,3.2062244415283203,,,F3_Zakharov,50,PSOTVAC
True,14,56,135.93346644316262,function_evaluations,500000,,500000,9999,500000,0,max_function_evaluations,0.0002504320000298321,29.437289867999993,3.0380477905273438,3.3959598541259766,,,F3_Zakharov,50,PSOTVAC
True,15,57,164.26611342802255,function_evaluations,500000,,500000,9999,500000,0,max_function_evaluations,0.00025852300007045415,33.622402362,3.24853515625,3.639101028442383,,,F3_Zakharov,50,PSOTVAC
True,16,58,161.0396642404953,function_evaluations,500000,,500000,9999,500000,0,max_function_evaluations,0.00024316999997608946,34.48704763699993,3.2560348510742188,3.646585464477539,,,F3_Zakharov,50,PSOTVAC
True,17,59,174.77819961081832,function_evaluations,500000,,500000,9999,500000,0,max_function_evaluations,0.00024528199992346345,35.10048968500007,3.1728591918945312,3.5634098052978516,,,F3_Zakharov,50,PSOTVAC
True,18,60,472.44758721191977,function_evaluations,500000,,500000,9999,500000,0,max_function_evaluations,0.00027238000006946095,34.66765752200001,3.467681884765625,3.8949451446533203,,,F3_Zakharov,50,PSOTVAC
True,19,61,156.7690304567575,function_evaluations,500000,,500000,9999,500000,0,max_function_evaluations,0.00024304999999458232,32.14739382099992,2.6592330932617188,2.9394168853759766,,,F3_Zakharov,50,PSOTVAC
True,20,62,166.76671648073216,function_evaluations,500000,,500000,9999,500000,0,max_function_evaluations,0.00026636300003701763,31.92989215800003,3.420806884765625,3.8481311798095703,,,F3_Zakharov,50,PSOTVAC
True,21,63,134.7880613214311,function_evaluations,500000,,500000,9999,500000,0,max_function_evaluations,0.00026583700002902333,28.257386266000026,3.3412857055664062,3.768564224243164,,,F3_Zakharov,50,PSOTVAC
True,22,64,212.43247660606198,function_evaluations,500000,,500000,9999,500000,0,max_function_evaluations,0.00017887300009533647,17.820201951000058,2.7095413208007812,2.9896793365478516,,,F3_Zakharov,50,PSOTVAC
True,23,65,344.69575406973536,function_evaluations,500000,,500000,9999,500000,0,max_function_evaluations,0.0002455019999842989,17.889388757999996,3.5325469970703125,4.001077651977539,,,F3_Zakharov,50,PSOTVAC
True,24,66,161.0370520868969,function_evaluations,500000,,500000,9999,500000,0,max_function_evaluations,0.0002484520000507473,17.507186671,2.8382034301757812,3.1412906646728516,,,F3_Zakharov,50,PSOTVAC
True,0,42,400.6956139778108,function_evaluations,500000,,500000,9999,500000,0,max_function_evaluations,0.00015619199996308453,30.019569402000002,1.625274658203125,1.7812442779541016,,,F3_Zakharov,50,APSOVI
True,1,43,1120.8641810853842,function_evaluations,500000,,500000,9999,500000,0,max_function_evaluations,0.00023184899998796027,34.978028893999976,1.6295013427734375,1.7860889434814453,,,F3_Zakharov,50,APSOVI
True,2,44,1715.4008581120395,function_evaluations,500000,,500000,9999,500000,0,max_function_evaluations,0.00025102099994001037,39.272823915000004,1.6368331909179688,1.797555923461914,,,F3_Zakharov,50,APSOVI
True,3,45,341.97492941817393,function_evaluations,500000,,500000,9999,500000,0,max_function_evaluations,0.0003726749999941603,32.56658994999998,1.7236328125,1.891916275024414,,,F3_Zakharov,50,APSOVI
True,4,46,697.4955880044785,function_evaluations,500000,,500000,9999,500000,0,max_function_evaluations,0.000216206000004604,39.440612418,1.6389846801757812,1.7989139556884766,,,F3_Zakharov,50,APSOVI
True,5,47,702.9367341500738,function_evaluations,500000,,500000,9999,500000,0,max_function_evaluations,0.0002938689999609778,29.789805658999967,1.6510009765625,1.8084659576416016,,,F3_Zakharov,50,APSOVI
True,6,48,1237.992600862943,function_evaluations,500000,,500000,9999,500000,0,max_function_evaluations,0.0003046430000495093,32.27099784100005,1.5439605712890625,1.7028217315673828,,,F3_Zakharov,50,APSOVI
True,7,49,1353.4308617463212,function_evaluations,500000,,500000,9999,500000,0,max_function_evaluations,0.0004822060000151396,32.773745775000066,1.6319580078125,1.7870731353759766,,,F3_Zakharov,50,APSOVI
True,8,50,1698.6822420865242,function_evaluations,500000,,500000,9999,500000,0,max_function_evaluations,0.0003029719999858571,31.476987051000037,1.669342041015625,1.829660415649414,,,F3_Zakharov,50,APSOVI
True,9,51,1536.5124575843188,function_evaluations,500000,,500000,9999,500000,0,max_function_evaluations,0.00030327000001761917,27.497151400000007,1.7390365600585938,1.9072513580322266,,,F3_Zakharov,50,APSOVI
True,10,52,702.1910877555102,function_evaluations,500000,,500000,9999,500000,0,max_function_evaluations,0.0002933690000190836,32.11285966699995,1.6990890502929688,1.8594379425048828,,,F3_Zakharov,50,APSOVI
True,11,53,686.4559459730193,function_evaluations,500000,,500000,9999,500000,0,max_function_evaluations,0.0002283420000139813,39.75519133799992,1.5024642944335938,1.6583805084228516,,,F3_Zakharov,50,APSOVI
True,12,54,1179.4091949607,function_evaluations,500000,,500000,9999,500000,0,max_function_evaluations,0.00027520300000105635,32.52254876099994,1.5957183837890625,1.7532367706298828,,,F3_Zakharov,50,APSOVI
True,13,55,1385.650672210674,function_evaluations,500000,,500000,9999,500000,0,max_function_evaluations,0.0002542659999562602,30.364205368999933,1.6818008422851562,1.8421497344970703,,,F3_Zakharov,50,APSOVI
True,14,56,2739.1202631678552,function_evaluations,500000,,500000,9999,500000,0,max_function_evaluations,0.00024892200008252985,30.890468309000084,1.5566482543945312,1.7127017974853516,,,F3_Zakharov,50,APSOVI
True,15,57,580.1823580741184,function_evaluations,500000,,500000,9999,500000,0,max_function_evaluations,0.0002450069999895277,30.624284964000026,1.6207199096679688,1.7776432037353516,,,F3_Zakharov,50,APSOVI
True,16,58,1449.6293248812663,function_evaluations,500000,,500000,9999,500000,0,max_function_evaluations,0.00025125499996647704,34.34841015900008,1.5383071899414062,1.6942691802978516,,,F3_Zakharov,50,APSOVI
True,17,59,1467.4159013818175,function_evaluations,500000,,500000,9999,500000,0,max_function_evaluations,0.0002838519999386335,28.324850381000033,1.6090316772460938,1.764719009399414,,,F3_Zakharov,50,APSOVI
True,18,60,1901.9666239992825,function_evaluations,500000,,500000,9999,500000,0,max_function_evaluations,0.00027331399996910477,34.329605345999994,1.5944671630859375,1.7517948150634766,,,F3_Zakharov,50,APSOVI
True,19,61,215.0905076925926,function_evaluations,500000,,500000,9999,500000,0,max_function_evaluations,0.0002489060000243626,32.383357161999925,1.6652755737304688,1.820566177368164,,,F3_Zakharov,50,APSOVI
True,20,62,633.9601359618388,function_evaluations,500000,,500000,9999,500000,0,max_function_evaluations,0.0002700299999105482,26.51190571699999,1.6192626953125,1.7765827178955078,,,F3_Zakharov,50,APSOVI
True,21,63,1040.5407789049202,function_evaluations,500000,,500000,9999,500000,0,max_function_evaluations,0.0038545799999383235,32.265448025999945,1.6260910034179688,1.7815570831298828,,,F3_Zakharov,50,APSOVI
True,22,64,775.0282803272144,function_evaluations,500000,,500000,9999,500000,0,max_function_evaluations,0.00023394899994855223,16.044075667000016,1.7385330200195312,1.9067859649658203,,,F3_Zakharov,50,APSOVI
True,23,65,644.4983743430513,function_evaluations,500000,,500000,9999,500000,0,max_function_evaluations,0.00026570199997877353,17.712081509999962,1.7198104858398438,1.8880329132080078,,,F3_Zakharov,50,APSOVI
True,24,66,1654.0984647951122,function_evaluations,500000,,500000,9999,500000,0,max_function_evaluations,0.00023912100004963577,15.648249501999999,1.6408309936523438,1.800302505493164,,,F3_Zakharov,50,APSOVI
True,0,42,73.33447687085084,function_evaluations,500000,,500000,9803,500000,0,max_function_evaluations,0.00017361400000481808,42.55061557400006,2.9103336334228516,4.968019485473633,,,F3_Zakharov,50,APSO
True,1,43,76.00615744096604,function_evaluations,500000,,500000,9803,500000,0,max_function_evaluations,0.0001898680000067543,37.44474608600001,2.8636226654052734,4.914480209350586,,,F3_Zakharov,50,APSO
True,2,44,62.31300272504603,function_evaluations,500000,,500000,9803,500000,0,max_function_evaluations,0.0005472670000017388,50.031803061999994,2.878230094909668,4.9260969161987305,,,F3_Zakharov,50,APSO
True,3,45,139.17845541866365,function_evaluations,500000,,500000,9803,500000,0,max_function_evaluations,0.0005241910000677308,47.02311987299993,2.8747949600219727,4.923253059387207,,,F3_Zakharov,50,APSO
True,4,46,60.142667406354235,function_evaluations,500000,,500000,9803,500000,0,max_function_evaluations,0.00044541199997638614,47.559612674999926,2.705348014831543,4.756922721862793,,,F3_Zakharov,50,APSO
True,5,47,56.14077005041713,function_evaluations,500000,,500000,9803,500000,0,max_function_evaluations,0.0004533850000143502,47.39769275999993,2.7214879989624023,4.770689964294434,,,F3_Zakharov,50,APSO
True,6,48,149.4732866294762,function_evaluations,500000,,500000,9803,500000,0,max_function_evaluations,0.0004798610000307235,39.70117313100002,2.892536163330078,4.937999725341797,,,F3_Zakharov,50,APSO
True,7,49,150.54382795947492,function_evaluations,500000,,500000,9803,500000,0,max_function_evaluations,0.00044888800005082885,43.70082143600007,2.8689661026000977,4.91903018951416,,,F3_Zakharov,50,APSO
True,8,50,150.72243358845606,function_evaluations,500000,,500000,9803,500000,0,max_function_evaluations,0.0004211389999682069,43.023463126000024,2.875415802001953,4.923816680908203,,,F3_Zakharov,50,APSO
True,9,51,148.55914509548722,function_evaluations,500000,,500000,9803,500000,0,max_function_evaluations,0.0003020860000333414,48.0165475,2.879876136779785,4.92739200592041,,,F3_Zakharov,50,APSO
True,10,52,86.3310110891257,function_evaluations,500000,,500000,9803,500000,0,max_function_evaluations,0.001021183000034398,43.690005857000074,2.8747997283935547,4.923052787780762,,,F3_Zakharov,50,APSO
True,11,53,152.74688372175171,function_evaluations,500000,,500000,9803,500000,0,max_function_evaluations,0.00028427000006558956,41.737607558000036,2.874307632446289,4.922365188598633,,,F3_Zakharov,50,APSO
True,12,54,128.12391375041818,function_evaluations,500000,,500000,9803,500000,0,max_function_evaluations,0.00026215599996248784,43.928583562000085,2.912631034851074,4.970057487487793,,,F3_Zakharov,50,APSO
True,13,55,56.140838823813965,function_evaluations,500000,,500000,9803,500000,0,max_function_evaluations,0.0002741910000167991,41.85217492300001,2.905475616455078,4.947803497314453,,,F3_Zakharov,50,APSO
True,14,56,77.2752670484046,function_evaluations,500000,,500000,9803,500000,0,max_function_evaluations,0.00029693800001950876,43.732884627999965,2.8887624740600586,4.93466854095459,,,F3_Zakharov,50,APSO
True,15,57,56.14077005067094,function_evaluations,500000,,500000,9803,500000,0,max_function_evaluations,0.0002481179999449523,47.15215840400003,2.8901519775390625,4.935222625732422,,,F3_Zakharov,50,APSO
True,16,58,81.57517874969392,function_evaluations,500000,,500000,9803,500000,0,max_function_evaluations,0.0002539409999826603,41.01723712199998,2.8916749954223633,4.937085151672363,,,F3_Zakharov,50,APSO
True,17,59,79.10565498775793,function_evaluations,500000,,500000,9803,500000,0,max_function_evaluations,0.00020294099999773607,41.252628199000014,2.8764381408691406,4.924263000488281,,,F3_Zakharov,50,APSO
True,18,60,142.8005446830599,function_evaluations,500000,,500000,9803,500000,0,max_function_evaluations,0.0002411730000630996,38.50840098200001,2.88181209564209,4.929244041442871,,,F3_Zakharov,50,APSO
True,19,61,156.61670218395136,function_evaluations,500000,,500000,9803,500000,0,max_function_evaluations,0.00031275100002403633,44.22736195300001,2.873746871948242,4.922964096069336,,,F3_Zakharov,50,APSO
True,20,62,56.140770050417586,function_evaluations,500000,,500000,9803,500000,0,max_function_evaluations,0.0002794549999407536,44.98816992800005,2.721691131591797,4.770832061767578,,,F3_Zakharov,50,APSO
True,21,63,157.50499749494247,function_evaluations,500000,,500000,9803,500000,0,max_function_evaluations,0.00026659499997094827,45.73250150599995,2.874204635620117,4.923017501831055,,,F3_Zakharov,50,APSO
True,22,64,151.88336817403552,function_evaluations,500000,,500000,9803,500000,0,max_function_evaluations,0.00028491599994140415,23.74208541500002,2.885828971862793,4.932032585144043,,,F3_Zakharov,50,APSO
True,23,65,60.142664544816284,function_evaluations,500000,,500000,9803,500000,0,max_function_evaluations,0.0002834169999914593,20.46562213300001,2.7881650924682617,4.837519645690918,,,F3_Zakharov,50,APSO
True,24,66,134.95632087870888,function_evaluations,500000,,500000,9803,500000,0,max_function_evaluations,0.0002512799999294657,22.367304631000025,2.8842897415161133,4.9312639236450195,,,F3_Zakharov,50,APSO
True,0,42,4192.183418661821,function_evaluations,500000,,500000,9999,500000,0,max_function_evaluations,0.00041837599997052166,38.050140726999985,2.0341787338256836,2.19387149810791,,,F3_Zakharov,50,UAPSO
True,1,43,3805.975648616204,function_evaluations,500000,,500000,9999,500000,0,max_function_evaluations,0.0006939649999821995,38.38565985699995,1.968841552734375,2.124765396118164,,,F3_Zakharov,50,UAPSO
True,2,44,1081.5508180972324,function_evaluations,500000,,500000,9999,500000,0,max_function_evaluations,0.0006917619999740054,32.72189599799992,2.03403377532959,2.19344425201416,,,F3_Zakharov,50,UAPSO
True,3,45,2169.747839246825,function_evaluations,500000,,500000,9999,500000,0,max_function_evaluations,0.0004734150001013404,35.54285540799992,2.0512189865112305,2.207087516784668,,,F3_Zakharov,50,UAPSO
True,4,46,1907.5794684529906,function_evaluations,500000,,500000,9999,500000,0,max_function_evaluations,0.0004455079999843292,29.823947309000005,2.0074148178100586,2.1672754287719727,,,F3_Zakharov,50,UAPSO
True,5,47,1152.4078112170982,function_evaluations,500000,,500000,9999,500000,0,max_function_evaluations,0.0005828609999980472,36.01608005800006,1.9513120651245117,2.107693672180176,,,F3_Zakharov,50,UAPSO
True,6,48,4368.785777656906,function_evaluations,500000,,500000,9999,500000,0,max_function_evaluations,0.0006984970000303292,41.12931788900005,1.9379663467407227,2.0942564010620117,,,F3_Zakharov,50,UAPSO
True,7,49,1407.9040296662695,function_evaluations,500000,,500000,9999,500000,0,max_function_evaluations,0.0005332060000000638,31.754223245999924,1.9927473068237305,2.1511049270629883,,,F3_Zakharov,50,UAPSO
True,8,50,6281.020779271234,function_evaluations,500000,,500000,9999,500000,0,max_function_evaluations,0.00048747899995760235,34.124314038999955,2.1477155685424805,2.3164873123168945,,,F3_Zakharov,50,UAPSO
True,9,51,506.2312098162977,function_evaluations,500000,,500000,9999,500000,0,max_function_evaluations,0.0006073219999507273,34.08278106299997,1.9721546173095703,2.128035545349121,,,F3_Zakharov,50,UAPSO
True,10,52,2300.4170564155997,function_evaluations,500000,,500000,9999,500000,0,max_function_evaluations,0.0005402519999506694,39.263456028000064,1.9505023956298828,2.107036590576172,,,F3_Zakharov,50,UAPSO
True,11,53,2118.9861841300426,function_evaluations,500000,,500000,9999,500000,0,max_function_evaluations,0.000457185999948706,43.01145270799998,1.9489364624023438,2.105745315551758,,,F3_Zakharov,50,UAPSO
True,12,54,11054.201294979635,function_evaluations,500000,,500000,9999,500000,0,max_function_evaluations,0.0003897729999380317,32.21653540600005,1.9526681900024414,2.108576774597168,,,F3_Zakharov,50,UAPSO
True,13,55,812.771993082933,function_evaluations,500000,,500000,9999,500000,0,max_function_evaluations,0.0003805919999422258,39.382172513,1.9744997024536133,2.1327428817749023,,,F3_Zakharov,50,UAPSO
True,14,56,8005.146069869414,function_evaluations,500000,,500000,9999,500000,0,max_function_evaluations,0.0003873580000117727,34.71328461999997,1.9420833587646484,2.1003265380859375,,,F3_Zakharov,50,UAPSO
True,15,57,872.2888471875922,function_evaluations,500000,,500000,9999,500000,0,max_function_evaluations,0.0003822740000032354,31.76858946799996,2.0379934310913086,2.1966943740844727,,,F3_Zakharov,50,UAPSO
True,16,58,689.9328819677343,function_evaluations,500000,,500000,9999,500000,0,max_function_evaluations,0.00037701200005813007,35.82899247899991,2.01296329498291,2.171969413757324,,,F3_Zakharov,50,UAPSO
True,17,59,8625.838556060606,function_evaluations,500000,,500000,9999,500000,0,max_function_evaluations,0.0003874310000355763,33.86609582799997,2.0009231567382812,2.1577014923095703,,,F3_Zakharov,50,UAPSO
True,18,60,9123.997120530925,function_evaluations,500000,,500000,9999,500000,0,max_function_evaluations,0.0004379050000125062,38.35874529099999,1.9430961608886719,2.101072311401367,,,F3_Zakharov,50,UAPSO
True,19,61,8978.388390160013,function_evaluations,500000,,500000,9999,500000,0,max_function_evaluations,0.0005809360000057495,29.094479715000034,1.946455955505371,2.10402774810791,,,F3_Zakharov,50,UAPSO
True,20,62,1317.597854978864,function_evaluations,500000,,500000,9999,500000,0,max_function_evaluations,0.0004467049999448136,35.888602890000016,2.0536508560180664,2.2148847579956055,,,F3_Zakharov,50,UAPSO
True,21,63,11028.00954834286,function_evaluations,500000,,500000,9999,500000,0,max_function_evaluations,0.0002674390000265703,31.343817085999945,2.01096248626709,2.169968605041504,,,F3_Zakharov,50,UAPSO
True,22,64,8930.623152172759,function_evaluations,500000,,500000,9999,500000,0,max_function_evaluations,0.0003838249999716936,20.263486940999996,1.9930400848388672,2.1514434814453125,,,F3_Zakharov,50,UAPSO
True,23,65,1533.0521663928375,function_evaluations,500000,,500000,9999,500000,0,max_function_evaluations,0.00039357399998607434,18.373712273000024,2.00665283203125,2.166574478149414,,,F3_Zakharov,50,UAPSO
True,24,66,9070.205474442379,function_evaluations,500000,,500000,9999,500000,0,max_function_evaluations,0.003312981000021864,17.716771042999994,1.9506921768188477,2.1071653366088867,,,F3_Zakharov,50,UAPSO
True,0,42,0.006299920126366487,function_evaluations,500000,,500000,9999,500000,0,max_function_evaluations,0.00017821100004766777,265.50430113900006,1.1593780517578125,1.314767837524414,,,F5_Rastrigin_SR,50,PSO
True,1,43,0.005929844069214596,function_evaluations,500000,,500000,9999,500000,0,max_function_evaluations,0.00020939800003816345,266.6224123389999,1.1850204467773438,1.3404712677001953,,,F5_Rastrigin_SR,50,PSO
True,2,44,0.009491795885196552,function_evaluations,500000,,500000,9999,500000,0,max_function_evaluations,0.00018619299999045325,261.7518689369999,1.1713104248046875,1.326852798461914,,,F5_Rastrigin_SR,50,PSO
True,3,45,0.01100657622998824,function_evaluations,500000,,500000,9999,500000,0,max_function_evaluations,0.00015852499996071856,263.0608886110001,1.1618881225585938,1.3172779083251953,,,F5_Rastrigin_SR,50,PSO
True,4,46,0.007017194432364704,function_evaluations,500000,,500000,9999,500000,0,max_function_evaluations,0.00033783599997150304,269.31935259700003,1.173797607421875,1.3289432525634766,,,F5_Rastrigin_SR,50,PSO
True,5,47,0.008245387517206382,function_evaluations,500000,,500000,9999,500000,0,max_function_evaluations,0.0003454850000252918,262.34182015,1.1696853637695312,1.3248615264892578,,,F5_Rastrigin_SR,50,PSO
True,6,48,0.009230637544817455,function_evaluations,500000,,500000,9999,500000,0,max_function_evaluations,0.00024544300003981334,252.673353594,1.161285400390625,1.3164310455322266,,,F5_Rastrigin_SR,50,PSO
True,7,49,0.008572439490933448,function_evaluations,500000,,500000,9999,500000,0,max_function_evaluations,0.00026490499999454187,261.0820392029999,1.1639785766601562,1.3195209503173828,,,F5_Rastrigin_SR,50,PSO
True,8,50,0.006603053242201895,function_evaluations,500000,,500000,9999,500000,0,max_function_evaluations,0.00034614099990903924,267.58422754900005,1.1639862060546875,1.319559097290039,,,F5_Rastrigin_SR,50,PSO
True,9,51,0.01833916560082116,function_evaluations,500000,,500000,9999,500000,0,max_function_evaluations,0.00024495100001331593,259.05785474800007,1.158416748046875,1.3136539459228516,,,F5_Rastrigin_SR,50,PSO
True,10,52,0.017388630597281463,function_evaluations,500000,,500000,9999,500000,0,max_function_evaluations,0.0002448089999234071,263.9279989249999,1.1600799560546875,1.315378189086914,,,F5_Rastrigin_SR,50,PSO
True,11,53,0.013108503977946384,function_evaluations,500000,,500000,9999,500000,0,max_function_evaluations,0.00022609699999520672,267.373754467,1.173858642578125,1.3296146392822266,,,F5_Rastrigin_SR,50,PSO
True,12,54,0.012472932028799733,function_evaluations,500000,,500000,9999,500000,0,max_function_evaluations,0.00021639300007336715,265.17945032199987,1.1712875366210938,1.3267993927001953,,,F5_Rastrigin_SR,50,PSO
True,13,55,0.015197769519488702,function_evaluations,500000,,500000,9999,500000,0,max_function_evaluations,0.00024388299993916007,262.8734794070001,1.1728363037109375,1.328073501586914,,,F5_Rastrigin_SR,50,PSO
True,14,56,0.01685983840445715,function_evaluations,500000,,500000,9999,500000,0,max_function_evaluations,0.00022949000003791298,265.31173075699985,1.1589736938476562,1.3144550323486328,,,F5_Rastrigin_SR,50,PSO
True,15,57,0.01438797964249261,function_evaluations,500000,,500000,9999,500000,0,max_function_evaluations,0.0002490619999662158,263.255128968,1.1561355590820312,1.3114032745361328,,,F5_Rastrigin_SR,50,PSO
True,16,58,0.00699580108465625,function_evaluations,500000,,500000,9999,500000,0,max_function_evaluations,0.00025242799983971054,253.50047049700015,1.1712112426757812,1.3267536163330078,,,F5_Rastrigin_SR,50,PSO
True,17,59,0.008072911866406685,function_evaluations,500000,,500000,9999,500000,0,max_function_evaluations,0.00021957599983579712,266.87593076100006,1.1595687866210938,1.3149585723876953,,,F5_Rastrigin_SR,50,PSO
True,18,60,0.009951818808531243,function_evaluations,500000,,500000,9999,500000,0,max_function_evaluations,0.00024449100010315306,261.84956074499996,1.1585311889648438,1.3136768341064453,,,F5_Rastrigin_SR,50,PSO
True,19,61,0.009675180212923351,function_evaluations,500000,,500000,9999,500000,0,max_function_evaluations,0.00025650899988249876,259.2429005440001,1.183746337890625,1.3397464752197266,,,F5_Rastrigin_SR,50,PSO
True,20,62,0.003010851314570573,function_evaluations,500000,,500000,9999,500000,0,max_function_evaluations,0.00023934799992275657,260.62544308099996,1.1719131469726562,1.3273334503173828,,,F5_Rastrigin_SR,50,PSO
True,21,63,0.008527980238852706,function_evaluations,500000,,500000,9999,500000,0,max_function_evaluations,0.00023178600008577632,260.00830875199995,1.1711883544921875,1.326669692993164,,,F5_Rastrigin_SR,50,PSO
True,22,64,0.009772546606825472,function_evaluations,500000,,500000,9999,500000,0,max_function_evaluations,0.00022072100000514183,122.7991232060001,1.1544952392578125,1.309732437133789,,,F5_Rastrigin_SR,50,PSO
True,23,65,0.013822543949572719,function_evaluations,500000,,500000,9999,500000,0,max_function_evaluations,0.00027006100003745814,122.50771919300018,1.1608047485351562,1.3159809112548828,,,F5_Rastrigin_SR,50,PSO
True,24,66,0.007097288495401699,function_evaluations,500000,,500000,9999,500000,0,max_function_evaluations,0.00021599499996227678,118.678068725,1.1603240966796875,1.315622329711914,,,F5_Rastrigin_SR,50,PSO
True,0,42,1.5176378553860559e-05,function_evaluations,500000,,500000,9999,500000,0,max_function_evaluations,0.0001563910000186297,265.29727462999995,1.6584625244140625,1.8140583038330078,,,F5_Rastrigin_SR,50,PSOLVIW
True,1,43,3.543050917187429e-05,function_evaluations,500000,,500000,9999,500000,0,max_function_evaluations,0.0002325160000964388,262.42841138899985,1.6895217895507812,1.844980239868164,,,F5_Rastrigin_SR,50,PSOLVIW
True,2,44,0.00013591618312602805,function_evaluations,500000,,500000,9999,500000,0,max_function_evaluations,0.00018410399979984504,267.97328066599994,1.7068252563476562,1.8671512603759766,,,F5_Rastrigin_SR,50,PSOLVIW
True,3,45,0.00042098828703274194,function_evaluations,500000,,500000,9999,500000,0,max_function_evaluations,0.00013854200005880557,263.471376428,1.70587158203125,1.866098403930664,,,F5_Rastrigin_SR,50,PSOLVIW
True,4,46,0.0002311222464754792,function_evaluations,500000,,500000,9999,500000,0,max_function_evaluations,0.0003284990000338439,268.97451760800004,1.6990203857421875,1.8606281280517578,,,F5_Rastrigin_SR,50,PSOLVIW
True,5,47,3.854515432522021e-05,function_evaluations,500000,,500000,9999,500000,0,max_function_evaluations,0.0003099329999258771,269.7775357769999,1.6716384887695312,1.831277847290039,,,F5_Rastrigin_SR,50,PSOLVIW
True,6,48,1.4642777784956706e-05,function_evaluations,500000,,500000,9999,500000,0,max_function_evaluations,0.00018403099988972826,272.815278885,1.7038650512695312,1.8640918731689453,,,F5_Rastrigin_SR,50,PSOLVIW
True,7,49,4.517397303516191e-05,function_evaluations,500000,,500000,9999,500000,0,max_function_evaluations,0.000195400999928097,259.73980395299986,1.7090301513671875,1.8692340850830078,,,F5_Rastrigin_SR,50,PSOLVIW
True,8,50,4.932048398131883e-06,function_evaluations,500000,,500000,9999,500000,0,max_function_evaluations,0.00024409600018771016,260.78522364699984,1.6632003784179688,1.8223514556884766,,,F5_Rastrigin_SR,50,PSOLVIW
True,9,51,0.0001474586757126417,function_evaluations,500000,,500000,9999,500000,0,max_function_evaluations,0.00023204400008580706,254.62947005700016,1.666717529296875,1.827219009399414,,,F5_Rastrigin_SR,50,PSOLVIW
True,10,52,0.0005484589810862417,function_evaluations,500000,,500000,9999,500000,0,max_function_evaluations,0.0002215140000316751,267.3136968020001,1.687103271484375,1.8441486358642578,,,F5_Rastrigin_SR,50,PSOLVIW
True,11,53,3.3011858931786264e-05,function_evaluations,500000,,500000,9999,500000,0,max_function_evaluations,0.0002220199999101169,265.6475792420001,1.6808395385742188,1.8385334014892578,,,F5_Rastrigin_SR,50,PSOLVIW
True,12,54,0.00015111335488882105,function_evaluations,500000,,500000,9999,500000,0,max_function_evaluations,0.0002409900000657217,267.2643218109997,1.6717910766601562,1.8312854766845703,,,F5_Rastrigin_SR,50,PSOLVIW
True,13,55,2.329426251890254e-06,function_evaluations,500000,,500000,9999,500000,0,max_function_evaluations,0.00023898099993857613,246.3221030059999,1.7042922973632812,1.8645191192626953,,,F5_Rastrigin_SR,50,PSOLVIW
True,14,56,4.471927121585395e-05,function_evaluations,500000,,500000,9999,500000,0,max_function_evaluations,0.00022852600000078382,264.76867786299977,1.7060699462890625,1.8662967681884766,,,F5_Rastrigin_SR,50,PSOLVIW
True,15,57,1.1480301395749848e-05,function_evaluations,500000,,500000,9999,500000,0,max_function_evaluations,0.0001670199999352917,263.91433638499984,1.718231201171875,1.878458023071289,,,F5_Rastrigin_SR,50,PSOLVIW
True,16,58,1.2150453812864725e-05,function_evaluations,500000,,500000,9999,500000,0,max_function_evaluations,0.0002498899998499837,264.7783936759997,1.6972274780273438,1.8581790924072266,,,F5_Rastrigin_SR,50,PSOLVIW
True,17,59,7.2898464509307814e-06,function_evaluations,500000,,500000,9999,500000,0,max_function_evaluations,0.0002301389999956882,267.8663735110001,1.648223876953125,1.804666519165039,,,F5_Rastrigin_SR,50,PSOLVIW
True,18,60,3.308748142671902e-05,function_evaluations,500000,,500000,9999,500000,0,max_function_evaluations,0.0002744209998581937,263.6850008639999,1.6743011474609375,1.8331470489501953,,,F5_Rastrigin_SR,50,PSOLVIW
True,19,61,8.386805643567641e-05,function_evaluations,500000,,500000,9999,500000,0,max_function_evaluations,0.00024066800006039557,268.47950128000025,1.7050933837890625,1.8653202056884766,,,F5_Rastrigin_SR,50,PSOLVIW
True,20,62,0.0002384979075031879,function_evaluations,500000,,500000,9999,500000,0,max_function_evaluations,0.00025828399998317764,257.9452101789998,1.638824462890625,1.7972431182861328,,,F5_Rastrigin_SR,50,PSOLVIW
True,21,63,0.00010466186370194919,function_evaluations,500000,,500000,9999,500000,0,max_function_evaluations,0.00025662799998826813,262.50056547400004,1.6733779907226562,1.832559585571289,,,F5_Rastrigin_SR,50,PSOLVIW
True,22,64,2.5056223194042104e-06,function_evaluations,500000,,500000,9999,500000,0,max_function_evaluations,0.0001932340001076227,133.45094286400035,1.6834335327148438,1.8400211334228516,,,F5_Rastrigin_SR,50,PSOLVIW
True,23,65,0.0006540874326219637,function_evaluations,500000,,500000,9999,500000,0,max_function_evaluations,0.0002343480000490672,123.9128647929997,1.67071533203125,1.8286304473876953,,,F5_Rastrigin_SR,50,PSOLVIW
True,24,66,3.849787185572495e-05,function_evaluations,500000,,500000,9999,500000,0,max_function_evaluations,0.00023498900009144563,120.74259912400021,1.6814804077148438,1.8388996124267578,,,F5_Rastrigin_SR,50,PSOLVIW
True,0,42,7.909474396683436e-05,function_evaluations,500000,,500000,9999,500000,0,max_function_evaluations,0.0002080530002785963,269.131195553,3.0345001220703125,3.3922977447509766,,,F5_Rastrigin_SR,50,PSOTVAC
True,1,43,0.00020354855831783425,function_evaluations,500000,,500000,9999,500000,0,max_function_evaluations,0.0002307029999428778,261.32480328699967,3.3825531005859375,3.8097476959228516,,,F5_Rastrigin_SR,50,PSOTVAC
True,2,44,7.17388553539422e-06,function_evaluations,500000,,500000,9999,500000,0,max_function_evaluations,0.00018970900009662728,273.9095944319997,3.0905227661132812,3.4483203887939453,,,F5_Rastrigin_SR,50,PSOTVAC
True,3,45,0.00033796145947917466,function_evaluations,500000,,500000,9999,500000,0,max_function_evaluations,0.00023374500005957088,266.758546348,2.8510818481445312,3.1540699005126953,,,F5_Rastrigin_SR,50,PSOTVAC
True,4,46,0.0002713816051596041,function_evaluations,500000,,500000,9999,500000,0,max_function_evaluations,0.0001697289999356144,264.6418286869998,3.465362548828125,3.892557144165039,,,F5_Rastrigin_SR,50,PSOTVAC
True,5,47,8.300092474655685e-06,function_evaluations,500000,,500000,9999,500000,0,max_function_evaluations,0.00022791799983679084,267.318585427,2.9309616088867188,3.259767532348633,,,F5_Rastrigin_SR,50,PSOTVAC
True,6,48,0.0002890493597647037,function_evaluations,500000,,500000,9999,500000,0,max_function_evaluations,0.00037796699962200364,266.4026964720001,3.5351104736328125,4.003625869750977,,,F5_Rastrigin_SR,50,PSOTVAC
True,7,49,2.277647286064166e-05,function_evaluations,500000,,500000,9999,500000,0,max_function_evaluations,0.0003892059999088815,252.14992501100005,3.2371292114257812,3.6275806427001953,,,F5_Rastrigin_SR,50,PSOTVAC
True,8,50,1.2460691095839138e-05,function_evaluations,500000,,500000,9999,500000,0,max_function_evaluations,0.00031764100003783824,237.66950066699974,3.0871810913085938,3.444978713989258,,,F5_Rastrigin_SR,50,PSOTVAC
True,9,51,0.0002267429431412893,function_evaluations,500000,,500000,9999,500000,0,max_function_evaluations,0.0003045600001314597,268.64968555800033,3.3648834228515625,3.7920780181884766,,,F5_Rastrigin_SR,50,PSOTVAC
True,10,52,0.00019536627274874263,function_evaluations,500000,,500000,9999,500000,0,max_function_evaluations,0.00031646600018575555,266.31071355400036,2.9176559448242188,3.246461868286133,,,F5_Rastrigin_SR,50,PSOTVAC
True,11,53,0.00010977011362456324,function_evaluations,500000,,500000,9999,500000,0,max_function_evaluations,0.00016760300013629603,268.7342766759998,3.181396484375,3.571847915649414,,,F5_Rastrigin_SR,50,PSOTVAC
True,12,54,4.997274913876026e-07,function_evaluations,500000,,500000,9999,500000,0,max_function_evaluations,0.0002744630000961479,259.8931806280002,2.7945175170898438,3.097505569458008,,,F5_Rastrigin_SR,50,PSOTVAC
True,13,55,3.0168052830958914e-05,function_evaluations,500000,,500000,9999,500000,0,max_function_evaluations,0.00023492599984820117,264.6103846420001,3.2437820434570312,3.6342334747314453,,,F5_Rastrigin_SR,50,PSOTVAC
True,14,56,3.304596839370788e-05,function_evaluations,500000,,500000,9999,500000,0,max_function_evaluations,0.0002422659999865573,263.674744038,3.3186492919921875,3.7458438873291016,,,F5_Rastrigin_SR,50,PSOTVAC
True,15,57,7.059684111254683e-05,function_evaluations,500000,,500000,9999,500000,0,max_function_evaluations,0.000271617000180413,263.7727542759999,3.4525604248046875,3.8797550201416016,,,F5_Rastrigin_SR,50,PSOTVAC
True,16,58,6.573321797986864e-07,function_evaluations,500000,,500000,9999,500000,0,max_function_evaluations,0.00023880000026110793,260.8375693470002,3.1278152465820312,3.4856128692626953,,,F5_Rastrigin_SR,50,PSOTVAC
True,17,59,0.00012951089479429356,function_evaluations,500000,,500000,9999,500000,0,max_function_evaluations,0.00026512500016906415,260.08631751099983,3.1136093139648438,3.471406936645508,,,F5_Rastrigin_SR,50,PSOTVAC
True,18,60,1.9372398696759774e-05,function_evaluations,500000,,500000,9999,500000,0,max_function_evaluations,0.0009383209999214159,263.93511229199976,2.936492919921875,3.265298843383789,,,F5_Rastrigin_SR,50,PSOTVAC
True,19,61,8.266785584964964e-07,function_evaluations,500000,,500000,9999,500000,0,max_function_evaluations,0.00026415199999973993,263.53248033299997,2.9337997436523438,3.262605667114258,,,F5_Rastrigin_SR,50,PSOTVAC
True,20,62,9.812497467009962e-06,function_evaluations,500000,,500000,9999,500000,0,max_function_evaluations,0.00025970000024244655,266.2408456580001,3.505767822265625,3.974283218383789,,,F5_Rastrigin_SR,50,PSOTVAC
True,21,63,6.594645867608051e-06,function_evaluations,500000,,500000,9999,500000,0,max_function_evaluations,0.0002453560000503785,252.49222707499985,3.1256637573242188,3.483461380004883,,,F5_Rastrigin_SR,50,PSOTVAC
True,22,64,1.8646662056198693e-05,function_evaluations,500000,,500000,9999,500000,0,max_function_evaluations,0.0002410780002719548,131.50371360999998,2.9836044311523438,3.312410354614258,,,F5_Rastrigin_SR,50,PSOTVAC
True,23,65,1.8961779915116495e-06,function_evaluations,500000,,500000,9999,500000,0,max_function_evaluations,0.0002627290000418725,126.85491724400026,3.1098861694335938,3.467683792114258,,,F5_Rastrigin_SR,50,PSOTVAC
True,24,66,7.175102109613363e-05,function_evaluations,500000,,500000,9999,500000,0,max_function_evaluations,0.00024904399970182567,120.2380237110001,3.1105117797851562,3.4683094024658203,,,F5_Rastrigin_SR,50,PSOTVAC
True,0,42,8.63142355456148e-06,function_evaluations,500000,,500000,9999,500000,0,max_function_evaluations,0.0002753210001174011,274.3711520730003,1.7881698608398438,1.9753360748291016,,,F5_Rastrigin_SR,50,APSOVI
True,1,43,0.000274137779058492,function_evaluations,500000,,500000,9999,500000,0,max_function_evaluations,0.00016698299987183418,262.6422602540001,1.5904159545898438,1.7483997344970703,,,F5_Rastrigin_SR,50,APSOVI
True,2,44,0.0006549083659592725,function_evaluations,500000,,500000,9999,500000,0,max_function_evaluations,0.00015170000006037299,267.38577126500013,1.7419891357421875,1.9190845489501953,,,F5_Rastrigin_SR,50,APSOVI
True,3,45,4.862634210667238e-05,function_evaluations,500000,,500000,9999,500000,0,max_function_evaluations,0.00014838300012343097,271.8012611830004,1.673797607421875,1.8340473175048828,,,F5_Rastrigin_SR,50,APSOVI
True,4,46,3.224052551331624e-05,function_evaluations,500000,,500000,9999,500000,0,max_function_evaluations,0.0002986849999615515,268.31468841700007,1.560577392578125,1.7188358306884766,,,F5_Rastrigin_SR,50,APSOVI
True,5,47,0.00011390514742970481,function_evaluations,500000,,500000,9999,500000,0,max_function_evaluations,0.00029297699984454084,256.09240726100006,1.7007293701171875,1.8689136505126953,,,F5_Rastrigin_SR,50,APSOVI
True,6,48,2.5244305845717463e-05,function_evaluations,500000,,500000,9999,500000,0,max_function_evaluations,0.0002972430002046167,258.2470338600001,1.7363204956054688,1.9045047760009766,,,F5_Rastrigin_SR,50,APSOVI
True,7,49,1.2314449747918843e-05,function_evaluations,500000,,500000,9999,500000,0,max_function_evaluations,0.00024010700008147978,262.75622780000003,1.5109024047851562,1.6682147979736328,,,F5_Rastrigin_SR,50,APSOVI
True,8,50,0.00020272363917683833,function_evaluations,500000,,500000,9999,500000,0,max_function_evaluations,0.00022994699975242838,252.80856985299988,1.68267822265625,1.8429279327392578,,,F5_Rastrigin_SR,50,APSOVI
True,9,51,9.710689573694253e-05,function_evaluations,500000,,500000,9999,500000,0,max_function_evaluations,0.00022980699986874242,265.42205876299977,1.7125244140625,1.8807086944580078,,,F5_Rastrigin_SR,50,APSOVI
True,10,52,0.0006732955219490577,function_evaluations,500000,,500000,9999,500000,0,max_function_evaluations,0.0002383740002187551,266.89589876699984,1.9039688110351562,2.115121841430664,,,F5_Rastrigin_SR,50,APSOVI
True,11,53,0.0005996981314524419,function_evaluations,500000,,500000,9999,500000,0,max_function_evaluations,0.00023746100032440154,267.7388602840001,1.7664947509765625,1.9435901641845703,,,F5_Rastrigin_SR,50,APSOVI
True,12,54,0.0005695492282598025,function_evaluations,500000,,500000,9999,500000,0,max_function_evaluations,0.00023037100027067936,267.82370558,1.5752182006835938,1.731790542602539,,,F5_Rastrigin_SR,50,APSOVI
True,13,55,1.3676678122465091e-05,function_evaluations,500000,,500000,9999,500000,0,max_function_evaluations,0.00023208400034491206,265.4620436080004,1.8530120849609375,2.0514698028564453,,,F5_Rastrigin_SR,50,APSOVI
True,14,56,4.835290866367359e-05,function_evaluations,500000,,500000,9999,500000,0,max_function_evaluations,0.0006307500002549205,264.8978688520001,1.6758270263671875,1.8360767364501953,,,F5_Rastrigin_SR,50,APSOVI
True,15,57,3.484174123968842e-05,function_evaluations,500000,,500000,9999,500000,0,max_function_evaluations,0.0002689220000320347,257.6582664870002,1.6030654907226562,1.7637042999267578,,,F5_Rastrigin_SR,50,APSOVI
True,16,58,0.0001371614926597431,function_evaluations,500000,,500000,9999,500000,0,max_function_evaluations,0.00026515399986237753,267.9753414669999,1.749053955078125,1.9261493682861328,,,F5_Rastrigin_SR,50,APSOVI
True,17,59,0.00026750460460789327,function_evaluations,500000,,500000,9999,500000,0,max_function_evaluations,0.00026744300021164236,267.321103148,1.602630615234375,1.7581424713134766,,,F5_Rastrigin_SR,50,APSOVI
True,18,60,0.0003325612090634422,function_evaluations,500000,,500000,9999,500000,0,max_function_evaluations,0.000260440000147355,260.92223150300015,1.7734832763671875,1.9505786895751953,,,F5_Rastrigin_SR,50,APSOVI
True,19,61,4.99526834119024e-05,function_evaluations,500000,,500000,9999,500000,0,max_function_evaluations,0.00023525799997514696,261.3256171089997,1.6656112670898438,1.8266468048095703,,,F5_Rastrigin_SR,50,APSOVI
True,20,62,0.0006774309758270647,function_evaluations,500000,,500000,9999,500000,0,max_function_evaluations,0.0002903360000345856,259.9875889949999,1.679931640625,1.8401813507080078,,,F5_Rastrigin_SR,50,APSOVI
True,21,63,0.0006698125129673826,function_evaluations,500000,,500000,9999,500000,0,max_function_evaluations,0.00026883500004259986,263.30322139300006,1.8803176879882812,2.091470718383789,,,F5_Rastrigin_SR,50,APSOVI
True,22,64,0.00026943536232693077,function_evaluations,500000,,500000,9999,500000,0,max_function_evaluations,0.00024122400009218836,120.24522055699981,1.6993865966796875,1.8675708770751953,,,F5_Rastrigin_SR,50,APSOVI
True,23,65,7.80827602966383e-05,function_evaluations,500000,,500000,9999,500000,0,max_function_evaluations,0.0002517319999242318,122.664618582,1.626617431640625,1.7830142974853516,,,F5_Rastrigin_SR,50,APSOVI
True,24,66,0.000913368118233393,function_evaluations,500000,,500000,9999,500000,0,max_function_evaluations,0.0002870809998967161,123.04838371699998,1.8489303588867188,2.0473880767822266,,,F5_Rastrigin_SR,50,APSOVI
True,0,42,0.0010239265523637187,function_evaluations,500000,,500000,9803,500000,0,max_function_evaluations,0.00027851799995914917,270.1081629670002,2.8904523849487305,4.936587333679199,,,F5_Rastrigin_SR,50,APSO
True,1,43,3.194017097030155e-05,function_evaluations,500000,,500000,9803,500000,0,max_function_evaluations,0.00024162599993360345,279.14761624300036,2.9155139923095703,4.972848892211914,,,F5_Rastrigin_SR,50,APSO
True,2,44,0.0005494803332908305,function_evaluations,500000,,500000,9803,500000,0,max_function_evaluations,0.00024260999998659827,276.28702842600023,2.8989133834838867,4.9435529708862305,,,F5_Rastrigin_SR,50,APSO
True,3,45,8.381735875673257e-05,function_evaluations,500000,,500000,9803,500000,0,max_function_evaluations,0.0001509969997641747,261.7960939130003,2.9144582748413086,4.97196102142334,,,F5_Rastrigin_SR,50,APSO
True,4,46,8.126746502057358e-05,function_evaluations,500000,,500000,9803,500000,0,max_function_evaluations,0.00016223800002990174,277.548071618,2.9227962493896484,4.977705001831055,,,F5_Rastrigin_SR,50,APSO
True,5,47,0.00013168228412041572,function_evaluations,500000,,500000,9803,500000,0,max_function_evaluations,0.00015441499999724329,274.6578875659998,2.917783737182617,4.973043441772461,,,F5_Rastrigin_SR,50,APSO
True,6,48,0.0006907069367230179,function_evaluations,500000,,500000,9803,500000,0,max_function_evaluations,0.00015977500015651458,277.69915209400006,2.8958911895751953,4.940988540649414,,,F5_Rastrigin_SR,50,APSO
True,7,49,6.65866346025723e-05,function_evaluations,500000,,500000,9803,500000,0,max_function_evaluations,0.00019149499985360308,281.3897860770003,2.896177291870117,4.941183090209961,,,F5_Rastrigin_SR,50,APSO
True,8,50,0.0004153186661710606,function_evaluations,500000,,500000,9803,500000,0,max_function_evaluations,0.00020451000000321073,268.61018159700006,2.9133949279785156,4.970302581787109,,,F5_Rastrigin_SR,50,APSO
True,9,51,0.0006448194810104724,function_evaluations,500000,,500000,9802,500000,0,max_function_evaluations,0.00019245599969508476,283.17348196099965,2.9086380004882812,4.9508056640625,,,F5_Rastrigin_SR,50,APSO
True,10,52,0.00033668206771153564,function_evaluations,500000,,500000,9803,500000,0,max_function_evaluations,0.00019179599985363893,280.19529381600023,2.89707088470459,4.941534996032715,,,F5_Rastrigin_SR,50,APSO
True,11,53,1.8631846160133136e-05,function_evaluations,500000,,500000,9803,500000,0,max_function_evaluations,0.0002675599998838152,273.4564633189998,2.902876853942871,4.94657039642334,,,F5_Rastrigin_SR,50,APSO
True,12,54,6.167746050778078e-06,function_evaluations,500000,,500000,9803,500000,0,max_function_evaluations,0.0001787559999684163,273.79322612700025,2.8920183181762695,4.937390327453613,,,F5_Rastrigin_SR,50,APSO
True,13,55,0.0001823766950224126,function_evaluations,500000,,500000,9803,500000,0,max_function_evaluations,0.00024649399983900366,268.474734036,2.854990005493164,4.90727424621582,,,F5_Rastrigin_SR,50,APSO
True,14,56,0.00041928132918656047,function_evaluations,500000,,500000,9802,500000,0,max_function_evaluations,0.0002300940000168339,276.74356577000026,2.8948755264282227,4.939644813537598,,,F5_Rastrigin_SR,50,APSO
True,15,57,0.00023613908575725873,function_evaluations,500000,,500000,9802,500000,0,max_function_evaluations,0.0002563580001151422,274.87910318199965,2.8805341720581055,4.928118705749512,,,F5_Rastrigin_SR,50,APSO
True,16,58,3.943790716220974e-08,function_evaluations,500000,,500000,9802,500000,0,max_function_evaluations,0.00028112600011809263,270.0839564189996,2.900240898132324,4.943476676940918,,,F5_Rastrigin_SR,50,APSO
True,17,59,5.511296876647975e-07,function_evaluations,500000,,500000,9803,500000,0,max_function_evaluations,0.00033345400015605264,267.7794162490004,2.894413948059082,4.938748359680176,,,F5_Rastrigin_SR,50,APSO
True,18,60,8.669655704807155e-05,function_evaluations,500000,,500000,9803,500000,0,max_function_evaluations,0.0004379900001367787,275.60105716699945,2.918020248413086,4.973936080932617,,,F5_Rastrigin_SR,50,APSO
True,19,61,0.0002412758291825412,function_evaluations,500000,,500000,9803,500000,0,max_function_evaluations,0.00024931400002969895,272.56613133400015,2.9115705490112305,4.969378471374512,,,F5_Rastrigin_SR,50,APSO
True,20,62,2.268871133992434e-05,function_evaluations,500000,,500000,9803,500000,0,max_function_evaluations,0.0002665560000423284,276.43808771800013,2.881558418273926,4.929539680480957,,,F5_Rastrigin_SR,50,APSO
True,21,63,0.00025278385334104314,function_evaluations,500000,,500000,9802,500000,0,max_function_evaluations,0.00024266399987027398,272.117325274,2.8968076705932617,4.9409284591674805,,,F5_Rastrigin_SR,50,APSO
True,22,64,0.0010904357308163526,function_evaluations,500000,,500000,9803,500000,0,max_function_evaluations,0.0002473340000506141,132.47245354699953,2.9449520111083984,4.996492385864258,,,F5_Rastrigin_SR,50,APSO
True,23,65,2.8176446448924253e-05,function_evaluations,500000,,500000,9803,500000,0,max_function_evaluations,0.00026831499963009264,130.67176910099988,2.9273767471313477,4.981431007385254,,,F5_Rastrigin_SR,50,APSO
True,24,66,1.2441613307601074e-05,function_evaluations,500000,,500000,9803,500000,0,max_function_evaluations,0.00026801700005307794,129.97033799600013,2.9200239181518555,4.976363182067871,,,F5_Rastrigin_SR,50,APSO
True,0,42,0.002880088314157092,function_evaluations,500000,,500000,9999,500000,0,max_function_evaluations,0.0004145140001128311,268.3509020680003,1.9914255142211914,2.1501569747924805,,,F5_Rastrigin_SR,50,UAPSO
True,1,43,0.0031203573878997304,function_evaluations,500000,,500000,9999,500000,0,max_function_evaluations,0.00021661600021616323,266.3689111820004,1.898850440979004,2.054835319519043,,,F5_Rastrigin_SR,50,UAPSO
True,2,44,0.006178556877387109,function_evaluations,500000,,500000,9999,500000,0,max_function_evaluations,0.0003351929999553249,265.1552253760001,1.9930849075317383,2.1514806747436523,,,F5_Rastrigin_SR,50,UAPSO
True,3,45,0.004238798004109867,function_evaluations,500000,,500000,9999,500000,0,max_function_evaluations,0.0003632590005508973,267.05329386499943,1.9196271896362305,2.0771074295043945,,,F5_Rastrigin_SR,50,UAPSO
True,4,46,0.003383184232802705,function_evaluations,500000,,500000,9999,500000,0,max_function_evaluations,0.0003232970002500224,277.11058528300055,1.9241971969604492,2.0807924270629883,,,F5_Rastrigin_SR,50,UAPSO
True,5,47,0.0026019351928994183,function_evaluations,500000,,500000,9999,500000,0,max_function_evaluations,0.0003671100002975436,273.361841166,1.9417200088500977,2.1000242233276367,,,F5_Rastrigin_SR,50,UAPSO
True,6,48,0.0027051144130609828,function_evaluations,500000,,500000,9999,500000,0,max_function_evaluations,0.00026360799984104233,260.391097488,1.9014720916748047,2.0585250854492188,,,F5_Rastrigin_SR,50,UAPSO
True,7,49,0.00014855727431495325,function_evaluations,500000,,500000,9999,500000,0,max_function_evaluations,0.0003005400003530667,274.9184078799999,1.9422016143798828,2.100414276123047,,,F5_Rastrigin_SR,50,UAPSO
True,8,50,0.00038352461018575923,function_evaluations,500000,,500000,9999,500000,0,max_function_evaluations,0.0003675009993457934,265.96378203099994,1.9884700775146484,2.1478118896484375,,,F5_Rastrigin_SR,50,UAPSO
True,9,51,0.0008620020104785908,function_evaluations,500000,,500000,9999,500000,0,max_function_evaluations,0.0003000979995704256,255.57258121500035,1.9055414199829102,2.061831474304199,,,F5_Rastrigin_SR,50,UAPSO
True,10,52,0.002522800205497333,function_evaluations,500000,,500000,9999,500000,0,max_function_evaluations,0.0002890510004363023,261.6275522300002,1.9334125518798828,2.090709686279297,,,F5_Rastrigin_SR,50,UAPSO
True,11,53,0.003077019899080824,function_evaluations,500000,,500000,9999,500000,0,max_function_evaluations,0.00040443000034429133,263.93289979600013,1.9061155319213867,2.062252998352051,,,F5_Rastrigin_SR,50,UAPSO
True,12,54,0.00547309202300994,function_evaluations,500000,,500000,9999,500000,0,max_function_evaluations,0.0003989280003224849,265.4252267010006,1.9097156524658203,2.0670738220214844,,,F5_Rastrigin_SR,50,UAPSO
True,13,55,0.0018273075032766428,function_evaluations,500000,,500000,9999,500000,0,max_function_evaluations,0.00036610600000130944,265.54781689599986,1.9260969161987305,2.0824785232543945,,,F5_Rastrigin_SR,50,UAPSO
True,14,56,0.004130919360363805,function_evaluations,500000,,500000,9999,500000,0,max_function_evaluations,0.00045105000026524067,270.9866651830007,1.9648876190185547,2.1215438842773438,,,F5_Rastrigin_SR,50,UAPSO
True,15,57,0.002327069397381365,function_evaluations,500000,,500000,9999,500000,0,max_function_evaluations,0.0004291679997550091,267.6107312519998,1.958963394165039,2.116992950439453,,,F5_Rastrigin_SR,50,UAPSO
True,16,58,0.006100220337771134,function_evaluations,500000,,500000,9999,500000,0,max_function_evaluations,0.00038620100076514063,259.73740558100053,1.9253654479980469,2.081777572631836,,,F5_Rastrigin_SR,50,UAPSO
True,17,59,0.003780964938357556,function_evaluations,500000,,500000,9999,500000,0,max_function_evaluations,0.00036776799970539287,268.41608898899995,1.9127483367919922,2.0694351196289062,,,F5_Rastrigin_SR,50,UAPSO
True,18,60,0.011663452385732853,function_evaluations,500000,,500000,9999,500000,0,max_function_evaluations,0.00041822999992291443,266.92464640599974,1.9207963943481445,2.0780324935913086,,,F5_Rastrigin_SR,50,UAPSO
True,19,61,0.004566223469453234,function_evaluations,500000,,500000,9999,500000,0,max_function_evaluations,0.00038270400000328664,268.4972793549996,1.9290828704833984,2.0871734619140625,,,F5_Rastrigin_SR,50,UAPSO
True,20,62,0.0012690858071096045,function_evaluations,500000,,500000,9999,500000,0,max_function_evaluations,0.0003770060002352693,257.25075709199973,2.0185394287109375,2.1765384674072266,,,F5_Rastrigin_SR,50,UAPSO
True,21,63,0.001745583468505174,function_evaluations,500000,,500000,9999,500000,0,max_function_evaluations,0.00039333699987764703,260.4060841370001,2.011294364929199,2.1702089309692383,,,F5_Rastrigin_SR,50,UAPSO
True,22,64,0.003225391762612162,function_evaluations,500000,,500000,9999,500000,0,max_function_evaluations,0.00036957300017093075,129.017513066,1.935378074645996,2.092400550842285,,,F5_Rastrigin_SR,50,UAPSO
True,23,65,0.003618058399410984,function_evaluations,500000,,500000,9999,500000,0,max_function_evaluations,0.0004356379995442694,125.26085689899992,1.9958858489990234,2.1535797119140625,,,F5_Rastrigin_SR,50,UAPSO
True,24,66,0.003652277075730126,function_evaluations,500000,,500000,9999,500000,0,max_function_evaluations,0.00037951499962218804,122.27361361400017,1.9300909042358398,2.088089942932129,,,F5_Rastrigin_SR,50,UAPSO
True,0,42,233737.25134902567,function_evaluations,500000,,500000,9999,500000,0,max_function_evaluations,0.00015803699989191955,47.4988506260006,1.1838302612304688,1.3394641876220703,,,F6_Scaffer,50,PSO
True,1,43,652759.3683583642,function_evaluations,500000,,500000,9999,500000,0,max_function_evaluations,0.00013304200001584832,48.94712303400047,1.1842575073242188,1.3397693634033203,,,F6_Scaffer,50,PSO
True,2,44,409478.65663859976,function_evaluations,500000,,500000,9999,500000,0,max_function_evaluations,0.00013603299976239214,50.92889986699993,1.180999755859375,1.336252212524414,,,F6_Scaffer,50,PSO
True,3,45,367421.3775001679,function_evaluations,500000,,500000,9999,500000,0,max_function_evaluations,0.00023036399943521246,55.039755648999744,1.182403564453125,1.338327407836914,,,F6_Scaffer,50,PSO
True,4,46,1010956.7537744206,function_evaluations,500000,,500000,9999,500000,0,max_function_evaluations,0.00024004600072657922,50.62162453400015,1.18017578125,1.335458755493164,,,F6_Scaffer,50,PSO
True,5,47,234473.12257641478,function_evaluations,500000,,500000,9999,500000,0,max_function_evaluations,0.00022467899998446228,54.35330716200042,1.1822357177734375,1.3381290435791016,,,F6_Scaffer,50,PSO
True,6,48,422891.8107951135,function_evaluations,500000,,500000,9999,500000,0,max_function_evaluations,0.00021748200015281327,42.46971705299984,1.2046585083007812,1.3600482940673828,,,F6_Scaffer,50,PSO
True,7,49,301269.5748694877,function_evaluations,500000,,500000,9999,500000,0,max_function_evaluations,0.00019394799983274424,52.370196688999386,1.18365478515625,1.339273452758789,,,F6_Scaffer,50,PSO
True,8,50,328833.0726330653,function_evaluations,500000,,500000,9999,500000,0,max_function_evaluations,0.00019180000072083203,57.963613447999705,1.1798782348632812,1.3353137969970703,,,F6_Scaffer,50,PSO
True,9,51,447807.0680957052,function_evaluations,500000,,500000,9999,500000,0,max_function_evaluations,0.00018833400008588796,46.0150083059998,1.1684036254882812,1.3237628936767578,,,F6_Scaffer,50,PSO
True,10,52,668704.3029585888,function_evaluations,500000,,500000,9999,500000,0,max_function_evaluations,0.0002009029994951561,43.59185001100013,1.1706390380859375,1.3261966705322266,,,F6_Scaffer,50,PSO
True,11,53,876073.6346378721,function_evaluations,500000,,500000,9999,500000,0,max_function_evaluations,0.00021619499966618605,46.60891317699952,1.1774749755859375,1.333292007446289,,,F6_Scaffer,50,PSO
True,12,54,261500.78680520804,function_evaluations,500000,,500000,9999,500000,0,max_function_evaluations,0.0002496309998605284,52.59623736699996,1.1949844360351562,1.3508014678955078,,,F6_Scaffer,50,PSO
True,13,55,292364.49513286405,function_evaluations,500000,,500000,9999,500000,0,max_function_evaluations,0.0002389189994573826,45.81784621099996,1.1952896118164062,1.3510761260986328,,,F6_Scaffer,50,PSO
True,14,56,239344.2055602055,function_evaluations,500000,,500000,9999,500000,0,max_function_evaluations,0.00022078799975133734,47.73806401599995,1.2306594848632812,1.3862934112548828,,,F6_Scaffer,50,PSO
True,15,57,520647.7081074559,function_evaluations,500000,,500000,9999,500000,0,max_function_evaluations,0.0002247399997941102,47.28483954500007,1.1949386596679688,1.3508319854736328,,,F6_Scaffer,50,PSO
True,16,58,179010.09319492872,function_evaluations,500000,,500000,9999,500000,0,max_function_evaluations,0.00026106800032721367,53.14924539099957,1.1771621704101562,1.3330097198486328,,,F6_Scaffer,50,PSO
True,17,59,473611.52578831534,function_evaluations,500000,,500000,9999,500000,0,max_function_evaluations,0.00023878899992268998,53.883418694000284,1.186065673828125,1.3413028717041016,,,F6_Scaffer,50,PSO
True,18,60,483233.6800950344,function_evaluations,500000,,500000,9999,500000,0,max_function_evaluations,0.00021476900019479217,47.51634563300013,1.1739501953125,1.329568862915039,,,F6_Scaffer,50,PSO
True,19,61,1299709.942690686,function_evaluations,500000,,500000,9999,500000,0,max_function_evaluations,0.0002411519999441225,44.881063951000215,1.19305419921875,1.3485050201416016,,,F6_Scaffer,50,PSO
True,20,62,562976.515402667,function_evaluations,500000,,500000,9999,500000,0,max_function_evaluations,0.0002733709998210543,52.24908296899957,1.2012252807617188,1.3571796417236328,,,F6_Scaffer,50,PSO
True,21,63,950823.0434983727,function_evaluations,500000,,500000,9999,500000,0,max_function_evaluations,0.00027176599996892037,47.431641547000254,1.1924209594726562,1.3475666046142578,,,F6_Scaffer,50,PSO
True,22,64,142552.59560643937,function_evaluations,500000,,500000,9999,500000,0,max_function_evaluations,0.0002250359993922757,30.557832928999233,1.2022705078125,1.358102798461914,,,F6_Scaffer,50,PSO
True,23,65,857815.3607176525,function_evaluations,500000,,500000,9999,500000,0,max_function_evaluations,0.00022763400011172052,26.581315225000253,1.19091796875,1.3462467193603516,,,F6_Scaffer,50,PSO
True,24,66,437747.3864951219,function_evaluations,500000,,500000,9999,500000,0,max_function_evaluations,0.00024036000013438752,23.36940733100073,1.1952362060546875,1.351053237915039,,,F6_Scaffer,50,PSO
True,0,42,381500.361706361,function_evaluations,500000,,500000,9999,500000,0,max_function_evaluations,0.00015100600012374343,49.78078282399929,1.5537490844726562,1.709115982055664,,,F6_Scaffer,50,PSOLVIW
True,1,43,369758.4134490906,function_evaluations,500000,,500000,9999,500000,0,max_function_evaluations,0.00019283800065750256,49.429624370000056,1.543304443359375,1.7005634307861328,,,F6_Scaffer,50,PSOLVIW
True,2,44,365255.0839292457,function_evaluations,500000,,500000,9999,500000,0,max_function_evaluations,0.00021181800002523232,54.73992873399948,1.5647430419921875,1.7222461700439453,,,F6_Scaffer,50,PSOLVIW
True,3,45,1759309.7096941317,function_evaluations,500000,,500000,9999,500000,0,max_function_evaluations,0.00022606599941354943,46.29420541400032,1.5902862548828125,1.7473621368408203,,,F6_Scaffer,50,PSOLVIW
True,4,46,824484.4252191854,function_evaluations,500000,,500000,9999,500000,0,max_function_evaluations,0.0001843349991759169,52.89102924500003,1.5083236694335938,1.664316177368164,,,F6_Scaffer,50,PSOLVIW
True,5,47,446787.21759039984,function_evaluations,500000,,500000,9999,500000,0,max_function_evaluations,0.00019578000046749366,52.99128138099968,1.5961685180664062,1.7521076202392578,,,F6_Scaffer,50,PSOLVIW
True,6,48,930193.36150996,function_evaluations,500000,,500000,9999,500000,0,max_function_evaluations,0.0002193729997088667,52.10976510300043,1.569000244140625,1.7255420684814453,,,F6_Scaffer,50,PSOLVIW
True,7,49,348613.87235502247,function_evaluations,500000,,500000,9999,500000,0,max_function_evaluations,0.00019417100065766135,56.165143209000234,1.578521728515625,1.7377643585205078,,,F6_Scaffer,50,PSOLVIW
True,8,50,1249522.701234929,function_evaluations,500000,,500000,9999,500000,0,max_function_evaluations,0.00018773200008581625,43.85721026699957,1.6191253662109375,1.7764453887939453,,,F6_Scaffer,50,PSOLVIW
True,9,51,560873.9081050269,function_evaluations,500000,,500000,9999,500000,0,max_function_evaluations,0.00019867899936798494,57.7322662079996,1.6045455932617188,1.7638416290283203,,,F6_Scaffer,50,PSOLVIW
True,10,52,822156.6357725803,function_evaluations,500000,,500000,9999,500000,0,max_function_evaluations,0.00020723099987662863,42.69569786699958,1.5322952270507812,1.687936782836914,,,F6_Scaffer,50,PSOLVIW
True,11,53,505534.9006356468,function_evaluations,500000,,500000,9999,500000,0,max_function_evaluations,0.00015776199961692328,44.19502355399982,1.5729141235351562,1.7322940826416016,,,F6_Scaffer,50,PSOLVIW
True,12,54,1043477.8149880954,function_evaluations,500000,,500000,9999,500000,0,max_function_evaluations,0.00023343400062003639,45.224391448999995,1.5711898803710938,1.727121353149414,,,F6_Scaffer,50,PSOLVIW
True,13,55,527254.8980596226,function_evaluations,500000,,500000,9999,500000,0,max_function_evaluations,0.00023049799983709818,48.443899568000234,1.6079330444335938,1.767251968383789,,,F6_Scaffer,50,PSOLVIW
True,14,56,244234.81349636993,function_evaluations,500000,,500000,9999,500000,0,max_function_evaluations,0.00022207499932846986,52.396197068999754,1.6080703735351562,1.766946792602539,,,F6_Scaffer,50,PSOLVIW
True,15,57,870949.6980469408,function_evaluations,500000,,500000,9999,500000,0,max_function_evaluations,0.0002678099999684491,53.08230722399912,1.5664596557617188,1.7237186431884766,,,F6_Scaffer,50,PSOLVIW
True,16,58,274803.7363763492,function_evaluations,500000,,500000,9999,500000,0,max_function_evaluations,0.00022771800013288157,50.12777244900008,1.5963516235351562,1.752511978149414,,,F6_Scaffer,50,PSOLVIW
True,17,59,667445.5268389058,function_evaluations,500000,,500000,9999,500000,0,max_function_evaluations,0.00023236099968926283,50.67176095499963,1.5430068969726562,1.7002201080322266,,,F6_Scaffer,50,PSOLVIW
True,18,60,874854.7532036637,function_evaluations,500000,,500000,9999,500000,0,max_function_evaluations,0.00022838000040792394,40.374682321000364,1.5344696044921875,1.6896533966064453,,,F6_Scaffer,50,PSOLVIW
True,19,61,1287958.7431221101,function_evaluations,500000,,500000,9999,500000,0,max_function_evaluations,0.0002607409996926435,47.14498709599957,1.5471115112304688,1.7036075592041016,,,F6_Scaffer,50,PSOLVIW
True,20,62,1029006.2561382737,function_evaluations,500000,,500000,9999,500000,0,max_function_evaluations,0.00026023299960797885,52.70580939800038,1.5608444213867188,1.718790054321289,,,F6_Scaffer,50,PSOLVIW
True,21,63,826501.2510284918,function_evaluations,500000,,500000,9999,500000,0,max_function_evaluations,0.00026724300005298574,51.16393930399954,1.6027603149414062,1.7625064849853516,,,F6_Scaffer,50,PSOLVIW
True,22,64,131413.53106363208,function_evaluations,500000,,500000,9999,500000,0,max_function_evaluations,0.00024259900055767503,27.601225002999854,1.5603179931640625,1.7185077667236328,,,F6_Scaffer,50,PSOLVIW
True,23,65,800617.5493823988,function_evaluations,500000,,500000,9999,500000,0,max_function_evaluations,0.00022883999918121845,33.213239650000105,1.5532073974609375,1.7086963653564453,,,F6_Scaffer,50,PSOLVIW
True,24,66,499738.3586010524,function_evaluations,500000,,500000,9999,500000,0,max_function_evaluations,0.0001721479993648245,27.1145694479992,1.5165023803710938,1.6717472076416016,,,F6_Scaffer,50,PSOLVIW
True,0,42,79785.89054495699,function_evaluations,500000,,500000,9999,500000,0,max_function_evaluations,0.0001572560004206025,50.394420048999564,2.049407958984375,2.208353042602539,,,F6_Scaffer,50,PSOTVAC
True,1,43,67597.06904327392,function_evaluations,500000,,500000,9999,500000,0,max_function_evaluations,0.00015570100003969856,45.43973168199955,1.9895782470703125,2.147012710571289,,,F6_Scaffer,50,PSOTVAC
True,2,44,16469.562560679657,function_evaluations,500000,,500000,9999,500000,0,max_function_evaluations,0.00020536900046863593,49.34728028100017,1.9953231811523438,2.151704788208008,,,F6_Scaffer,50,PSOTVAC
True,3,45,195807.02500981253,function_evaluations,500000,,500000,9999,500000,0,max_function_evaluations,0.00022579300002689706,54.12852162499985,2.076629638671875,2.2357425689697266,,,F6_Scaffer,50,PSOTVAC
True,4,46,74548.31029940146,function_evaluations,500000,,500000,9999,500000,0,max_function_evaluations,0.00020652700004575308,52.6946567570003,1.9875106811523438,2.1450977325439453,,,F6_Scaffer,50,PSOTVAC
True,5,47,14983.087755468494,function_evaluations,500000,,500000,9999,500000,0,max_function_evaluations,0.00023124699964682804,44.63702084400029,2.0277786254882812,2.1864490509033203,,,F6_Scaffer,50,PSOTVAC
True,6,48,151644.9126247789,function_evaluations,500000,,500000,9999,500000,0,max_function_evaluations,0.0002325389996258309,56.919264002999626,2.128509521484375,2.284463882446289,,,F6_Scaffer,50,PSOTVAC
True,7,49,375364.47946021473,function_evaluations,500000,,500000,9999,500000,0,max_function_evaluations,0.00022103699939179933,48.603857295000125,2.015472412109375,2.171457290649414,,,F6_Scaffer,50,PSOTVAC
True,8,50,90669.75151634845,function_evaluations,500000,,500000,9999,500000,0,max_function_evaluations,0.00018836399976862594,44.552322255000036,2.1512527465820312,2.3115100860595703,,,F6_Scaffer,50,PSOTVAC
True,9,51,38761.6187220475,function_evaluations,500000,,500000,9999,500000,0,max_function_evaluations,0.00019047600017074728,49.719862922000175,2.1227569580078125,2.278268814086914,,,F6_Scaffer,50,PSOTVAC
True,10,52,472.2404770329108,function_evaluations,500000,,500000,9999,500000,0,max_function_evaluations,0.00019403100031922804,54.56637211799989,2.2583541870117188,2.4455127716064453,,,F6_Scaffer,50,PSOTVAC
True,11,53,100811.75392415395,function_evaluations,500000,,500000,9999,500000,0,max_function_evaluations,0.000245213999733096,50.77521860300021,1.9972686767578125,2.1530704498291016,,,F6_Scaffer,50,PSOTVAC
True,12,54,33217.870862727505,function_evaluations,500000,,500000,9999,500000,0,max_function_evaluations,0.0002341010003874544,43.10836468300022,2.1678237915039062,2.3360157012939453,,,F6_Scaffer,50,PSOTVAC
True,13,55,82173.68345850075,function_evaluations,500000,,500000,9999,500000,0,max_function_evaluations,0.00023657400015508756,50.20881574000032,2.0120315551757812,2.169008255004883,,,F6_Scaffer,50,PSOTVAC
True,14,56,27998.935593107675,function_evaluations,500000,,500000,9999,500000,0,max_function_evaluations,0.00023315800081036286,52.98908494999978,2.1231155395507812,2.279176712036133,,,F6_Scaffer,50,PSOTVAC
True,15,57,63146.92478780173,function_evaluations,500000,,500000,9999,500000,0,max_function_evaluations,0.00024835800013534026,52.14665744100057,2.366241455078125,2.5773868560791016,,,F6_Scaffer,50,PSOTVAC
True,16,58,31296.266656078606,function_evaluations,500000,,500000,9999,500000,0,max_function_evaluations,0.00023653800053580198,52.251023454999995,2.0139083862304688,2.170808792114258,,,F6_Scaffer,50,PSOTVAC
True,17,59,31412.426768373283,function_evaluations,500000,,500000,9999,500000,0,max_function_evaluations,0.0002695089997359901,51.67468351600019,2.1340866088867188,2.294374465942383,,,F6_Scaffer,50,PSOTVAC
True,18,60,451.67034646035427,function_evaluations,500000,,500000,9999,500000,0,max_function_evaluations,0.00025174100028380053,47.38322913100001,2.0586624145507812,2.2161121368408203,,,F6_Scaffer,50,PSOTVAC
True,19,61,84449.31501478964,function_evaluations,500000,,500000,9999,500000,0,max_function_evaluations,0.0002610039991850499,50.18640234400027,1.9720077514648438,2.129060745239258,,,F6_Scaffer,50,PSOTVAC
True,20,62,58795.11147445022,function_evaluations,500000,,500000,9999,500000,0,max_function_evaluations,0.00026472900026419666,52.09091780200015,2.0702743530273438,2.230501174926758,,,F6_Scaffer,50,PSOTVAC
True,21,63,80756.33004024845,function_evaluations,500000,,500000,9999,500000,0,max_function_evaluations,0.0002513660001568496,39.81600239399995,2.0302963256835938,2.1882190704345703,,,F6_Scaffer,50,PSOTVAC
True,22,64,333.37916259379597,function_evaluations,500000,,500000,9999,500000,0,max_function_evaluations,0.0002750350004134816,29.41279547999966,2.4859237670898438,2.7113513946533203,,,F6_Scaffer,50,PSOTVAC
True,23,65,14867.006980036558,function_evaluations,500000,,500000,9999,500000,0,max_function_evaluations,0.00029341099980229046,27.058900443999846,2.1962203979492188,2.3643970489501953,,,F6_Scaffer,50,PSOTVAC
True,24,66,31429.167687446195,function_evaluations,500000,,500000,9999,500000,0,max_function_evaluations,0.00020428800053196028,23.701273570000012,1.9841842651367188,2.1424732208251953,,,F6_Scaffer,50,PSOTVAC
True,0,42,958291.8408069909,function_evaluations,500000,,500000,9999,500000,0,max_function_evaluations,0.0002733829996941495,51.16518319199986,1.5973434448242188,1.7529010772705078,,,F6_Scaffer,50,APSOVI
True,1,43,592475.7833838165,function_evaluations,500000,,500000,9999,500000,0,max_function_evaluations,0.0001553430001877132,55.37687988699963,1.5993804931640625,1.7543888092041016,,,F6_Scaffer,50,APSOVI
True,2,44,578453.3846661232,function_evaluations,500000,,500000,9999,500000,0,max_function_evaluations,0.00014713099972141208,47.7078251490002,1.5732803344726562,1.7304401397705078,,,F6_Scaffer,50,APSOVI
True,3,45,427849.6373080742,function_evaluations,500000,,500000,9999,500000,0,max_function_evaluations,0.00026993600022251485,48.93008943099994,1.530609130859375,1.686960220336914,,,F6_Scaffer,50,APSOVI
True,4,46,618726.2806808065,function_evaluations,500000,,500000,9999,500000,0,max_function_evaluations,0.00016878099995665252,51.11290567099968,1.4957809448242188,1.6523609161376953,,,F6_Scaffer,50,APSOVI
True,5,47,115231.50196645959,function_evaluations,500000,,500000,9999,500000,0,max_function_evaluations,0.00019779200010816567,50.558889246000035,1.4864425659179688,1.6428699493408203,,,F6_Scaffer,50,APSOVI
True,6,48,417492.9507441744,function_evaluations,500000,,500000,9999,500000,0,max_function_evaluations,0.00021059500068076886,53.888458020000144,1.497039794921875,1.654520034790039,,,F6_Scaffer,50,APSOVI
True,7,49,463482.5445325632,function_evaluations,500000,,500000,9999,500000,0,max_function_evaluations,0.00019381600031920243,53.395002190000014,1.6037521362304688,1.763986587524414,,,F6_Scaffer,50,APSOVI
True,8,50,1139506.443476383,function_evaluations,500000,,500000,9999,500000,0,max_function_evaluations,0.000194709000425064,49.63051823400019,1.5791168212890625,1.7377185821533203,,,F6_Scaffer,50,APSOVI
True,9,51,610015.7412103047,function_evaluations,500000,,500000,9999,500000,0,max_function_evaluations,0.00026179499946010765,52.111942710999756,1.618316650390625,1.7757129669189453,,,F6_Scaffer,50,APSOVI
True,10,52,538494.8826124435,function_evaluations,500000,,500000,9999,500000,0,max_function_evaluations,0.00024139599918271415,49.93463604000044,1.5276412963867188,1.6842517852783203,,,F6_Scaffer,50,APSOVI
True,11,53,364553.02761732065,function_evaluations,500000,,500000,9999,500000,0,max_function_evaluations,0.0002359709997108439,47.02336995800033,1.5378646850585938,1.6964435577392578,,,F6_Scaffer,50,APSOVI
True,12,54,761986.2753420131,function_evaluations,500000,,500000,9999,500000,0,max_function_evaluations,0.00026544200045464095,43.20509039100034,1.6008987426757812,1.7562732696533203,,,F6_Scaffer,50,APSOVI
True,13,55,478256.9320935242,function_evaluations,500000,,500000,9999,500000,0,max_function_evaluations,0.0002517259999876842,52.93056985400017,1.59429931640625,1.7501850128173828,,,F6_Scaffer,50,APSOVI
True,14,56,223694.7765943024,function_evaluations,500000,,500000,9999,500000,0,max_function_evaluations,0.00019419599993852898,51.58544054499998,1.6153030395507812,1.7734241485595703,,,F6_Scaffer,50,APSOVI
True,15,57,931964.1200128723,function_evaluations,500000,,500000,9999,500000,0,max_function_evaluations,0.0001824850005505141,54.29406024800028,1.5325393676757812,1.6896991729736328,,,F6_Scaffer,50,APSOVI
True,16,58,694835.1936368765,function_evaluations,500000,,500000,9999,500000,0,max_function_evaluations,0.00025931500022124965,50.137756313000864,1.5501022338867188,1.7094898223876953,,,F6_Scaffer,50,APSOVI
True,17,59,344983.9317233841,function_evaluations,500000,,500000,9999,500000,0,max_function_evaluations,0.0002354440002818592,48.303316802000154,1.6054611206054688,1.7650165557861328,,,F6_Scaffer,50,APSOVI
True,18,60,1538895.5510542258,function_evaluations,500000,,500000,9999,500000,0,max_function_evaluations,0.00023243899977387628,53.23228174399992,1.5921478271484375,1.7486591339111328,,,F6_Scaffer,50,APSOVI
True,19,61,546031.5111353018,function_evaluations,500000,,500000,9999,500000,0,max_function_evaluations,0.0002635060000102385,55.12952036000024,1.5137176513671875,1.6702289581298828,,,F6_Scaffer,50,APSOVI
True,20,62,891665.9823963242,function_evaluations,500000,,500000,9999,500000,0,max_function_evaluations,0.00026569100009510294,52.09170356100003,1.5939102172851562,1.7500629425048828,,,F6_Scaffer,50,APSOVI
True,21,63,999087.7306673808,function_evaluations,500000,,500000,9999,500000,0,max_function_evaluations,0.00026827300007425947,49.849113571999624,1.5094833374023438,1.6668415069580078,,,F6_Scaffer,50,APSOVI
True,22,64,532069.6591059548,function_evaluations,500000,,500000,9999,500000,0,max_function_evaluations,0.0002416400002402952,27.3769984620003,1.4697494506835938,1.6266345977783203,,,F6_Scaffer,50,APSOVI
True,23,65,780172.9531321066,function_evaluations,500000,,500000,9999,500000,0,max_function_evaluations,0.0002519059999031015,28.63686039300046,1.6133956909179688,1.771646499633789,,,F6_Scaffer,50,APSOVI
True,24,66,190375.98496297907,function_evaluations,500000,,500000,9999,500000,0,max_function_evaluations,0.00024385600045206957,23.76438218400017,1.6203460693359375,1.7774982452392578,,,F6_Scaffer,50,APSOVI
True,0,42,588.7426042464626,function_evaluations,500000,,500000,9803,500000,0,max_function_evaluations,0.00017219199980900157,63.67936246199952,2.704923629760742,4.748083114624023,,,F6_Scaffer,50,APSO
True,1,43,322.27693915813927,function_evaluations,500000,,500000,9803,500000,0,max_function_evaluations,0.0001979649996428634,59.354783783999665,2.3263158798217773,4.368468284606934,,,F6_Scaffer,50,APSO
True,2,44,648.7813391228747,function_evaluations,500000,,500000,9803,500000,0,max_function_evaluations,0.00020367100023577223,59.93771988400022,2.559171676635742,4.601202011108398,,,F6_Scaffer,50,APSO
True,3,45,451.1544277015605,function_evaluations,500000,,500000,9803,500000,0,max_function_evaluations,0.00021702799949707696,63.115703618000225,2.571608543395996,4.620383262634277,,,F6_Scaffer,50,APSO
True,4,46,398.9367621212966,function_evaluations,500000,,500000,9803,500000,0,max_function_evaluations,0.0002532259995859931,64.74107169800027,2.3981828689575195,4.442044258117676,,,F6_Scaffer,50,APSO
True,5,47,657.4768738675291,function_evaluations,500000,,500000,9803,500000,0,max_function_evaluations,0.00030012700062798103,59.43392662599945,2.7629308700561523,4.805937767028809,,,F6_Scaffer,50,APSO
True,6,48,917.7872891515549,function_evaluations,500000,,500000,9803,500000,0,max_function_evaluations,0.00021515000025829067,68.378570932,2.7347288131713867,4.784632682800293,,,F6_Scaffer,50,APSO
True,7,49,458.3311269269143,function_evaluations,500000,,500000,9803,500000,0,max_function_evaluations,0.0002476720001141075,68.33174149899969,2.34572696685791,4.390809059143066,,,F6_Scaffer,50,APSO
True,8,50,369.45497177317134,function_evaluations,500000,,500000,9803,500000,0,max_function_evaluations,0.00019436000002315268,55.120381153999915,2.9520492553710938,5.007171630859375,,,F6_Scaffer,50,APSO
True,9,51,354.6876442681796,function_evaluations,500000,,500000,9803,500000,0,max_function_evaluations,0.0002341189992876025,61.94556562300022,2.4705982208251953,4.512445449829102,,,F6_Scaffer,50,APSO
True,10,52,419.04547132543007,function_evaluations,500000,,500000,9803,500000,0,max_function_evaluations,0.00020779200076503912,60.87010226500024,2.369232177734375,4.414283752441406,,,F6_Scaffer,50,APSO
True,11,53,551.953703057733,function_evaluations,500000,,500000,9803,500000,0,max_function_evaluations,0.0002491289997124113,60.53612924299978,2.4348068237304688,4.47711181640625,,,F6_Scaffer,50,APSO
True,12,54,702.8306283966924,function_evaluations,500000,,500000,9803,500000,0,max_function_evaluations,0.00025018300038937014,65.37821947700013,2.7920894622802734,4.834455490112305,,,F6_Scaffer,50,APSO
True,13,55,454.4195737828727,function_evaluations,500000,,500000,9803,500000,0,max_function_evaluations,0.00031292599942389643,64.45653796499937,2.31539249420166,4.359467506408691,,,F6_Scaffer,50,APSO
True,14,56,467.61776284750886,function_evaluations,500000,,500000,9803,500000,0,max_function_evaluations,0.00023976700049388455,62.7708373129999,2.415452003479004,4.461113929748535,,,F6_Scaffer,50,APSO
True,15,57,663.0925280276024,function_evaluations,500000,,500000,9803,500000,0,max_function_evaluations,0.00024888700045266887,59.57675652499984,2.704130172729492,4.749578475952148,,,F6_Scaffer,50,APSO
True,16,58,613.0096480757925,function_evaluations,500000,,500000,9803,500000,0,max_function_evaluations,0.0002594959996713442,63.48754444199949,2.7847280502319336,4.838496208190918,,,F6_Scaffer,50,APSO
True,17,59,444.7037248780223,function_evaluations,500000,,500000,9803,500000,0,max_function_evaluations,0.00031559300077788066,57.055223606000254,2.4543075561523438,4.4962921142578125,,,F6_Scaffer,50,APSO
True,18,60,268.4981431889705,function_evaluations,500000,,500000,9803,500000,0,max_function_evaluations,0.00026079999952344224,63.49591600900021,2.3136444091796875,4.355461120605469,,,F6_Scaffer,50,APSO
True,19,61,682.5081158126909,function_evaluations,500000,,500000,9803,500000,0,max_function_evaluations,0.0002624379994813353,64.39640848900035,2.777027130126953,4.831783294677734,,,F6_Scaffer,50,APSO
True,20,62,313.19261330957556,function_evaluations,500000,,500000,9803,500000,0,max_function_evaluations,0.0002554809998400742,62.901041357000395,2.6207189559936523,4.668944358825684,,,F6_Scaffer,50,APSO
True,21,63,767.5878262710048,function_evaluations,500000,,500000,9803,500000,0,max_function_evaluations,0.0002550050003264914,60.48227160799979,2.9180421829223633,4.9625444412231445,,,F6_Scaffer,50,APSO
True,22,64,391.0443861289016,function_evaluations,500000,,500000,9803,500000,0,max_function_evaluations,0.0002525949994378607,31.83645019300002,2.4358978271484375,4.478581428527832,,,F6_Scaffer,50,APSO
True,23,65,231.0302240858207,function_evaluations,500000,,500000,9803,500000,0,max_function_evaluations,0.00025160999939544126,29.1212605110004,2.3321781158447266,4.376283645629883,,,F6_Scaffer,50,APSO
True,24,66,493.8287430874311,function_evaluations,500000,,500000,9803,500000,0,max_function_evaluations,0.00024547300017729867,28.927748809999684,2.71420955657959,4.768004417419434,,,F6_Scaffer,50,APSO
True,0,42,1225068.8302280563,function_evaluations,500000,,500000,9999,500000,0,max_function_evaluations,0.000250942000093346,54.29850127999998,2.081925392150879,2.237635612487793,,,F6_Scaffer,50,UAPSO
True,1,43,1118098.7104528425,function_evaluations,500000,,500000,9999,500000,0,max_function_evaluations,0.0003914460003215936,54.70762906900018,1.9488658905029297,2.1056747436523438,,,F6_Scaffer,50,UAPSO
True,2,44,601436.6767488836,function_evaluations,500000,,500000,9999,500000,0,max_function_evaluations,0.00033884700042108307,48.170886449000136,2.044468879699707,2.201979637145996,,,F6_Scaffer,50,UAPSO
True,3,45,1107706.2551580437,function_evaluations,500000,,500000,9999,500000,0,max_function_evaluations,0.00038572499943256844,54.97789368600024,1.9809246063232422,2.1380081176757812,,,F6_Scaffer,50,UAPSO
True,4,46,1053160.5417546479,function_evaluations,500000,,500000,9999,500000,0,max_function_evaluations,0.00039260799985640915,53.278990590999456,1.9593000411987305,2.1171159744262695,,,F6_Scaffer,50,UAPSO
True,5,47,519822.0393466238,function_evaluations,500000,,500000,9999,500000,0,max_function_evaluations,0.00037039800008642487,50.7368257220005,2.00406551361084,2.160264015197754,,,F6_Scaffer,50,UAPSO
True,6,48,1667946.215137556,function_evaluations,500000,,500000,9999,500000,0,max_function_evaluations,0.0002290560005349107,59.22882563999974,1.9551820755004883,2.1109838485717773,,,F6_Scaffer,50,UAPSO
True,7,49,502025.64141927636,function_evaluations,500000,,500000,9999,500000,0,max_function_evaluations,0.00034234400027344236,58.0481485549999,1.9516191482543945,2.1079397201538086,,,F6_Scaffer,50,UAPSO
True,8,50,1086998.0233497191,function_evaluations,500000,,500000,9999,500000,0,max_function_evaluations,0.0003004219997819746,51.24434037999981,2.073235511779785,2.230380058288574,,,F6_Scaffer,50,UAPSO
True,9,51,376859.706753884,function_evaluations,500000,,500000,9999,500000,0,max_function_evaluations,0.00031573100022797007,55.1798705680003,1.9850683212280273,2.1412057876586914,,,F6_Scaffer,50,UAPSO
True,10,52,1442428.0566425617,function_evaluations,500000,,500000,9999,500000,0,max_function_evaluations,0.0003243099999963306,57.31720163499995,1.9683046340942383,2.1244115829467773,,,F6_Scaffer,50,UAPSO
True,11,53,1607883.1385609393,function_evaluations,500000,,500000,9999,500000,0,max_function_evaluations,0.0003876490000038757,51.2892659879999,1.9190597534179688,2.076539993286133,,,F6_Scaffer,50,UAPSO
True,12,54,1627739.750894509,function_evaluations,500000,,500000,9999,500000,0,max_function_evaluations,0.00037212600000202656,52.75657469399994,1.9140357971191406,2.0704784393310547,,,F6_Scaffer,50,UAPSO
True,13,55,342596.06672699924,function_evaluations,500000,,500000,9999,500000,0,max_function_evaluations,0.0004383079995022854,59.179773259000285,1.9841079711914062,2.1405506134033203,,,F6_Scaffer,50,UAPSO
True,14,56,1264499.9964360252,function_evaluations,500000,,500000,9999,500000,0,max_function_evaluations,0.00038499600032082526,54.189453605999915,1.9558897018432617,2.114468574523926,,,F6_Scaffer,50,UAPSO
True,15,57,482388.34179634455,function_evaluations,500000,,500000,9999,500000,0,max_function_evaluations,0.0003868389994750032,46.418005075999645,1.9757452011108398,2.134018898010254,,,F6_Scaffer,50,UAPSO
True,16,58,231449.2870057851,function_evaluations,500000,,500000,9999,500000,0,max_function_evaluations,0.0004131109999434557,52.46902055800001,1.9613924026489258,2.118903160095215,,,F6_Scaffer,50,UAPSO
True,17,59,1356196.7080172529,function_evaluations,500000,,500000,9999,500000,0,max_function_evaluations,0.00038306300029944396,51.84456483900067,1.9630804061889648,2.1202125549316406,,,F6_Scaffer,50,UAPSO
True,18,60,2907570.9705480677,function_evaluations,500000,,500000,9999,500000,0,max_function_evaluations,0.00038059500002418645,57.304072139999334,1.9553937911987305,2.1140336990356445,,,F6_Scaffer,50,UAPSO
True,19,61,2489726.6992925294,function_evaluations,500000,,500000,9999,500000,0,max_function_evaluations,0.0003763409995372058,55.46287446800034,1.9380378723144531,2.094511032104492,,,F6_Scaffer,50,UAPSO
True,20,62,1055341.5989505202,function_evaluations,500000,,500000,9999,500000,0,max_function_evaluations,0.0003814779993263073,56.68216899399977,2.003188133239746,2.15975284576416,,,F6_Scaffer,50,UAPSO
True,21,63,2366019.966426617,function_evaluations,500000,,500000,9999,500000,0,max_function_evaluations,0.00043949100017925957,53.75208333200044,1.9597549438476562,2.1174182891845703,,,F6_Scaffer,50,UAPSO
True,22,64,1080636.1773909305,function_evaluations,500000,,500000,9999,500000,0,max_function_evaluations,0.0004967960003341432,28.51574236599936,1.9688777923583984,2.1248016357421875,,,F6_Scaffer,50,UAPSO
True,23,65,930112.7124167089,function_evaluations,500000,,500000,9999,500000,0,max_function_evaluations,0.0003589830002965755,27.74542522399952,1.9482345581054688,2.105134963989258,,,F6_Scaffer,50,UAPSO
True,24,66,2260181.4722000454,function_evaluations,500000,,500000,9999,500000,0,max_function_evaluations,0.00037658899964299053,26.00940104199981,1.9147405624389648,2.071091651916504,,,F6_Scaffer,50,UAPSO
True,0,42,783.5411053253606,function_evaluations,500000,,500000,9999,500000,0,max_function_evaluations,0.00018035100038105156,104.95208777100015,1.1641426086425781,1.3195629119873047,,,F7_LunacekBiRastr,50,PSO
True,1,43,760.6582089764465,function_evaluations,500000,,500000,9999,500000,0,max_function_evaluations,0.00021343299977161223,108.45078532199932,1.161346435546875,1.3169193267822266,,,F7_LunacekBiRastr,50,PSO
True,2,44,938.3641777972143,function_evaluations,500000,,500000,9999,500000,0,max_function_evaluations,0.00024164100068446714,120.44562914400012,1.1626167297363281,1.3179149627685547,,,F7_LunacekBiRastr,50,PSO
True,3,45,668.9926943476191,function_evaluations,500000,,500000,9999,500000,0,max_function_evaluations,0.0002577220002422109,113.73825564599974,1.1658973693847656,1.321176528930664,,,F7_LunacekBiRastr,50,PSO
True,4,46,656.1655717804638,function_evaluations,500000,,500000,9999,500000,0,max_function_evaluations,0.00024075300007098122,121.71447976699983,1.1658554077148438,1.3210926055908203,,,F7_LunacekBiRastr,50,PSO
True,5,47,839.2455986659056,function_evaluations,500000,,500000,9999,500000,0,max_function_evaluations,0.0002313189997948939,114.14392772600058,1.1548614501953125,1.310159683227539,,,F7_LunacekBiRastr,50,PSO
True,6,48,723.355922066446,function_evaluations,500000,,500000,9999,500000,0,max_function_evaluations,0.00020939799924235558,114.32941290899998,1.1660690307617188,1.3212451934814453,,,F7_LunacekBiRastr,50,PSO
True,7,49,709.7296315539493,function_evaluations,500000,,500000,9999,500000,0,max_function_evaluations,0.00020467800004553283,99.62955201400018,1.1716880798339844,1.326955795288086,,,F7_LunacekBiRastr,50,PSO
True,8,50,642.8733794150266,function_evaluations,500000,,500000,9999,500000,0,max_function_evaluations,0.0002182970001740614,119.25028239899984,1.1647987365722656,1.3201465606689453,,,F7_LunacekBiRastr,50,PSO
True,9,51,668.0209908066536,function_evaluations,500000,,500000,9999,500000,0,max_function_evaluations,0.0002033400005529984,115.71979803399972,1.1633949279785156,1.3185710906982422,,,F7_LunacekBiRastr,50,PSO
True,10,52,588.8823887991698,function_evaluations,500000,,500000,9999,500000,0,max_function_evaluations,0.00018141900000046007,120.07465797199984,1.1770362854003906,1.3327617645263672,,,F7_LunacekBiRastr,50,PSO
True,11,53,899.1703199872209,function_evaluations,500000,,500000,9999,500000,0,max_function_evaluations,0.00019409000015002675,104.88891094300016,1.1731719970703125,1.328592300415039,,,F7_LunacekBiRastr,50,PSO
True,12,54,852.5986550043135,function_evaluations,500000,,500000,9999,500000,0,max_function_evaluations,0.00024156400013453094,117.36199465000027,1.1706695556640625,1.325906753540039,,,F7_LunacekBiRastr,50,PSO
True,13,55,779.6006360512717,function_evaluations,500000,,500000,9999,500000,0,max_function_evaluations,0.00023740199958410813,121.77253207000012,1.1786422729492188,1.3338184356689453,,,F7_LunacekBiRastr,50,PSO
True,14,56,799.5692026284944,function_evaluations,500000,,500000,9999,500000,0,max_function_evaluations,0.00025645400000939844,102.66532593300053,1.1626396179199219,1.3182239532470703,,,F7_LunacekBiRastr,50,PSO
True,15,57,828.1641838387764,function_evaluations,500000,,500000,9999,500000,0,max_function_evaluations,0.00023058399983710842,107.44795720799993,1.1632652282714844,1.318685531616211,,,F7_LunacekBiRastr,50,PSO
True,16,58,736.941328125991,function_evaluations,500000,,500000,9999,500000,0,max_function_evaluations,0.00021780999941256596,113.98272831699978,1.1624565124511719,1.3176631927490234,,,F7_LunacekBiRastr,50,PSO
True,17,59,667.0014090848376,function_evaluations,500000,,500000,9999,500000,0,max_function_evaluations,0.0002670379999472061,116.78260615099953,1.1640205383300781,1.3193492889404297,,,F7_LunacekBiRastr,50,PSO
True,18,60,849.4284072101493,function_evaluations,500000,,500000,9999,500000,0,max_function_evaluations,0.0002583640007287613,102.02050423200035,1.166412353515625,1.3217906951904297,,,F7_LunacekBiRastr,50,PSO
True,19,61,804.4967202909861,function_evaluations,500000,,500000,9999,500000,0,max_function_evaluations,0.00023023999983706744,101.7099140930004,1.1776580810546875,1.333047866821289,,,F7_LunacekBiRastr,50,PSO
True,20,62,736.24282994645,function_evaluations,500000,,500000,9999,500000,0,max_function_evaluations,0.0002651109998623724,102.89180737900006,1.1808738708496094,1.336446762084961,,,F7_LunacekBiRastr,50,PSO
True,21,63,711.608764859594,function_evaluations,500000,,500000,9999,500000,0,max_function_evaluations,0.00031131000014283927,102.05652447200009,1.1551780700683594,1.310415267944336,,,F7_LunacekBiRastr,50,PSO
True,22,64,658.7352988299913,function_evaluations,500000,,500000,9999,500000,0,max_function_evaluations,0.00026158999935432803,58.62580456699925,1.1648101806640625,1.319986343383789,,,F7_LunacekBiRastr,50,PSO
True,23,65,658.2751441954433,function_evaluations,500000,,500000,9999,500000,0,max_function_evaluations,0.00015371500012406614,51.438964571000724,1.1781806945800781,1.3335208892822266,,,F7_LunacekBiRastr,50,PSO
True,24,66,804.0202277021895,function_evaluations,500000,,500000,9999,500000,0,max_function_evaluations,0.000225947999751952,47.58127926799989,1.1622467041015625,1.317453384399414,,,F7_LunacekBiRastr,50,PSO
True,0,42,236.0,function_evaluations,500000,,500000,9999,500000,0,max_function_evaluations,0.0002661499993337202,108.90049790499961,1.5194053649902344,1.6773052215576172,,,F7_LunacekBiRastr,50,PSOLVIW
True,1,43,327.8940989346461,function_evaluations,500000,,500000,9999,500000,0,max_function_evaluations,0.0002484779997757869,105.74199076599962,1.6424446105957031,1.801473617553711,,,F7_LunacekBiRastr,50,PSOLVIW
True,2,44,294.0,function_evaluations,500000,,500000,9999,500000,0,max_function_evaluations,0.00016649200006213505,115.76696240599995,1.4614028930664062,1.616708755493164,,,F7_LunacekBiRastr,50,PSOLVIW
True,3,45,514.0,function_evaluations,500000,,500000,9999,500000,0,max_function_evaluations,0.00019083200004388345,108.11586145299952,1.4730033874511719,1.6283397674560547,,,F7_LunacekBiRastr,50,PSOLVIW
True,4,46,496.5,function_evaluations,500000,,500000,9999,500000,0,max_function_evaluations,0.00014649999957327964,107.86856077500033,1.5142288208007812,1.669595718383789,,,F7_LunacekBiRastr,50,PSOLVIW
True,5,47,538.0,function_evaluations,500000,,500000,9999,500000,0,max_function_evaluations,0.00024141399990185164,112.06924985000023,1.4955863952636719,1.6513500213623047,,,F7_LunacekBiRastr,50,PSOLVIW
True,6,48,406.5,function_evaluations,500000,,500000,9999,500000,0,max_function_evaluations,0.00019986700044682948,109.67926830000033,1.5776290893554688,1.7371463775634766,,,F7_LunacekBiRastr,50,PSOLVIW
True,7,49,482.0,function_evaluations,500000,,500000,9999,500000,0,max_function_evaluations,0.0001892770005724742,113.18591442399975,1.5169410705566406,1.6750850677490234,,,F7_LunacekBiRastr,50,PSOLVIW
True,8,50,292.0,function_evaluations,500000,,500000,9999,500000,0,max_function_evaluations,0.00019001900000148453,108.40884285500033,1.5425148010253906,1.6996517181396484,,,F7_LunacekBiRastr,50,PSOLVIW
True,9,51,360.5,function_evaluations,500000,,500000,9999,500000,0,max_function_evaluations,0.00018621300023369258,113.10281454899996,1.5848846435546875,1.7428264617919922,,,F7_LunacekBiRastr,50,PSOLVIW
True,10,52,434.0,function_evaluations,500000,,500000,9999,500000,0,max_function_evaluations,0.00017791699974623043,113.77844705500047,1.5046882629394531,1.661813735961914,,,F7_LunacekBiRastr,50,PSOLVIW
True,11,53,376.0,function_evaluations,500000,,500000,9999,500000,0,max_function_evaluations,0.00027579800007515587,102.57913493199976,1.5087394714355469,1.6653881072998047,,,F7_LunacekBiRastr,50,PSOLVIW
True,12,54,476.0,function_evaluations,500000,,500000,9999,500000,0,max_function_evaluations,0.00022281800011114683,118.380383359,1.4954566955566406,1.6515865325927734,,,F7_LunacekBiRastr,50,PSOLVIW
True,13,55,280.0,function_evaluations,500000,,500000,9999,500000,0,max_function_evaluations,0.0001585970003361581,114.15396653199969,1.4935379028320312,1.650186538696289,,,F7_LunacekBiRastr,50,PSOLVIW
True,14,56,570.0,function_evaluations,500000,,500000,9999,500000,0,max_function_evaluations,0.00024144500002876157,105.1134534569992,1.4922752380371094,1.6488323211669922,,,F7_LunacekBiRastr,50,PSOLVIW
True,15,57,482.0,function_evaluations,500000,,500000,9999,500000,0,max_function_evaluations,0.00026620399967214325,110.1120341120004,1.4965400695800781,1.652425765991211,,,F7_LunacekBiRastr,50,PSOLVIW
True,16,58,312.0,function_evaluations,500000,,500000,9999,500000,0,max_function_evaluations,0.00023607000002812129,115.4891687269992,1.5383644104003906,1.6963253021240234,,,F7_LunacekBiRastr,50,PSOLVIW
True,17,59,278.0,function_evaluations,500000,,500000,9999,500000,0,max_function_evaluations,0.00017172200023196638,111.18862889799948,1.6092948913574219,1.7683849334716797,,,F7_LunacekBiRastr,50,PSOLVIW
True,18,60,340.0,function_evaluations,500000,,500000,9999,500000,0,max_function_evaluations,0.0002442109998810338,109.63359247800054,1.4802017211914062,1.636556625366211,,,F7_LunacekBiRastr,50,PSOLVIW
True,19,61,522.0,function_evaluations,500000,,500000,9999,500000,0,max_function_evaluations,0.0002872630002457299,103.71346168899981,1.5000648498535156,1.6554622650146484,,,F7_LunacekBiRastr,50,PSOLVIW
True,20,62,266.0,function_evaluations,500000,,500000,9999,500000,0,max_function_evaluations,0.0002449430003252928,112.4177141250002,1.5703544616699219,1.7265949249267578,,,F7_LunacekBiRastr,50,PSOLVIW
True,21,63,326.0,function_evaluations,500000,,500000,9999,500000,0,max_function_evaluations,0.0002605869995022658,107.48253297500014,1.4873046875,1.6443500518798828,,,F7_LunacekBiRastr,50,PSOLVIW
True,22,64,246.0,function_evaluations,500000,,500000,9999,500000,0,max_function_evaluations,0.00024291299996548332,54.56127624700002,1.5378532409667969,1.6941661834716797,,,F7_LunacekBiRastr,50,PSOLVIW
True,23,65,396.0,function_evaluations,500000,,500000,9999,500000,0,max_function_evaluations,0.000265212000158499,54.43566484300027,1.5426177978515625,1.6999683380126953,,,F7_LunacekBiRastr,50,PSOLVIW
True,24,66,344.0,function_evaluations,500000,,500000,9999,500000,0,max_function_evaluations,0.00023780100036674412,48.809381953999946,1.5013351440429688,1.6566410064697266,,,F7_LunacekBiRastr,50,PSOLVIW
True,0,42,344.5,function_evaluations,500000,,500000,9999,500000,0,max_function_evaluations,0.00016333900020981673,109.01336518500011,1.9327316284179688,2.0897769927978516,,,F7_LunacekBiRastr,50,PSOTVAC
True,1,43,314.5,function_evaluations,500000,,500000,9999,500000,0,max_function_evaluations,0.0001471899995522108,111.20231166099984,1.9083595275878906,2.0638790130615234,,,F7_LunacekBiRastr,50,PSOTVAC
True,2,44,349.0,function_evaluations,500000,,500000,9999,500000,0,max_function_evaluations,0.00020305599991843337,102.4439780470002,1.9206352233886719,2.0774478912353516,,,F7_LunacekBiRastr,50,PSOTVAC
True,3,45,310.0,function_evaluations,500000,,500000,9999,500000,0,max_function_evaluations,0.00019049999991693767,109.31739397500041,1.8946151733398438,2.0508670806884766,,,F7_LunacekBiRastr,50,PSOTVAC
True,4,46,280.0,function_evaluations,500000,,500000,9999,500000,0,max_function_evaluations,0.00020317300004535355,118.57502747500075,1.9011383056640625,2.0576038360595703,,,F7_LunacekBiRastr,50,PSOTVAC
True,5,47,274.0,function_evaluations,500000,,500000,9999,500000,0,max_function_evaluations,0.0002406410003459314,114.51864080399992,1.8939361572265625,2.0503406524658203,,,F7_LunacekBiRastr,50,PSOTVAC
True,6,48,388.50000000000045,function_evaluations,500000,,500000,9999,500000,0,max_function_evaluations,0.0002375389994995203,106.43874001899985,2.0028839111328125,2.1580867767333984,,,F7_LunacekBiRastr,50,PSOTVAC
True,7,49,384.5,function_evaluations,500000,,500000,9999,500000,0,max_function_evaluations,0.00020799800040549599,100.46360510799968,1.9494819641113281,2.105520248413086,,,F7_LunacekBiRastr,50,PSOTVAC
True,8,50,196.51286859425818,function_evaluations,500000,,500000,9999,500000,0,max_function_evaluations,0.0002252039994345978,124.96994903300038,1.9866180419921875,2.1424732208251953,,,F7_LunacekBiRastr,50,PSOTVAC
True,9,51,236.0,function_evaluations,500000,,500000,9999,500000,0,max_function_evaluations,0.0002068330004476593,113.62650560499969,1.9186286926269531,2.073781967163086,,,F7_LunacekBiRastr,50,PSOTVAC
True,10,52,190.0,function_evaluations,500000,,500000,9999,500000,0,max_function_evaluations,0.00020774000040546525,110.1165673659998,1.9263267517089844,2.082426071166992,,,F7_LunacekBiRastr,50,PSOTVAC
True,11,53,424.5,function_evaluations,500000,,500000,9999,500000,0,max_function_evaluations,0.000247728999966057,103.0556445559996,1.9057655334472656,2.0613460540771484,,,F7_LunacekBiRastr,50,PSOTVAC
True,12,54,306.0,function_evaluations,500000,,500000,9999,500000,0,max_function_evaluations,0.00024065700017672498,108.81073169699994,1.9121971130371094,2.068704605102539,,,F7_LunacekBiRastr,50,PSOTVAC
True,13,55,384.0,function_evaluations,500000,,500000,9999,500000,0,max_function_evaluations,0.00024563299939472927,117.74564877900048,1.9254226684570312,2.081205368041992,,,F7_LunacekBiRastr,50,PSOTVAC
True,14,56,208.0,function_evaluations,500000,,500000,9999,500000,0,max_function_evaluations,0.0002475629999025841,112.01956193299975,1.964813232421875,2.120912551879883,,,F7_LunacekBiRastr,50,PSOTVAC
True,15,57,238.0,function_evaluations,500000,,500000,9999,500000,0,max_function_evaluations,0.00023591599983774358,108.22465925200049,1.909210205078125,2.065950393676758,,,F7_LunacekBiRastr,50,PSOTVAC
True,16,58,210.0,function_evaluations,500000,,500000,9999,500000,0,max_function_evaluations,0.0002682610002011643,112.10285444300007,1.9274024963378906,2.0827693939208984,,,F7_LunacekBiRastr,50,PSOTVAC
True,17,59,322.0,function_evaluations,500000,,500000,9999,500000,0,max_function_evaluations,0.0002261179997731233,110.05294686900015,1.9412307739257812,2.098764419555664,,,F7_LunacekBiRastr,50,PSOTVAC
True,18,60,254.0,function_evaluations,500000,,500000,9999,500000,0,max_function_evaluations,0.00024000400026125135,114.22149338700001,1.9250679016113281,2.081228256225586,,,F7_LunacekBiRastr,50,PSOTVAC
True,19,61,480.0,function_evaluations,500000,,500000,9999,500000,0,max_function_evaluations,0.00023817199962650193,102.15843967700039,1.9687080383300781,2.124197006225586,,,F7_LunacekBiRastr,50,PSOTVAC
True,20,62,246.0,function_evaluations,500000,,500000,9999,500000,0,max_function_evaluations,0.00039954299973032903,109.30082924599992,1.893646240234375,2.050081253051758,,,F7_LunacekBiRastr,50,PSOTVAC
True,21,63,368.5,function_evaluations,500000,,500000,9999,500000,0,max_function_evaluations,0.00024215800021920586,99.26267189699956,1.9425010681152344,2.097654342651367,,,F7_LunacekBiRastr,50,PSOTVAC
True,22,64,226.0,function_evaluations,500000,,500000,9999,500000,0,max_function_evaluations,0.00024224699973274255,57.27678504300002,1.9202995300292969,2.0773754119873047,,,F7_LunacekBiRastr,50,PSOTVAC
True,23,65,306.0,function_evaluations,500000,,500000,9999,500000,0,max_function_evaluations,0.00026410499958728906,56.65644803000032,1.9135017395019531,2.069978713989258,,,F7_LunacekBiRastr,50,PSOTVAC
True,24,66,272.5,function_evaluations,500000,,500000,9999,500000,0,max_function_evaluations,0.00023988400062080473,49.726823888999206,1.8881034851074219,2.0442028045654297,,,F7_LunacekBiRastr,50,PSOTVAC
True,0,42,487.5,function_evaluations,500000,,500000,9999,500000,0,max_function_evaluations,0.00015014100063126534,107.97002874600003,1.40850830078125,1.5640506744384766,,,F7_LunacekBiRastr,50,APSOVI
True,1,43,553.5,function_evaluations,500000,,500000,9999,500000,0,max_function_evaluations,0.00023034300011204323,100.44312843700027,1.4530906677246094,1.609395980834961,,,F7_LunacekBiRastr,50,APSOVI
True,2,44,523.0,function_evaluations,500000,,500000,9999,500000,0,max_function_evaluations,0.00022648599951935466,113.94186488700052,1.4268913269042969,1.5821475982666016,,,F7_LunacekBiRastr,50,APSOVI
True,3,45,512.5000000000209,function_evaluations,500000,,500000,9999,500000,0,max_function_evaluations,0.00013861699972039787,121.80812263499956,1.6329383850097656,1.7940959930419922,,,F7_LunacekBiRastr,50,APSOVI
True,4,46,459.0,function_evaluations,500000,,500000,9999,500000,0,max_function_evaluations,0.00022795099994254997,109.20668147499964,1.4233551025390625,1.5793743133544922,,,F7_LunacekBiRastr,50,APSOVI
True,5,47,412.50000000005,function_evaluations,500000,,500000,9999,500000,0,max_function_evaluations,0.00022524300038639922,123.57479963999958,1.6090965270996094,1.769155502319336,,,F7_LunacekBiRastr,50,APSOVI
True,6,48,358.0,function_evaluations,500000,,500000,9999,500000,0,max_function_evaluations,0.0001434010000593844,107.28311608600052,1.4422607421875,1.5984745025634766,,,F7_LunacekBiRastr,50,APSOVI
True,7,49,621.4747389109466,function_evaluations,500000,,500000,9999,500000,0,max_function_evaluations,0.00020629299979191273,106.74007616200015,1.8043785095214844,1.9916057586669922,,,F7_LunacekBiRastr,50,APSOVI
True,8,50,353.0000001339181,function_evaluations,500000,,500000,9999,500000,0,max_function_evaluations,0.00019888400038325926,107.63595618599993,1.7871284484863281,1.974355697631836,,,F7_LunacekBiRastr,50,APSOVI
True,9,51,270.0,function_evaluations,500000,,500000,9999,500000,0,max_function_evaluations,0.000204242000108934,113.41797592300009,1.4464645385742188,1.6022205352783203,,,F7_LunacekBiRastr,50,APSOVI
True,10,52,668.7223604108749,function_evaluations,500000,,500000,9999,500000,0,max_function_evaluations,0.00020057800065842457,110.95801331999974,1.6687088012695312,1.8305339813232422,,,F7_LunacekBiRastr,50,APSOVI
True,11,53,561.5000000000614,function_evaluations,500000,,500000,9999,500000,0,max_function_evaluations,0.00025092699979722966,106.13636511500044,1.7162055969238281,1.884450912475586,,,F7_LunacekBiRastr,50,APSOVI
True,12,54,414.0000000000041,function_evaluations,500000,,500000,9999,500000,0,max_function_evaluations,0.00023968000004970236,114.3332365060005,1.5866928100585938,1.7453784942626953,,,F7_LunacekBiRastr,50,APSOVI
True,13,55,368.5000335085765,function_evaluations,500000,,500000,9999,500000,0,max_function_evaluations,0.00024480200045218226,104.35507610999957,1.7569160461425781,1.934072494506836,,,F7_LunacekBiRastr,50,APSOVI
True,14,56,332.500008472093,function_evaluations,500000,,500000,9999,500000,0,max_function_evaluations,0.0002714610000111861,107.18513957899995,1.8274154663085938,2.0259342193603516,,,F7_LunacekBiRastr,50,APSOVI
True,15,57,580.5,function_evaluations,500000,,500000,9999,500000,0,max_function_evaluations,0.00023611600045114756,116.12935689699952,1.4682273864746094,1.623525619506836,,,F7_LunacekBiRastr,50,APSOVI
True,16,58,403.00000032262597,function_evaluations,500000,,500000,9999,500000,0,max_function_evaluations,0.00023523800064140232,109.08287362400006,1.8914108276367188,2.1026248931884766,,,F7_LunacekBiRastr,50,APSOVI
True,17,59,540.5,function_evaluations,500000,,500000,9999,500000,0,max_function_evaluations,0.00024105699958454352,108.76056171900018,1.426422119140625,1.5818729400634766,,,F7_LunacekBiRastr,50,APSOVI
True,18,60,470.5000000001187,function_evaluations,500000,,500000,9999,500000,0,max_function_evaluations,0.0002369880003243452,118.04515000500032,1.6758193969726562,1.836130142211914,,,F7_LunacekBiRastr,50,APSOVI
True,19,61,288.0,function_evaluations,500000,,500000,9999,500000,0,max_function_evaluations,0.0002836030007529189,107.00563814899942,1.4605255126953125,1.6159648895263672,,,F7_LunacekBiRastr,50,APSOVI
True,20,62,466.5,function_evaluations,500000,,500000,9999,500000,0,max_function_evaluations,0.0002603979992272798,108.57089226800053,1.4223594665527344,1.578542709350586,,,F7_LunacekBiRastr,50,APSOVI
True,21,63,484.5,function_evaluations,500000,,500000,9999,500000,0,max_function_evaluations,0.0002708179999899585,103.13037321799948,1.4271240234375,1.5824832916259766,,,F7_LunacekBiRastr,50,APSOVI
True,22,64,452.5000000293744,function_evaluations,500000,,500000,9999,500000,0,max_function_evaluations,0.0002754619999905117,57.94126849500026,1.7888298034667969,1.9760570526123047,,,F7_LunacekBiRastr,50,APSOVI
True,23,65,394.0,function_evaluations,500000,,500000,9999,500000,0,max_function_evaluations,0.0002497790001143585,54.945163200000025,1.4338722229003906,1.5893535614013672,,,F7_LunacekBiRastr,50,APSOVI
True,24,66,414.0,function_evaluations,500000,,500000,9999,500000,0,max_function_evaluations,0.00023658600002818275,52.0961272250006,1.4371414184570312,1.5932941436767578,,,F7_LunacekBiRastr,50,APSOVI
True,0,42,458.0,function_evaluations,500000,,500000,9805,500000,0,max_function_evaluations,0.00028038300024491036,121.3808783859995,2.242389678955078,4.285060882568359,,,F7_LunacekBiRastr,50,APSO
True,1,43,618.3633579819948,function_evaluations,500000,,500000,9990,500000,0,max_function_evaluations,0.00023951999992277706,127.79323053899952,2.2613000869750977,4.303544044494629,,,F7_LunacekBiRastr,50,APSO
True,2,44,458.00000000000045,function_evaluations,500000,,500000,9803,500000,0,max_function_evaluations,0.0002474630000506295,125.11641538999993,2.268310546875,4.310054779052734,,,F7_LunacekBiRastr,50,APSO
True,3,45,382.0,function_evaluations,500000,,500000,9813,500000,0,max_function_evaluations,0.0002288490004502819,116.38723859499987,2.3191423416137695,4.363522529602051,,,F7_LunacekBiRastr,50,APSO
True,4,46,432.0,function_evaluations,500000,,500000,9803,500000,0,max_function_evaluations,0.00014108899995335378,127.26653386599992,2.2722911834716797,4.315256118774414,,,F7_LunacekBiRastr,50,APSO
True,5,47,476.0,function_evaluations,500000,,500000,9803,500000,0,max_function_evaluations,0.00019245899966335855,122.07355440999982,2.271648406982422,4.314777374267578,,,F7_LunacekBiRastr,50,APSO
True,6,48,416.0,function_evaluations,500000,,500000,9803,500000,0,max_function_evaluations,0.00014439900041907094,122.95192210299956,2.251530647277832,4.293652534484863,,,F7_LunacekBiRastr,50,APSO
True,7,49,461.4078816244173,function_evaluations,500000,,500000,9991,500000,0,max_function_evaluations,0.0001974320002773311,127.4235072800002,2.249645233154297,4.291667938232422,,,F7_LunacekBiRastr,50,APSO
True,8,50,286.0,function_evaluations,500000,,500000,9831,500000,0,max_function_evaluations,0.00019727499966393225,126.39467984299972,2.359567642211914,4.40434455871582,,,F7_LunacekBiRastr,50,APSO
True,9,51,570.0,function_evaluations,500000,,500000,9804,500000,0,max_function_evaluations,0.00019825900017167442,125.68403462100014,2.3243942260742188,4.367340087890625,,,F7_LunacekBiRastr,50,APSO
True,10,52,458.0,function_evaluations,500000,,500000,9808,500000,0,max_function_evaluations,0.00024906500038923696,122.87741036100033,2.319258689880371,4.363364219665527,,,F7_LunacekBiRastr,50,APSO
True,11,53,262.0,function_evaluations,500000,,500000,9803,500000,0,max_function_evaluations,0.00025821700000960846,124.8167473200001,2.294719696044922,4.337909698486328,,,F7_LunacekBiRastr,50,APSO
True,12,54,576.0,function_evaluations,500000,,500000,9803,500000,0,max_function_evaluations,0.00025347799964947626,119.71360069999992,2.262645721435547,4.305438995361328,,,F7_LunacekBiRastr,50,APSO
True,13,55,474.0,function_evaluations,500000,,500000,9803,500000,0,max_function_evaluations,0.0002886199999920791,126.61977591200048,2.240955352783203,4.283809661865234,,,F7_LunacekBiRastr,50,APSO
True,14,56,428.0,function_evaluations,500000,,500000,9827,500000,0,max_function_evaluations,0.00026086300022143405,127.7238606459996,2.3491315841674805,4.391741752624512,,,F7_LunacekBiRastr,50,APSO
True,15,57,328.0,function_evaluations,500000,,500000,9810,500000,0,max_function_evaluations,0.0002738640005190973,126.44610914500026,2.3643503189086914,4.407082557678223,,,F7_LunacekBiRastr,50,APSO
True,16,58,536.0,function_evaluations,500000,,500000,9804,500000,0,max_function_evaluations,0.00027054800011683255,126.8885943740006,2.24826717376709,4.291079521179199,,,F7_LunacekBiRastr,50,APSO
True,17,59,418.0,function_evaluations,500000,,500000,9805,500000,0,max_function_evaluations,0.00024963400028354954,123.06011467999997,2.3255538940429688,4.36846923828125,,,F7_LunacekBiRastr,50,APSO
True,18,60,426.0,function_evaluations,500000,,500000,9803,500000,0,max_function_evaluations,0.00027194599988433765,123.75113668599988,2.3338184356689453,4.378381729125977,,,F7_LunacekBiRastr,50,APSO
True,19,61,290.0,function_evaluations,500000,,500000,9808,500000,0,max_function_evaluations,0.0002663949999259785,121.19318301800013,2.328428268432617,4.370965957641602,,,F7_LunacekBiRastr,50,APSO
True,20,62,505.39322961833795,function_evaluations,500000,,500000,9994,500000,0,max_function_evaluations,0.00024298200060002273,124.49277695099954,2.2718963623046875,4.314605712890625,,,F7_LunacekBiRastr,50,APSO
True,21,63,364.0,function_evaluations,500000,,500000,9806,500000,0,max_function_evaluations,0.00024854999992385274,122.73707800299962,2.2957077026367188,4.33819580078125,,,F7_LunacekBiRastr,50,APSO
True,22,64,332.0,function_evaluations,500000,,500000,9804,500000,0,max_function_evaluations,0.0002457860000504297,56.79024878199925,2.2610130310058594,4.302951812744141,,,F7_LunacekBiRastr,50,APSO
True,23,65,522.0,function_evaluations,500000,,500000,9815,500000,0,max_function_evaluations,0.0003002220000780653,57.06691629299985,2.3055076599121094,4.349246978759766,,,F7_LunacekBiRastr,50,APSO
True,24,66,296.0,function_evaluations,500000,,500000,9806,500000,0,max_function_evaluations,0.0002507620001779287,52.33528536199992,2.2789134979248047,4.321054458618164,,,F7_LunacekBiRastr,50,APSO
True,0,42,627.0992122840194,function_evaluations,500000,,500000,9999,500000,0,max_function_evaluations,0.00041194699952029623,122.63619012799973,1.9752731323242188,2.132192611694336,,,F7_LunacekBiRastr,50,UAPSO
True,1,43,678.9213369104828,function_evaluations,500000,,500000,9999,500000,0,max_function_evaluations,0.0003811670003415202,105.36663781300012,1.9992351531982422,2.1565017700195312,,,F7_LunacekBiRastr,50,UAPSO
True,2,44,732.5,function_evaluations,500000,,500000,9999,500000,0,max_function_evaluations,0.00023148400032368954,114.78363279600035,1.8448495864868164,2.0005292892456055,,,F7_LunacekBiRastr,50,UAPSO
True,3,45,1034.2858975878175,function_evaluations,500000,,500000,9999,500000,0,max_function_evaluations,0.00038442200002464233,117.71360927200021,1.9207286834716797,2.0784225463867188,,,F7_LunacekBiRastr,50,UAPSO
True,4,46,614.5,function_evaluations,500000,,500000,9999,500000,0,max_function_evaluations,0.00037151000015001046,113.86776157300028,1.8738632202148438,2.030061721801758,,,F7_LunacekBiRastr,50,UAPSO
True,5,47,975.7834080916678,function_evaluations,500000,,500000,9999,500000,0,max_function_evaluations,0.00021262899917928735,107.67269446799946,1.9250602722167969,2.082235336303711,,,F7_LunacekBiRastr,50,UAPSO
True,6,48,886.5,function_evaluations,500000,,500000,9999,500000,0,max_function_evaluations,0.00030386799971893197,102.58524421200036,1.846571922302246,2.002495765686035,,,F7_LunacekBiRastr,50,UAPSO
True,7,49,655.0067291693283,function_evaluations,500000,,500000,9999,500000,0,max_function_evaluations,0.0003027699995072908,120.84044593399994,1.9105358123779297,2.066326141357422,,,F7_LunacekBiRastr,50,UAPSO
True,8,50,547.1060602351215,function_evaluations,500000,,500000,9999,500000,0,max_function_evaluations,0.0003238199997213087,116.04002212900014,2.060516357421875,2.220518112182617,,,F7_LunacekBiRastr,50,UAPSO
True,9,51,661.500320644795,function_evaluations,500000,,500000,9999,500000,0,max_function_evaluations,0.00031635699997423217,116.04604574099994,1.8991212844848633,2.0552892684936523,,,F7_LunacekBiRastr,50,UAPSO
True,10,52,855.0,function_evaluations,500000,,500000,9999,500000,0,max_function_evaluations,0.0003731280003194115,115.07534148200011,1.8468828201293945,2.0025997161865234,,,F7_LunacekBiRastr,50,UAPSO
True,11,53,762.5,function_evaluations,500000,,500000,9999,500000,0,max_function_evaluations,0.00037809300010849256,122.76456746800068,1.8490619659423828,2.004863739013672,,,F7_LunacekBiRastr,50,UAPSO
True,12,54,761.5008992842754,function_evaluations,500000,,500000,9999,500000,0,max_function_evaluations,0.0004341000003478257,115.29318344100011,1.933272361755371,2.0909242630004883,,,F7_LunacekBiRastr,50,UAPSO
True,13,55,630.5627689851729,function_evaluations,500000,,500000,9999,500000,0,max_function_evaluations,0.0004398280007080757,110.8202928339997,2.0540637969970703,2.2109336853027344,,,F7_LunacekBiRastr,50,UAPSO
True,14,56,930.5,function_evaluations,500000,,500000,9999,500000,0,max_function_evaluations,0.0004078780002600979,117.30424887300069,1.8575592041015625,2.0137691497802734,,,F7_LunacekBiRastr,50,UAPSO
True,15,57,556.500570854435,function_evaluations,500000,,500000,9999,500000,0,max_function_evaluations,0.0003589020006984356,116.61798071599969,1.941324234008789,2.097461700439453,,,F7_LunacekBiRastr,50,UAPSO
True,16,58,681.8036773258234,function_evaluations,500000,,500000,9999,500000,0,max_function_evaluations,0.00042972699975507567,110.77943192200019,1.980234146118164,2.1361770629882812,,,F7_LunacekBiRastr,50,UAPSO
True,17,59,1032.0,function_evaluations,500000,,500000,9999,500000,0,max_function_evaluations,0.00042168300024059135,119.11090066499946,1.852046012878418,2.008111000061035,,,F7_LunacekBiRastr,50,UAPSO
True,18,60,881.4689598093919,function_evaluations,500000,,500000,9999,500000,0,max_function_evaluations,0.0004036090003864956,111.71474772599959,1.9563932418823242,2.1150941848754883,,,F7_LunacekBiRastr,50,UAPSO
True,19,61,791.7867728949304,function_evaluations,500000,,500000,9999,500000,0,max_function_evaluations,0.00042853699960687663,115.16012506700008,1.9145994186401367,2.071408271789551,,,F7_LunacekBiRastr,50,UAPSO
True,20,62,579.6578897686445,function_evaluations,500000,,500000,9999,500000,0,max_function_evaluations,0.00047695800003566546,108.70918134800013,2.014298439025879,2.174269676208496,,,F7_LunacekBiRastr,50,UAPSO
True,21,63,799.5000000008422,function_evaluations,500000,,500000,9999,500000,0,max_function_evaluations,0.0003998320007667644,114.702039023,1.8808202743530273,2.0367746353149414,,,F7_LunacekBiRastr,50,UAPSO
True,22,64,798.5,function_evaluations,500000,,500000,9999,500000,0,max_function_evaluations,0.0004031549997307593,56.11636226599967,1.8589096069335938,2.014772415161133,,,F7_LunacekBiRastr,50,UAPSO
True,23,65,851.5,function_evaluations,500000,,500000,9999,500000,0,max_function_evaluations,0.00037625699951604474,54.0155668110001,1.8561830520629883,2.0120344161987305,,,F7_LunacekBiRastr,50,UAPSO
True,24,66,915.3681101754955,function_evaluations,500000,,500000,9999,500000,0,max_function_evaluations,0.000440361000073608,53.872620199000266,1.9674358367919922,2.1231765747070312,,,F7_LunacekBiRastr,50,UAPSO
True,0,42,11759.541832102766,function_evaluations,500000,,500000,9999,500000,0,max_function_evaluations,0.00015100899963726988,124.70776952100005,1.177032470703125,1.3323001861572266,,,F9_Levy,50,PSO
True,1,43,11288.214305980402,function_evaluations,500000,,500000,9999,500000,0,max_function_evaluations,0.00020621199928427814,122.5700462549994,1.160430908203125,1.3157291412353516,,,F9_Levy,50,PSO
True,2,44,11963.519351653304,function_evaluations,500000,,500000,9999,500000,0,max_function_evaluations,0.00015251399963744916,120.84511607200056,1.1599273681640625,1.315286636352539,,,F9_Levy,50,PSO
True,3,45,11378.681188546323,function_evaluations,500000,,500000,9999,500000,0,max_function_evaluations,0.00022919300045032287,126.08513910700003,1.1614227294921875,1.316995620727539,,,F9_Levy,50,PSO
True,4,46,11610.131310786748,function_evaluations,500000,,500000,9999,500000,0,max_function_evaluations,0.00022890299987921026,111.35195913899952,1.1617660522460938,1.3172779083251953,,,F9_Levy,50,PSO
True,5,47,11562.584096588376,function_evaluations,500000,,500000,9999,500000,0,max_function_evaluations,0.000136572999508644,112.1960900439999,1.1603240966796875,1.315622329711914,,,F9_Levy,50,PSO
True,6,48,12524.02597625045,function_evaluations,500000,,500000,9999,500000,0,max_function_evaluations,0.0002258810000057565,126.23959345000003,1.1607666015625,1.3160037994384766,,,F9_Levy,50,PSO
True,7,49,12233.523269114452,function_evaluations,500000,,500000,9999,500000,0,max_function_evaluations,0.00018731500040303217,116.3908401030003,1.1619186401367188,1.3173999786376953,,,F9_Levy,50,PSO
True,8,50,12085.43508069703,function_evaluations,500000,,500000,9999,500000,0,max_function_evaluations,0.000184462999641255,124.45460687499963,1.1622390747070312,1.3176593780517578,,,F9_Levy,50,PSO
True,9,51,12362.216230888045,function_evaluations,500000,,500000,9999,500000,0,max_function_evaluations,0.00022000999979354674,119.9988319160002,1.1618118286132812,1.3173236846923828,,,F9_Levy,50,PSO
True,10,52,12475.022001471316,function_evaluations,500000,,500000,9999,500000,0,max_function_evaluations,0.0001858140003605513,122.93804712699966,1.1613616943359375,1.316904067993164,,,F9_Levy,50,PSO
True,11,53,11848.347809334742,function_evaluations,500000,,500000,9999,500000,0,max_function_evaluations,0.00017364900031680008,118.82414937200065,1.1610794067382812,1.3162860870361328,,,F9_Levy,50,PSO
True,12,54,11563.588451441005,function_evaluations,500000,,500000,9999,500000,0,max_function_evaluations,0.000213490999158239,123.72126248099994,1.1617279052734375,1.317209243774414,,,F9_Levy,50,PSO
True,13,55,12329.128767773673,function_evaluations,500000,,500000,9999,500000,0,max_function_evaluations,0.00022269500004767906,125.75457586100038,1.1610260009765625,1.316232681274414,,,F9_Levy,50,PSO
True,14,56,10800.615375405454,function_evaluations,500000,,500000,9999,500000,0,max_function_evaluations,0.0002611560003060731,122.15290596700015,1.1673812866210938,1.3229541778564453,,,F9_Levy,50,PSO
True,15,57,11620.518684605478,function_evaluations,500000,,500000,9999,500000,0,max_function_evaluations,0.00023610599964740686,119.1539186380005,1.1740493774414062,1.3298053741455078,,,F9_Levy,50,PSO
True,16,58,11636.20021391777,function_evaluations,500000,,500000,9999,500000,0,max_function_evaluations,0.00023051999960443936,118.13696201200037,1.1649551391601562,1.3204364776611328,,,F9_Levy,50,PSO
True,17,59,11187.004347922604,function_evaluations,500000,,500000,9999,500000,0,max_function_evaluations,0.0002241669999420992,127.53073081000002,1.1614456176757812,1.3169879913330078,,,F9_Levy,50,PSO
True,18,60,13385.819308382788,function_evaluations,500000,,500000,9999,500000,0,max_function_evaluations,0.0002540639998187544,114.92262104099973,1.1608657836914062,1.3160724639892578,,,F9_Levy,50,PSO
True,19,61,12072.634612777312,function_evaluations,500000,,500000,9999,500000,0,max_function_evaluations,0.000275297999905888,111.72086373599996,1.161468505859375,1.3170108795166016,,,F9_Levy,50,PSO
True,20,62,12484.658568651705,function_evaluations,500000,,500000,9999,500000,0,max_function_evaluations,0.0002633020003486308,123.62480297300044,1.1601409912109375,1.315500259399414,,,F9_Levy,50,PSO
True,21,63,11344.974380715643,function_evaluations,500000,,500000,9999,500000,0,max_function_evaluations,0.0002385319994573365,113.16302288400038,1.1611862182617188,1.3163623809814453,,,F9_Levy,50,PSO
True,22,64,12406.035140381673,function_evaluations,500000,,500000,9999,500000,0,max_function_evaluations,0.00023174699981609592,59.70849491399986,1.1577606201171875,1.312936782836914,,,F9_Levy,50,PSO
True,23,65,11416.002462550096,function_evaluations,500000,,500000,9999,500000,0,max_function_evaluations,0.00027335999948263634,57.130069972000456,1.1600799560546875,1.315439224243164,,,F9_Levy,50,PSO
True,24,66,10552.990695101444,function_evaluations,500000,,500000,9999,500000,0,max_function_evaluations,0.00022211400028027128,55.74829055100054,1.1734848022460938,1.3286914825439453,,,F9_Levy,50,PSO
True,0,42,5742.084598127851,function_evaluations,500000,,500000,9999,500000,0,max_function_evaluations,0.00027154300005349796,126.72522238399961,1.5886383056640625,1.7466373443603516,,,F9_Levy,50,PSOLVIW
True,1,43,5598.499493379439,function_evaluations,500000,,500000,9999,500000,0,max_function_evaluations,0.00022857200019643642,120.7807311180004,1.6181716918945312,1.7760486602783203,,,F9_Levy,50,PSOLVIW
True,2,44,6124.394895768664,function_evaluations,500000,,500000,9999,500000,0,max_function_evaluations,0.0002430829999866546,122.38566505400013,1.5995407104492188,1.7553043365478516,,,F9_Levy,50,PSOLVIW
True,3,45,5089.564639278611,function_evaluations,500000,,500000,9999,500000,0,max_function_evaluations,0.00019821899968519574,123.39507784200032,1.5684280395507812,1.725290298461914,,,F9_Levy,50,PSOLVIW
True,4,46,6891.376270354849,function_evaluations,500000,,500000,9999,500000,0,max_function_evaluations,0.00018917600027634762,128.1054854869999,1.5841445922851562,1.7422657012939453,,,F9_Levy,50,PSOLVIW
True,5,47,6059.776019159297,function_evaluations,500000,,500000,9999,500000,0,max_function_evaluations,0.0002372839999225107,122.29865900200002,1.595367431640625,1.7516498565673828,,,F9_Levy,50,PSOLVIW
True,6,48,5670.975035255442,function_evaluations,500000,,500000,9999,500000,0,max_function_evaluations,0.00020029000006616116,122.80539517299985,1.5893936157226562,1.7470874786376953,,,F9_Levy,50,PSOLVIW
True,7,49,5164.0619426818885,function_evaluations,500000,,500000,9999,500000,0,max_function_evaluations,0.0002287779998368933,121.95047427400004,1.6035003662109375,1.7591114044189453,,,F9_Levy,50,PSOLVIW
True,8,50,6771.588660819405,function_evaluations,500000,,500000,9999,500000,0,max_function_evaluations,0.00022199600061867386,111.71315004600001,1.6121826171875,1.7703876495361328,,,F9_Levy,50,PSOLVIW
True,9,51,5588.327923948202,function_evaluations,500000,,500000,9999,500000,0,max_function_evaluations,0.00016653599959681742,120.73080880600082,1.5560073852539062,1.711282730102539,,,F9_Levy,50,PSOLVIW
True,10,52,5562.755352699263,function_evaluations,500000,,500000,9999,500000,0,max_function_evaluations,0.00020303800010879058,101.99827866400028,1.6138076782226562,1.7721118927001953,,,F9_Levy,50,PSOLVIW
True,11,53,5676.633117426749,function_evaluations,500000,,500000,9999,500000,0,max_function_evaluations,0.00022577400068257703,123.21189242299988,1.5463027954101562,1.703256607055664,,,F9_Levy,50,PSOLVIW
True,12,54,6559.963562384259,function_evaluations,500000,,500000,9999,500000,0,max_function_evaluations,0.00022972599981585518,119.82593204600016,1.5758438110351562,1.735269546508789,,,F9_Levy,50,PSOLVIW
True,13,55,6314.769496128154,function_evaluations,500000,,500000,9999,500000,0,max_function_evaluations,0.00022958600038691657,124.14481344099931,1.5601577758789062,1.7180957794189453,,,F9_Levy,50,PSOLVIW
True,14,56,6926.771897575212,function_evaluations,500000,,500000,9999,500000,0,max_function_evaluations,0.00023447700004908256,117.69554095900003,1.6114501953125,1.769327163696289,,,F9_Levy,50,PSOLVIW
True,15,57,4928.086662289405,function_evaluations,500000,,500000,9999,500000,0,max_function_evaluations,0.00022679499943478731,114.629973264,1.5801925659179688,1.7388553619384766,,,F9_Levy,50,PSOLVIW
True,16,58,6171.003051287473,function_evaluations,500000,,500000,9999,500000,0,max_function_evaluations,0.00024300299992319196,125.82245497500026,1.5475540161132812,1.703622817993164,,,F9_Levy,50,PSOLVIW
True,17,59,6450.481136105367,function_evaluations,500000,,500000,9999,500000,0,max_function_evaluations,0.00023558500015496975,120.17398910999964,1.5763931274414062,1.7357120513916016,,,F9_Levy,50,PSOLVIW
True,18,60,5947.069322216821,function_evaluations,500000,,500000,9999,500000,0,max_function_evaluations,0.00025765800000954187,120.5586178880003,1.515411376953125,1.6708087921142578,,,F9_Levy,50,PSOLVIW
True,19,61,4798.673148418844,function_evaluations,500000,,500000,9999,500000,0,max_function_evaluations,0.00026269499994668877,118.58788086000004,1.5979690551757812,1.7541675567626953,,,F9_Levy,50,PSOLVIW
True,20,62,5852.153624114038,function_evaluations,500000,,500000,9999,500000,0,max_function_evaluations,0.00027941999996983213,117.45784047599955,1.5451126098632812,1.701639175415039,,,F9_Levy,50,PSOLVIW
True,21,63,7191.446973405225,function_evaluations,500000,,500000,9999,500000,0,max_function_evaluations,0.00025988400011556223,111.47678010500022,1.5806732177734375,1.7392749786376953,,,F9_Levy,50,PSOLVIW
True,22,64,5229.705964607832,function_evaluations,500000,,500000,9999,500000,0,max_function_evaluations,0.0002698030002648011,63.75866035600029,1.5419158935546875,1.6993885040283203,,,F9_Levy,50,PSOLVIW
True,23,65,6182.319909519298,function_evaluations,500000,,500000,9999,500000,0,max_function_evaluations,0.0002673540002433583,60.33916440700068,1.595001220703125,1.751413345336914,,,F9_Levy,50,PSOLVIW
True,24,66,6118.451014562135,function_evaluations,500000,,500000,9999,500000,0,max_function_evaluations,0.00022991000059846556,55.76507279999987,1.6197357177734375,1.7772083282470703,,,F9_Levy,50,PSOLVIW
True,0,42,5967.0726002437,function_evaluations,500000,,500000,9999,500000,0,max_function_evaluations,0.00022048400023777504,119.04076536100001,2.48187255859375,2.707315444946289,,,F9_Levy,50,PSOTVAC
True,1,43,6284.229454053306,function_evaluations,500000,,500000,9999,500000,0,max_function_evaluations,0.00019503199928294634,123.85374208200028,2.4339065551757812,2.6593494415283203,,,F9_Levy,50,PSOTVAC
True,2,44,5890.7238418148845,function_evaluations,500000,,500000,9999,500000,0,max_function_evaluations,0.00020452999979170272,120.59947149899926,2.7273712158203125,3.0074405670166016,,,F9_Levy,50,PSOTVAC
True,3,45,5756.693901989711,function_evaluations,500000,,500000,9999,500000,0,max_function_evaluations,0.00014003300020704046,122.80473447900022,2.3349227905273438,2.533388137817383,,,F9_Levy,50,PSOTVAC
True,4,46,7155.754587942667,function_evaluations,500000,,500000,9999,500000,0,max_function_evaluations,0.00028957500035176054,116.77464173899989,2.2846145629882812,2.4717884063720703,,,F9_Levy,50,PSOTVAC
True,5,47,4993.188998799242,function_evaluations,500000,,500000,9999,500000,0,max_function_evaluations,0.0004208649997963221,112.00086669399934,2.1044998168945312,2.259958267211914,,,F9_Levy,50,PSOTVAC
True,6,48,4537.404632125399,function_evaluations,500000,,500000,9999,500000,0,max_function_evaluations,0.00038385700008802814,121.57764885599954,2.4222640991210938,2.633424758911133,,,F9_Levy,50,PSOTVAC
True,7,49,5520.531807479603,function_evaluations,500000,,500000,9999,500000,0,max_function_evaluations,0.00040817899935063906,121.9733285049997,2.5833053588867188,2.824861526489258,,,F9_Levy,50,PSOTVAC
True,8,50,5756.333914038685,function_evaluations,500000,,500000,9999,500000,0,max_function_evaluations,0.00033120399984909454,119.33851859900005,2.4099197387695312,2.6210803985595703,,,F9_Levy,50,PSOTVAC
True,9,51,6711.528886974878,function_evaluations,500000,,500000,9999,500000,0,max_function_evaluations,0.00032057699991128175,124.6997916349992,2.4746017456054688,2.700044631958008,,,F9_Levy,50,PSOTVAC
True,10,52,4452.785816915173,function_evaluations,500000,,500000,9999,500000,0,max_function_evaluations,0.00029155700030969456,120.87325721700017,2.737945556640625,3.018014907836914,,,F9_Levy,50,PSOTVAC
True,11,53,6321.764236703326,function_evaluations,500000,,500000,9999,500000,0,max_function_evaluations,0.0002490070000931155,120.36480707099963,2.6767425537109375,2.9568119049072266,,,F9_Levy,50,PSOTVAC
True,12,54,5522.461105164026,function_evaluations,500000,,500000,9999,500000,0,max_function_evaluations,0.00022984299994277535,121.10292398699949,2.5117340087890625,2.7532901763916016,,,F9_Levy,50,PSOTVAC
True,13,55,7309.895023005762,function_evaluations,500000,,500000,9999,500000,0,max_function_evaluations,0.000265640000179701,125.51546785999926,2.2469253540039062,2.4240283966064453,,,F9_Levy,50,PSOTVAC
True,14,56,5823.7685547271285,function_evaluations,500000,,500000,9999,500000,0,max_function_evaluations,0.0002440529997329577,118.31007860099999,2.3480682373046875,2.5465335845947266,,,F9_Levy,50,PSOTVAC
True,15,57,6298.0464547641695,function_evaluations,500000,,500000,9999,500000,0,max_function_evaluations,0.00024439900062134257,119.80105853299938,2.3021163940429688,2.489290237426758,,,F9_Levy,50,PSOTVAC
True,16,58,5727.3330467122505,function_evaluations,500000,,500000,9999,500000,0,max_function_evaluations,0.0002453920005791588,116.17321335799988,2.8112640380859375,3.1142826080322266,,,F9_Levy,50,PSOTVAC
True,17,59,6183.281842372549,function_evaluations,500000,,500000,9999,500000,0,max_function_evaluations,0.00017467999987275107,119.91900251799962,2.565399169921875,2.825082778930664,,,F9_Levy,50,PSOTVAC
True,18,60,5257.382481578015,function_evaluations,500000,,500000,9999,500000,0,max_function_evaluations,0.00023743300062051276,122.3018780780003,2.5343856811523438,2.775941848754883,,,F9_Levy,50,PSOTVAC
True,19,61,7239.96589246075,function_evaluations,500000,,500000,9999,500000,0,max_function_evaluations,0.00026947399965138175,119.86182463400019,2.5669326782226562,2.8084888458251953,,,F9_Levy,50,PSOTVAC
True,20,62,8004.372711439575,function_evaluations,500000,,500000,9999,500000,0,max_function_evaluations,0.000261714999396645,120.90834031400027,2.5228729248046875,2.7644290924072266,,,F9_Levy,50,PSOTVAC
True,21,63,5528.459674947146,function_evaluations,500000,,500000,9999,500000,0,max_function_evaluations,0.0002522410004530684,119.23772882499998,2.471099853515625,2.696542739868164,,,F9_Levy,50,PSOTVAC
True,22,64,4717.794244467426,function_evaluations,500000,,500000,9999,500000,0,max_function_evaluations,0.0002600110001367284,58.93392417800078,2.169342041015625,2.329599380493164,,,F9_Levy,50,PSOTVAC
True,23,65,6622.881020901588,function_evaluations,500000,,500000,9999,500000,0,max_function_evaluations,0.00029148799967515515,56.717974549000246,2.563690185546875,2.805246353149414,,,F9_Levy,50,PSOTVAC
True,24,66,7409.779506592104,function_evaluations,500000,,500000,9999,500000,0,max_function_evaluations,0.00027889199918718077,57.66799118700055,2.7425689697265625,3.0226383209228516,,,F9_Levy,50,PSOTVAC
True,0,42,6016.84943132933,function_evaluations,500000,,500000,9999,500000,0,max_function_evaluations,0.00027466899882711004,122.17375918800099,1.7528076171875,1.9299335479736328,,,F9_Levy,50,APSOVI
True,1,43,6113.077081374307,function_evaluations,500000,,500000,9999,500000,0,max_function_evaluations,0.0002506709988665534,123.04425971899946,1.6602859497070312,1.815652847290039,,,F9_Levy,50,APSOVI
True,2,44,6895.951034357702,function_evaluations,500000,,500000,9999,500000,0,max_function_evaluations,0.000148592000186909,129.38277064400063,1.7925262451171875,1.9797229766845703,,,F9_Levy,50,APSOVI
True,3,45,6041.548472134924,function_evaluations,500000,,500000,9999,500000,0,max_function_evaluations,0.00023707199943601154,119.56630372600011,1.6941299438476562,1.854410171508789,,,F9_Levy,50,APSOVI
True,4,46,6049.012982264896,function_evaluations,500000,,500000,9999,500000,0,max_function_evaluations,0.00018227300097350962,124.13400446200103,1.8294448852539062,2.027933120727539,,,F9_Levy,50,APSOVI
True,5,47,5745.716878487598,function_evaluations,500000,,500000,9999,500000,0,max_function_evaluations,0.00023802800023986492,111.4285730119991,1.8994293212890625,2.1106128692626953,,,F9_Levy,50,APSOVI
True,6,48,7023.2550479072725,function_evaluations,500000,,500000,9999,500000,0,max_function_evaluations,0.00019979799981229007,125.22435567200046,1.6729354858398438,1.827981948852539,,,F9_Levy,50,APSOVI
True,7,49,6170.212501026148,function_evaluations,500000,,500000,9999,500000,0,max_function_evaluations,0.00020514599964371882,120.94527792500048,1.7023162841796875,1.8705310821533203,,,F9_Levy,50,APSOVI
True,8,50,6853.467822907989,function_evaluations,500000,,500000,9999,500000,0,max_function_evaluations,0.0002023029992415104,121.61441596999975,1.7848434448242188,1.9720401763916016,,,F9_Levy,50,APSOVI
True,9,51,6135.626521655453,function_evaluations,500000,,500000,9999,500000,0,max_function_evaluations,0.00019632700059446506,117.993358067999,1.7237548828125,1.8919696807861328,,,F9_Levy,50,APSOVI
True,10,52,7555.7800831180375,function_evaluations,500000,,500000,9999,500000,0,max_function_evaluations,0.0001895400000648806,119.46616314499988,1.80792236328125,1.9951190948486328,,,F9_Levy,50,APSOVI
True,11,53,7201.091364242286,function_evaluations,500000,,500000,9999,500000,0,max_function_evaluations,0.00024298900098074228,124.32478489699861,1.8667755126953125,2.0652637481689453,,,F9_Levy,50,APSOVI
True,12,54,5723.359574265129,function_evaluations,500000,,500000,9999,500000,0,max_function_evaluations,0.0002573590008978499,125.82245790900015,1.6080474853515625,1.767892837524414,,,F9_Levy,50,APSOVI
True,13,55,7472.815228896239,function_evaluations,500000,,500000,9999,500000,0,max_function_evaluations,0.0002586820010037627,115.78936896300002,1.926666259765625,2.137849807739258,,,F9_Levy,50,APSOVI
True,14,56,6351.479218217231,function_evaluations,500000,,500000,9999,500000,0,max_function_evaluations,0.0002366500011703465,127.62288033699951,1.6352615356445312,1.7945880889892578,,,F9_Levy,50,APSOVI
True,15,57,8029.482700058294,function_evaluations,500000,,500000,9999,500000,0,max_function_evaluations,0.00024695800129848067,121.55453955000121,1.8339920043945312,2.032480239868164,,,F9_Levy,50,APSOVI
True,16,58,7735.105054797863,function_evaluations,500000,,500000,9999,500000,0,max_function_evaluations,0.00026886999876296613,127.09157833499921,1.8918685913085938,2.1030521392822266,,,F9_Levy,50,APSOVI
True,17,59,7881.550538814616,function_evaluations,500000,,500000,9999,500000,0,max_function_evaluations,0.0002658320008777082,110.82513339700017,1.901885986328125,2.113069534301758,,,F9_Levy,50,APSOVI
True,18,60,8161.947523070734,function_evaluations,500000,,500000,9999,500000,0,max_function_evaluations,0.00023747900013404433,121.98311363799985,1.9636688232421875,2.1891345977783203,,,F9_Levy,50,APSOVI
True,19,61,8648.02660192113,function_evaluations,500000,,500000,9999,500000,0,max_function_evaluations,0.0002619050010252977,121.27004623399989,1.9352798461914062,2.146463394165039,,,F9_Levy,50,APSOVI
True,20,62,7258.075186183369,function_evaluations,500000,,500000,9999,500000,0,max_function_evaluations,0.0002594399993540719,120.79077732699989,1.9429168701171875,2.1683826446533203,,,F9_Levy,50,APSOVI
True,21,63,7020.893046454206,function_evaluations,500000,,500000,9999,500000,0,max_function_evaluations,0.00023064699962560553,119.48676324499866,1.8790359497070312,2.090219497680664,,,F9_Levy,50,APSOVI
True,22,64,6242.829064416115,function_evaluations,500000,,500000,9999,500000,0,max_function_evaluations,0.0002518599994800752,60.18491752900081,1.7931137084960938,1.9803104400634766,,,F9_Levy,50,APSOVI
True,23,65,6115.567882900263,function_evaluations,500000,,500000,9999,500000,0,max_function_evaluations,0.00023539799985883292,61.40719445600007,1.7706451416015625,1.9477710723876953,,,F9_Levy,50,APSOVI
True,24,66,7092.062963650693,function_evaluations,500000,,500000,9999,500000,0,max_function_evaluations,0.00023616699945705477,58.27204471299956,1.7551193237304688,1.9322452545166016,,,F9_Levy,50,APSOVI
True,0,42,6046.668635041244,function_evaluations,500000,,500000,9802,500000,0,max_function_evaluations,0.00015791199984960258,124.25914363099946,2.5431079864501953,4.587549209594727,,,F9_Levy,50,APSO
True,1,43,6009.704575414336,function_evaluations,500000,,500000,9803,500000,0,max_function_evaluations,0.00014139899940346368,137.94848737699976,2.599559783935547,4.642093658447266,,,F9_Levy,50,APSO
True,2,44,5876.587744040977,function_evaluations,500000,,500000,9803,500000,0,max_function_evaluations,0.0001419260006514378,127.99864666399844,2.30645751953125,4.349250793457031,,,F9_Levy,50,APSO
True,3,45,4598.9022728556865,function_evaluations,500000,,500000,9804,500000,0,max_function_evaluations,0.00024969300102384295,143.88704359099938,2.7790050506591797,4.822164535522461,,,F9_Levy,50,APSO
True,4,46,5515.946747231024,function_evaluations,500000,,500000,9803,500000,0,max_function_evaluations,0.00024156200015568174,130.52353480700003,2.9339256286621094,4.991611480712891,,,F9_Levy,50,APSO
True,5,47,6411.435178463114,function_evaluations,500000,,500000,9805,500000,0,max_function_evaluations,0.0001922289993672166,134.41858584999864,2.3562097549438477,4.399632453918457,,,F9_Levy,50,APSO
True,6,48,5517.065706318033,function_evaluations,500000,,500000,9803,500000,0,max_function_evaluations,0.00023390400019707158,128.73009874200034,2.5703048706054688,4.6183929443359375,,,F9_Levy,50,APSO
True,7,49,5950.175136798096,function_evaluations,500000,,500000,9805,500000,0,max_function_evaluations,0.00020322999989730306,129.4443094420003,2.4931392669677734,4.537519454956055,,,F9_Levy,50,APSO
True,8,50,7459.014962094519,function_evaluations,500000,,500000,9803,500000,0,max_function_evaluations,0.00020912599939038046,136.325478707,2.515361785888672,4.557769775390625,,,F9_Levy,50,APSO
True,9,51,4463.0918211489625,function_evaluations,500000,,500000,9803,500000,0,max_function_evaluations,0.0001943480001500575,122.2243700250001,2.4948644638061523,4.540404319763184,,,F9_Levy,50,APSO
True,10,52,6854.090767406968,function_evaluations,500000,,500000,9803,500000,0,max_function_evaluations,0.00020925700118823443,129.07813745100066,2.5892629623413086,4.63114070892334,,,F9_Levy,50,APSO
True,11,53,7684.952148536109,function_evaluations,500000,,500000,9803,500000,0,max_function_evaluations,0.0002694369995879242,128.97203523200005,2.5179386138916016,4.566198348999023,,,F9_Levy,50,APSO
True,12,54,6090.577536413708,function_evaluations,500000,,500000,9805,500000,0,max_function_evaluations,0.00024473300072713755,130.19630019299984,2.293828010559082,4.336895942687988,,,F9_Levy,50,APSO
True,13,55,6044.476575943703,function_evaluations,500000,,500000,9803,500000,0,max_function_evaluations,0.00024338299954251852,134.26154778700038,2.859720230102539,4.91545295715332,,,F9_Levy,50,APSO
True,14,56,6665.221328404119,function_evaluations,500000,,500000,9994,500000,0,max_function_evaluations,0.0002473229997121962,132.03040576999956,2.2464771270751953,4.288362503051758,,,F9_Levy,50,APSO
True,15,57,6333.004143603852,function_evaluations,500000,,500000,9803,500000,0,max_function_evaluations,0.0002834369988704566,134.8320345159991,2.4744091033935547,4.521810531616211,,,F9_Levy,50,APSO
True,16,58,6046.539092153416,function_evaluations,500000,,500000,9826,500000,0,max_function_evaluations,0.00024755499907769263,128.25079414600077,2.636429786682129,4.67922306060791,,,F9_Levy,50,APSO
True,17,59,5549.337236060293,function_evaluations,500000,,500000,9803,500000,0,max_function_evaluations,0.00026869999965128954,134.809061164,2.4815073013305664,4.52333927154541,,,F9_Levy,50,APSO
True,18,60,6406.5891232867525,function_evaluations,500000,,500000,9808,500000,0,max_function_evaluations,0.00026696399982029106,130.73601787999905,2.6602840423583984,4.710847854614258,,,F9_Levy,50,APSO
True,19,61,6159.920280446095,function_evaluations,500000,,500000,9803,500000,0,max_function_evaluations,0.00026092599910043646,131.23780713199994,2.456753730773926,4.502885818481445,,,F9_Levy,50,APSO
True,20,62,4433.869653624079,function_evaluations,500000,,500000,9803,500000,0,max_function_evaluations,0.00025217099937435705,127.66344242000014,2.5405845642089844,4.585727691650391,,,F9_Levy,50,APSO
True,21,63,5194.3549558782815,function_evaluations,500000,,500000,9803,500000,0,max_function_evaluations,0.00028513799952634145,126.26453479199881,2.513509750366211,4.562040328979492,,,F9_Levy,50,APSO
True,22,64,5106.163330750091,function_evaluations,500000,,500000,9803,500000,0,max_function_evaluations,0.00026507700022193603,64.87422716999936,2.5562124252319336,4.59885311126709,,,F9_Levy,50,APSO
True,23,65,5502.6850515345195,function_evaluations,500000,,500000,9803,500000,0,max_function_evaluations,0.0002432710007269634,63.879905239000436,2.512295722961426,4.561039924621582,,,F9_Levy,50,APSO
True,24,66,6349.112376499597,function_evaluations,500000,,500000,9995,500000,0,max_function_evaluations,0.0002456279999023536,63.62797174299885,2.2489748001098633,4.290997505187988,,,F9_Levy,50,APSO
True,0,42,7171.423501497346,function_evaluations,500000,,500000,9999,500000,0,max_function_evaluations,0.0004603420002240455,119.03997834700021,1.9766178131103516,2.1346778869628906,,,F9_Levy,50,UAPSO
True,1,43,6764.17237324272,function_evaluations,500000,,500000,9999,500000,0,max_function_evaluations,0.00041674699969007634,123.10430573200028,1.9922590255737305,2.1516008377075195,,,F9_Levy,50,UAPSO
True,2,44,7002.006584490049,function_evaluations,500000,,500000,9999,500000,0,max_function_evaluations,0.0002355660017201444,123.50293447100012,1.9889869689941406,2.1482677459716797,,,F9_Levy,50,UAPSO
True,3,45,8001.27923199973,function_evaluations,500000,,500000,9999,500000,0,max_function_evaluations,0.00032988699967972934,122.29905690300075,2.0181217193603516,2.1760292053222656,,,F9_Levy,50,UAPSO
True,4,46,6033.153937541794,function_evaluations,500000,,500000,9999,500000,0,max_function_evaluations,0.00024269499954243656,133.59289488299873,1.9807510375976562,2.1376819610595703,,,F9_Levy,50,UAPSO
True,5,47,7937.10108951761,function_evaluations,500000,,500000,9999,500000,0,max_function_evaluations,0.0003114380015176721,118.79990237499987,1.9409847259521484,2.0993804931640625,,,F9_Levy,50,UAPSO
True,6,48,7860.874749511584,function_evaluations,500000,,500000,9999,500000,0,max_function_evaluations,0.00030597099976148456,125.65513896500124,1.9489898681640625,2.1060123443603516,,,F9_Levy,50,UAPSO
True,7,49,7217.096230140412,function_evaluations,500000,,500000,9999,500000,0,max_function_evaluations,0.0003242129987484077,123.66795663099947,2.113409996032715,2.275986671447754,,,F9_Levy,50,UAPSO
True,8,50,6487.214981619554,function_evaluations,500000,,500000,9999,500000,0,max_function_evaluations,0.0003148479991068598,122.71509733699895,1.9538555145263672,2.1102371215820312,,,F9_Levy,50,UAPSO
True,9,51,5880.120346684347,function_evaluations,500000,,500000,9999,500000,0,max_function_evaluations,0.00030747799974051304,130.13669263599877,1.8978462219238281,2.054276466369629,,,F9_Levy,50,UAPSO
True,10,52,8287.655605308264,function_evaluations,500000,,500000,9999,500000,0,max_function_evaluations,0.0010480870005267207,116.096803421,1.986067771911621,2.14223575592041,,,F9_Levy,50,UAPSO
True,11,53,8032.049441629415,function_evaluations,500000,,500000,9999,500000,0,max_function_evaluations,0.00038723500074411277,118.96840626199992,2.0355615615844727,2.1950740814208984,,,F9_Levy,50,UAPSO
True,12,54,7253.97663650436,function_evaluations,500000,,500000,9999,500000,0,max_function_evaluations,0.00044035999962943606,132.48742100799973,1.9602737426757812,2.1179370880126953,,,F9_Levy,50,UAPSO
True,13,55,7394.626992942593,function_evaluations,500000,,500000,9999,500000,0,max_function_evaluations,0.0005234629988990491,120.8330539719991,1.9690990447998047,2.1250839233398438,,,F9_Levy,50,UAPSO
True,14,56,6446.454866018186,function_evaluations,500000,,500000,9999,500000,0,max_function_evaluations,0.00039162499888334423,120.8134371390006,1.9647893905639648,2.121628761291504,,,F9_Levy,50,UAPSO
True,15,57,8024.994461263512,function_evaluations,500000,,500000,9999,500000,0,max_function_evaluations,0.00037674099985451903,121.29539475999991,2.0072431564331055,2.1631975173950195,,,F9_Levy,50,UAPSO
True,16,58,6981.882514258594,function_evaluations,500000,,500000,9999,500000,0,max_function_evaluations,0.000420722000853857,131.2150129519996,2.0179176330566406,2.1760997772216797,,,F9_Levy,50,UAPSO
True,17,59,7899.126768650061,function_evaluations,500000,,500000,9999,500000,0,max_function_evaluations,0.0003805740016105119,123.13303410399931,2.153888702392578,2.314725875854492,,,F9_Levy,50,UAPSO
True,18,60,8461.93889299104,function_evaluations,500000,,500000,9999,500000,0,max_function_evaluations,0.00042554700121399947,130.41464212899882,2.12542724609375,2.286264419555664,,,F9_Levy,50,UAPSO
True,19,61,9205.630940190764,function_evaluations,500000,,500000,9999,500000,0,max_function_evaluations,0.0003891579999617534,116.49766224199993,1.9984674453735352,2.156252861022949,,,F9_Levy,50,UAPSO
True,20,62,7717.341627263653,function_evaluations,500000,,500000,9999,500000,0,max_function_evaluations,0.0004439090007508639,123.01638884899876,2.0877914428710938,2.248781204223633,,,F9_Levy,50,UAPSO
True,21,63,8068.12834941023,function_evaluations,500000,,500000,9999,500000,0,max_function_evaluations,0.00045370800035016146,124.82680236499982,1.9540910720825195,2.1100759506225586,,,F9_Levy,50,UAPSO
True,22,64,8032.989718271694,function_evaluations,500000,,500000,9999,500000,0,max_function_evaluations,0.00042639000093913637,66.17719456499981,2.3811073303222656,2.5928478240966797,,,F9_Levy,50,UAPSO
True,23,65,8559.357260583323,function_evaluations,500000,,500000,9999,500000,0,max_function_evaluations,0.0004252260005159769,59.77847162800026,1.9518747329711914,2.1080427169799805,,,F9_Levy,50,UAPSO
True,24,66,8157.1307314123205,function_evaluations,500000,,500000,9999,500000,0,max_function_evaluations,0.0003575869995984249,58.11570395800118,2.1069765090942383,2.2639074325561523,,,F9_Levy,50,UAPSO
True,0,42,54187380.772199504,function_evaluations,500000,,500000,9999,500000,0,max_function_evaluations,0.000188837000678177,71.68378781000138,1.2175674438476562,1.3737812042236328,,,F10_Schwefel,50,PSO
True,1,43,836092.211925778,function_evaluations,500000,,500000,9999,500000,0,max_function_evaluations,0.00016702699940651655,58.684291218,1.202056884765625,1.3580265045166016,,,F10_Schwefel,50,PSO
True,2,44,426074.299974272,function_evaluations,500000,,500000,9999,500000,0,max_function_evaluations,0.0002252080012112856,60.625046949000534,1.2130050659179688,1.3684558868408203,,,F10_Schwefel,50,PSO
True,3,45,578875.966876997,function_evaluations,500000,,500000,9999,500000,0,max_function_evaluations,0.00016669300021021627,57.544461129999036,1.1798248291015625,1.335306167602539,,,F10_Schwefel,50,PSO
True,4,46,411819.06993625185,function_evaluations,500000,,500000,9999,500000,0,max_function_evaluations,0.00025090700000873767,58.36180395699921,1.192779541015625,1.3490238189697266,,,F10_Schwefel,50,PSO
True,5,47,726108.7816496678,function_evaluations,500000,,500000,9999,500000,0,max_function_evaluations,0.00021071599985589273,66.59321893999913,1.1969985961914062,1.3525409698486328,,,F10_Schwefel,50,PSO
True,6,48,613201.4523128946,function_evaluations,500000,,500000,9999,500000,0,max_function_evaluations,0.0002676109997992171,56.76447605500107,1.164794921875,1.3201847076416016,,,F10_Schwefel,50,PSO
True,7,49,13044804.514759537,function_evaluations,500000,,500000,9999,500000,0,max_function_evaluations,0.00023928900009195786,64.73867435099964,1.2054519653320312,1.3607807159423828,,,F10_Schwefel,50,PSO
True,8,50,585538.4981412368,function_evaluations,500000,,500000,9999,500000,0,max_function_evaluations,0.0001888030001282459,63.48451019899949,1.1875381469726562,1.3435382843017578,,,F10_Schwefel,50,PSO
True,9,51,54891950.84958546,function_evaluations,500000,,500000,9999,500000,0,max_function_evaluations,0.00020064199998159893,68.23323216300014,1.1764144897460938,1.3317127227783203,,,F10_Schwefel,50,PSO
True,10,52,801367.4652097758,function_evaluations,500000,,500000,9999,500000,0,max_function_evaluations,0.00020624399985536002,57.450212761999865,1.1966400146484375,1.352273941040039,,,F10_Schwefel,50,PSO
True,11,53,413304.08071034646,function_evaluations,500000,,500000,9999,500000,0,max_function_evaluations,0.0002562530007708119,60.287253555999996,1.1966934204101562,1.3522968292236328,,,F10_Schwefel,50,PSO
True,12,54,886163.9986388301,function_evaluations,500000,,500000,9999,500000,0,max_function_evaluations,0.00016445599976577796,61.553984287000276,1.180023193359375,1.3355045318603516,,,F10_Schwefel,50,PSO
True,13,55,12806848.449869003,function_evaluations,500000,,500000,9999,500000,0,max_function_evaluations,0.0002394759994786,63.05387598000016,1.1982345581054688,1.3535938262939453,,,F10_Schwefel,50,PSO
True,14,56,523723.8149173963,function_evaluations,500000,,500000,9999,500000,0,max_function_evaluations,0.00023237700042955112,61.830027502999656,1.1904983520507812,1.3460407257080078,,,F10_Schwefel,50,PSO
True,15,57,494680.4090602051,function_evaluations,500000,,500000,9999,500000,0,max_function_evaluations,0.00022102500042819884,62.08326733699869,1.1989212036132812,1.3541278839111328,,,F10_Schwefel,50,PSO
True,16,58,12849502.73062968,function_evaluations,500000,,500000,9999,500000,0,max_function_evaluations,0.00022784999964642338,72.34528730800048,1.1834259033203125,1.339181900024414,,,F10_Schwefel,50,PSO
True,17,59,178587943.56179124,function_evaluations,500000,,500000,9999,500000,0,max_function_evaluations,0.00026467999850865453,62.66523919800056,1.2070541381835938,1.3635120391845703,,,F10_Schwefel,50,PSO
True,18,60,12597418.385050304,function_evaluations,500000,,500000,9999,500000,0,max_function_evaluations,0.00022011800137988757,54.95882682000047,1.1970443725585938,1.3525867462158203,,,F10_Schwefel,50,PSO
True,19,61,1058305.8934944987,function_evaluations,500000,,500000,9999,500000,0,max_function_evaluations,0.00022630800049228128,64.83924786399984,1.192047119140625,1.3473453521728516,,,F10_Schwefel,50,PSO
True,20,62,557915.8873166844,function_evaluations,500000,,500000,9999,500000,0,max_function_evaluations,0.00025994299903686624,54.01201852899976,1.1777114868164062,1.3335590362548828,,,F10_Schwefel,50,PSO
True,21,63,729962.7856216312,function_evaluations,500000,,500000,9999,500000,0,max_function_evaluations,0.00023795100059942342,62.27086194399999,1.1817245483398438,1.3377246856689453,,,F10_Schwefel,50,PSO
True,22,64,280556.71533936175,function_evaluations,500000,,500000,9999,500000,0,max_function_evaluations,0.00022281299970927648,30.50798540300093,1.22076416015625,1.3764896392822266,,,F10_Schwefel,50,PSO
True,23,65,554480.4063348586,function_evaluations,500000,,500000,9999,500000,0,max_function_evaluations,0.00023441799930878915,29.95227424800032,1.1958847045898438,1.3515491485595703,,,F10_Schwefel,50,PSO
True,24,66,13045247.38488031,function_evaluations,500000,,500000,9999,500000,0,max_function_evaluations,0.00024122800095938146,28.93918717300039,1.1949386596679688,1.3508472442626953,,,F10_Schwefel,50,PSO
True,0,42,661686.0609175703,function_evaluations,500000,,500000,9999,500000,0,max_function_evaluations,0.00016368200158467516,60.74104446199999,1.6968154907226562,1.8519458770751953,,,F10_Schwefel,50,PSOLVIW
True,1,43,186066.4216351959,function_evaluations,500000,,500000,9999,500000,0,max_function_evaluations,0.0002118600004905602,68.68260612500126,1.667205810546875,1.8281574249267578,,,F10_Schwefel,50,PSOLVIW
True,2,44,185977.46628017834,function_evaluations,500000,,500000,9999,500000,0,max_function_evaluations,0.00014054999883228447,62.68395497700112,1.681732177734375,1.839334487915039,,,F10_Schwefel,50,PSOLVIW
True,3,45,174189.90691458242,function_evaluations,500000,,500000,9999,500000,0,max_function_evaluations,0.00020391799989738502,68.15553287299917,1.6924514770507812,1.848947525024414,,,F10_Schwefel,50,PSOLVIW
True,4,46,12331444.357628878,function_evaluations,500000,,500000,9999,500000,0,max_function_evaluations,0.000264695001533255,69.06885487699947,1.683990478515625,1.8421955108642578,,,F10_Schwefel,50,PSOLVIW
True,5,47,12391514.983168734,function_evaluations,500000,,500000,9999,500000,0,max_function_evaluations,0.00022955500026000664,64.21030898299978,1.724273681640625,1.884531021118164,,,F10_Schwefel,50,PSOLVIW
True,6,48,12305058.810390962,function_evaluations,500000,,500000,9999,500000,0,max_function_evaluations,0.00022787899979448412,70.12109421099922,1.68341064453125,1.8415546417236328,,,F10_Schwefel,50,PSOLVIW
True,7,49,12489294.84549012,function_evaluations,500000,,500000,9999,500000,0,max_function_evaluations,0.00020147699979133904,64.86276782799905,1.7036895751953125,1.8654956817626953,,,F10_Schwefel,50,PSOLVIW
True,8,50,141786.17400826386,function_evaluations,500000,,500000,9999,500000,0,max_function_evaluations,0.00019639899983303621,62.445334485000785,1.6729660034179688,1.8329105377197266,,,F10_Schwefel,50,PSOLVIW
True,9,51,12327883.007878656,function_evaluations,500000,,500000,9999,500000,0,max_function_evaluations,0.00022614699992118403,69.80215351700099,1.66522216796875,1.8261127471923828,,,F10_Schwefel,50,PSOLVIW
True,10,52,12271541.210152239,function_evaluations,500000,,500000,9999,500000,0,max_function_evaluations,0.000219837000258849,62.41947624999921,1.7233963012695312,1.8836536407470703,,,F10_Schwefel,50,PSOLVIW
True,11,53,91306078.2544603,function_evaluations,500000,,500000,9999,500000,0,max_function_evaluations,0.0002724839996517403,69.56576880600005,1.6809005737304688,1.838876724243164,,,F10_Schwefel,50,PSOLVIW
True,12,54,417403.81304897903,function_evaluations,500000,,500000,9999,500000,0,max_function_evaluations,0.00025582400121493265,73.53525591200014,1.6679763793945312,1.828683853149414,,,F10_Schwefel,50,PSOLVIW
True,13,55,12348940.005545996,function_evaluations,500000,,500000,9999,500000,0,max_function_evaluations,0.0002715640002861619,71.21581028000037,1.7094955444335938,1.8701725006103516,,,F10_Schwefel,50,PSOLVIW
True,14,56,78856.48320200894,function_evaluations,500000,,500000,9999,500000,0,max_function_evaluations,0.0002644710002641659,67.77686699599872,1.6813888549804688,1.8399066925048828,,,F10_Schwefel,50,PSOLVIW
True,15,57,12380829.633866522,function_evaluations,500000,,500000,9999,500000,0,max_function_evaluations,0.0002617740010464331,68.83583885899861,1.6832504272460938,1.8410053253173828,,,F10_Schwefel,50,PSOLVIW
True,16,58,12415336.526946327,function_evaluations,500000,,500000,9999,500000,0,max_function_evaluations,0.00026130700098292436,72.27601230499931,1.6982955932617188,1.8535099029541016,,,F10_Schwefel,50,PSOLVIW
True,17,59,201401374.18696302,function_evaluations,500000,,500000,9999,500000,0,max_function_evaluations,0.00028249000024516135,70.4734970770005,1.6878738403320312,1.8437442779541016,,,F10_Schwefel,50,PSOLVIW
True,18,60,12384086.137653599,function_evaluations,500000,,500000,9999,500000,0,max_function_evaluations,0.002301111000633682,70.89777915500053,1.6336441040039062,1.793649673461914,,,F10_Schwefel,50,PSOLVIW
True,19,61,151503.0930027298,function_evaluations,500000,,500000,9999,500000,0,max_function_evaluations,0.00026126600096176844,69.12310453900136,1.687347412109375,1.8443470001220703,,,F10_Schwefel,50,PSOLVIW
True,20,62,205614.55940497736,function_evaluations,500000,,500000,9999,500000,0,max_function_evaluations,0.00026553299903753214,70.3295566249999,1.6887435913085938,1.8455142974853516,,,F10_Schwefel,50,PSOLVIW
True,21,63,91343886.17109737,function_evaluations,500000,,500000,9999,500000,0,max_function_evaluations,0.00028715400003420655,68.35908678300075,1.6739349365234375,1.8328571319580078,,,F10_Schwefel,50,PSOLVIW
True,22,64,139994.13712613203,function_evaluations,500000,,500000,9999,500000,0,max_function_evaluations,0.00029107099908287637,34.323224626999945,1.7024765014648438,1.8641681671142578,,,F10_Schwefel,50,PSOLVIW
True,23,65,155226.1896320859,function_evaluations,500000,,500000,9999,500000,0,max_function_evaluations,0.00028259300052013714,33.83258674699937,1.66400146484375,1.824716567993164,,,F10_Schwefel,50,PSOLVIW
True,24,66,147869.92275662185,function_evaluations,500000,,500000,9999,500000,0,max_function_evaluations,0.00020387000040500425,32.26864877400112,1.6765518188476562,1.835947036743164,,,F10_Schwefel,50,PSOLVIW
True,0,42,76789.00243941155,function_evaluations,500000,,500000,9999,500000,0,max_function_evaluations,0.00027068800045526586,68.10484354899927,3.0695419311523438,3.427370071411133,,,F10_Schwefel,50,PSOTVAC
True,1,43,62846.91259195226,function_evaluations,500000,,500000,9999,500000,0,max_function_evaluations,0.00022057600108382758,66.1206674419991,2.7445220947265625,3.0245914459228516,,,F10_Schwefel,50,PSOTVAC
True,2,44,29492.22938762243,function_evaluations,500000,,500000,9999,500000,0,max_function_evaluations,0.0002929460006271256,66.16773846400065,2.9508056640625,3.279642105102539,,,F10_Schwefel,50,PSOTVAC
True,3,45,115764.45562315098,function_evaluations,500000,,500000,9999,500000,0,max_function_evaluations,0.000269177000518539,63.52019588799885,2.9445877075195312,3.2734241485595703,,,F10_Schwefel,50,PSOTVAC
True,4,46,76341.10028347519,function_evaluations,500000,,500000,9999,500000,0,max_function_evaluations,0.0002480789989931509,67.33070126500024,3.0532913208007812,3.4110965728759766,,,F10_Schwefel,50,PSOTVAC
True,5,47,72478.63681742155,function_evaluations,500000,,500000,9999,500000,0,max_function_evaluations,0.0003272060002927901,61.9881068779996,2.9624862670898438,3.291322708129883,,,F10_Schwefel,50,PSOTVAC
True,6,48,163172.8897104189,function_evaluations,500000,,500000,9999,500000,0,max_function_evaluations,0.00032798499887576327,68.44353924999996,3.015899658203125,3.344736099243164,,,F10_Schwefel,50,PSOTVAC
True,7,49,40787.77213669265,function_evaluations,500000,,500000,9999,500000,0,max_function_evaluations,0.00032902000020840205,70.07701434099909,3.0008773803710938,3.329713821411133,,,F10_Schwefel,50,PSOTVAC
True,8,50,104997.1794566169,function_evaluations,500000,,500000,9999,500000,0,max_function_evaluations,0.0002715760001592571,65.79763619699952,3.0852508544921875,3.4430789947509766,,,F10_Schwefel,50,PSOTVAC
True,9,51,36864.64427324687,function_evaluations,500000,,500000,9999,500000,0,max_function_evaluations,0.00028513799952634145,66.34000474599998,3.2160186767578125,3.6065006256103516,,,F10_Schwefel,50,PSOTVAC
True,10,52,240910.96783317573,function_evaluations,500000,,500000,9999,500000,0,max_function_evaluations,0.0002372010003455216,64.60755737,3.087066650390625,3.444894790649414,,,F10_Schwefel,50,PSOTVAC
True,11,53,88761.96695546061,function_evaluations,500000,,500000,9999,500000,0,max_function_evaluations,0.0003849810000247089,69.17209335200096,2.9477310180664062,3.2765674591064453,,,F10_Schwefel,50,PSOTVAC
True,12,54,93283.58538363414,function_evaluations,500000,,500000,9999,500000,0,max_function_evaluations,0.0002558069991209777,65.84148240700051,2.9983367919921875,3.3271732330322266,,,F10_Schwefel,50,PSOTVAC
True,13,55,114947.02895482426,function_evaluations,500000,,500000,9999,500000,0,max_function_evaluations,0.0002867240000341553,64.23546785700091,3.0030517578125,3.331888198852539,,,F10_Schwefel,50,PSOTVAC
True,14,56,108237.47084253051,function_evaluations,500000,,500000,9999,500000,0,max_function_evaluations,0.0002716390008572489,65.51998278999963,2.9269790649414062,3.2558155059814453,,,F10_Schwefel,50,PSOTVAC
True,15,57,6250.7731477828565,function_evaluations,500000,,500000,9999,500000,0,max_function_evaluations,0.00025796599948080257,52.67602872899988,2.92169189453125,3.250528335571289,,,F10_Schwefel,50,PSOTVAC
True,16,58,113112.61706422707,function_evaluations,500000,,500000,9999,500000,0,max_function_evaluations,0.00025420100064366125,61.900854723999146,2.9513473510742188,3.280183792114258,,,F10_Schwefel,50,PSOTVAC
True,17,59,28847.418967862963,function_evaluations,500000,,500000,9999,500000,0,max_function_evaluations,0.00024929400024120696,62.23244704100034,2.9605865478515625,3.2894229888916016,,,F10_Schwefel,50,PSOTVAC
True,18,60,82594.4649584732,function_evaluations,500000,,500000,9999,500000,0,max_function_evaluations,0.00026745000104710925,63.03536058999998,3.0111160278320312,3.3399524688720703,,,F10_Schwefel,50,PSOTVAC
True,19,61,80463.55302556047,function_evaluations,500000,,500000,9999,500000,0,max_function_evaluations,0.00026576200070849154,62.08082465799998,2.7299346923828125,3.0100040435791016,,,F10_Schwefel,50,PSOTVAC
True,20,62,59290.07438986088,function_evaluations,500000,,500000,9999,500000,0,max_function_evaluations,0.0002744490011536982,65.09550957600004,2.80975341796875,3.112771987915039,,,F10_Schwefel,50,PSOTVAC
True,21,63,69407.39617593397,function_evaluations,500000,,500000,9999,500000,0,max_function_evaluations,0.00026944000092044007,56.002491003000614,2.8725814819335938,3.175600051879883,,,F10_Schwefel,50,PSOTVAC
True,22,64,84710.5142833517,function_evaluations,500000,,500000,9999,500000,0,max_function_evaluations,0.0002465800007485086,33.30280298899925,3.1235733032226562,3.4814014434814453,,,F10_Schwefel,50,PSOTVAC
True,23,65,92244.87809188766,function_evaluations,500000,,500000,9999,500000,0,max_function_evaluations,0.00025292099962825887,29.173898312001256,2.878509521484375,3.181528091430664,,,F10_Schwefel,50,PSOTVAC
True,24,66,108805.5431617,function_evaluations,500000,,500000,9999,500000,0,max_function_evaluations,0.00024658100119268056,28.463043574998665,3.1596298217773438,3.517457962036133,,,F10_Schwefel,50,PSOTVAC
True,0,42,189101.94946322832,function_evaluations,500000,,500000,9999,500000,0,max_function_evaluations,0.00022670900034427177,59.3663856940002,1.6846160888671875,1.8448963165283203,,,F10_Schwefel,50,APSOVI
True,1,43,53095319.21462591,function_evaluations,500000,,500000,9999,500000,0,max_function_evaluations,0.00031742399914946873,60.84261897899887,1.5866775512695312,1.7452106475830078,,,F10_Schwefel,50,APSOVI
True,2,44,179308.2931452378,function_evaluations,500000,,500000,9999,500000,0,max_function_evaluations,0.0006966049986658618,69.7482267000014,1.6979217529296875,1.8661365509033203,,,F10_Schwefel,50,APSOVI
True,3,45,53167126.44259227,function_evaluations,500000,,500000,9999,500000,0,max_function_evaluations,0.0006852139995316975,60.01602125300087,1.5736846923828125,1.730783462524414,,,F10_Schwefel,50,APSOVI
True,4,46,12259112.9436087,function_evaluations,500000,,500000,9999,500000,0,max_function_evaluations,0.0007746609990135767,60.87129013100093,1.7064361572265625,1.8746509552001953,,,F10_Schwefel,50,APSOVI
True,5,47,12359884.06554393,function_evaluations,500000,,500000,9999,500000,0,max_function_evaluations,0.0005769509989477228,58.67828292200102,1.5513763427734375,1.707651138305664,,,F10_Schwefel,50,APSOVI
True,6,48,53124243.85094724,function_evaluations,500000,,500000,9999,500000,0,max_function_evaluations,0.000847431001602672,62.66396587700001,1.5421600341796875,1.697427749633789,,,F10_Schwefel,50,APSOVI
True,7,49,12247987.609886186,function_evaluations,500000,,500000,9999,500000,0,max_function_evaluations,0.0006717319993185811,68.0166057890001,1.53436279296875,1.6910037994384766,,,F10_Schwefel,50,APSOVI
True,8,50,75155.77858650482,function_evaluations,500000,,500000,9999,500000,0,max_function_evaluations,0.0006765729995095171,65.44729966900013,1.609466552734375,1.7684268951416016,,,F10_Schwefel,50,APSOVI
True,9,51,146451.046855656,function_evaluations,500000,,500000,9999,500000,0,max_function_evaluations,0.0005294379989209119,67.30058573799943,1.6861038208007812,1.846384048461914,,,F10_Schwefel,50,APSOVI
True,10,52,186541.65280275134,function_evaluations,500000,,500000,9999,500000,0,max_function_evaluations,0.0004673999992519384,58.26055363500018,1.67694091796875,1.8372211456298828,,,F10_Schwefel,50,APSOVI
True,11,53,12325426.918541973,function_evaluations,500000,,500000,9999,500000,0,max_function_evaluations,0.00024962399947980884,60.39594336200025,1.6726303100585938,1.8329105377197266,,,F10_Schwefel,50,APSOVI
True,12,54,53074660.601382576,function_evaluations,500000,,500000,9999,500000,0,max_function_evaluations,0.00026558599893178325,66.01781202499842,1.6899642944335938,1.8502445220947266,,,F10_Schwefel,50,APSOVI
True,13,55,267741.1308126666,function_evaluations,500000,,500000,9999,500000,0,max_function_evaluations,0.0002182080006605247,62.334888232000594,1.6567535400390625,1.8123798370361328,,,F10_Schwefel,50,APSOVI
True,14,56,176504.54049379576,function_evaluations,500000,,500000,9999,500000,0,max_function_evaluations,0.00023654399956285488,66.23932078500002,1.6386260986328125,1.7983341217041016,,,F10_Schwefel,50,APSOVI
True,15,57,12675295.803168185,function_evaluations,500000,,500000,9999,500000,0,max_function_evaluations,0.0002563230009400286,64.41951933599921,1.6537399291992188,1.8108539581298828,,,F10_Schwefel,50,APSOVI
True,16,58,12551737.549979798,function_evaluations,500000,,500000,9999,500000,0,max_function_evaluations,0.0002448190007271478,58.64094062799995,1.6307601928710938,1.7916126251220703,,,F10_Schwefel,50,APSOVI
True,17,59,309690.3339464694,function_evaluations,500000,,500000,9999,500000,0,max_function_evaluations,0.00024211999880208168,69.6809987329998,1.5455093383789062,1.7041034698486328,,,F10_Schwefel,50,APSOVI
True,18,60,180310.74224581628,function_evaluations,500000,,500000,9999,500000,0,max_function_evaluations,0.00026698399960878305,60.326988398999674,1.6087722778320312,1.764352798461914,,,F10_Schwefel,50,APSOVI
True,19,61,202876.98507051784,function_evaluations,500000,,500000,9999,500000,0,max_function_evaluations,0.0002482619984220946,62.28531583899894,1.5743942260742188,1.7317676544189453,,,F10_Schwefel,50,APSOVI
True,20,62,108244.63031082474,function_evaluations,500000,,500000,9999,500000,0,max_function_evaluations,0.0002383920000283979,53.08152117300051,1.626617431640625,1.7835941314697266,,,F10_Schwefel,50,APSOVI
True,21,63,91539649.86368732,function_evaluations,500000,,500000,9999,500000,0,max_function_evaluations,0.00023978900026122574,63.66371371800051,1.6295852661132812,1.7850971221923828,,,F10_Schwefel,50,APSOVI
True,22,64,87994.77100116739,function_evaluations,500000,,500000,9999,500000,0,max_function_evaluations,0.00024015599956328515,32.5864336350005,1.6674346923828125,1.8283634185791016,,,F10_Schwefel,50,APSOVI
True,23,65,160807.51877385995,function_evaluations,500000,,500000,9999,500000,0,max_function_evaluations,0.0002440190000925213,31.532927473999735,1.6269683837890625,1.782999038696289,,,F10_Schwefel,50,APSOVI
True,24,66,124156.29677981416,function_evaluations,500000,,500000,9999,500000,0,max_function_evaluations,0.00027363000117475167,30.85525602800044,1.6510543823242188,1.809183120727539,,,F10_Schwefel,50,APSOVI
True,0,42,1671.0440425488687,function_evaluations,500000,,500000,9803,500000,0,max_function_evaluations,0.00018955700033984613,76.86810252099895,2.9010009765625,4.944129943847656,,,F10_Schwefel,50,APSO
True,1,43,3482.488605174378,function_evaluations,500000,,500000,9803,500000,0,max_function_evaluations,0.0001594320001458982,76.34824559700064,2.821075439453125,4.865189552307129,,,F10_Schwefel,50,APSO
True,2,44,1622.7312031258798,function_evaluations,500000,,500000,9803,500000,0,max_function_evaluations,0.00016247599887719844,73.31138384100086,2.7890729904174805,4.839312553405762,,,F10_Schwefel,50,APSO
True,3,45,27879.391682290796,function_evaluations,500000,,500000,9804,500000,0,max_function_evaluations,0.00023265100026037544,73.497990287,2.7525997161865234,4.79670524597168,,,F10_Schwefel,50,APSO
True,4,46,69893.65799573078,function_evaluations,500000,,500000,9803,500000,0,max_function_evaluations,0.0004950880011165282,75.87658713600104,2.771921157836914,4.825448989868164,,,F10_Schwefel,50,APSO
True,5,47,4996.147200571309,function_evaluations,500000,,500000,9803,500000,0,max_function_evaluations,0.0006546950007759733,77.03906976100006,2.7771997451782227,4.829361915588379,,,F10_Schwefel,50,APSO
True,6,48,731.9905984244679,function_evaluations,500000,,500000,9803,500000,0,max_function_evaluations,0.0005966130011074711,80.34353090699915,2.8293514251708984,4.871915817260742,,,F10_Schwefel,50,APSO
True,7,49,1799.689625467442,function_evaluations,500000,,500000,9803,500000,0,max_function_evaluations,0.0006184750000102213,71.56002904500019,2.778291702270508,4.830942153930664,,,F10_Schwefel,50,APSO
True,8,50,29915.802211411985,function_evaluations,500000,,500000,9804,500000,0,max_function_evaluations,0.0006252359999052715,68.64502772000014,2.7406082153320312,4.78717041015625,,,F10_Schwefel,50,APSO
True,9,51,18976.1540200402,function_evaluations,500000,,500000,9803,500000,0,max_function_evaluations,0.0004905420009890804,73.49706082599914,2.7170400619506836,4.7680463790893555,,,F10_Schwefel,50,APSO
True,10,52,11985.055188702956,function_evaluations,500000,,500000,9803,500000,0,max_function_evaluations,0.0004566370007523801,72.3690455979995,2.732090950012207,4.780163764953613,,,F10_Schwefel,50,APSO
True,11,53,30854.021470430773,function_evaluations,500000,,500000,9803,500000,0,max_function_evaluations,0.00024802999905659817,69.20730076900145,2.734813690185547,4.782566070556641,,,F10_Schwefel,50,APSO
True,12,54,5747.1309796213145,function_evaluations,500000,,500000,9803,500000,0,max_function_evaluations,0.00025293699945905246,82.42269322100037,2.7748355865478516,4.827821731567383,,,F10_Schwefel,50,APSO
True,13,55,580.835852185885,function_evaluations,500000,,500000,9803,500000,0,max_function_evaluations,0.0002496699999028351,70.77272438699947,2.8677473068237305,4.917132377624512,,,F10_Schwefel,50,APSO
True,14,56,2753.2705966287695,function_evaluations,500000,,500000,9803,500000,0,max_function_evaluations,0.00025595800070732366,76.3224833029999,2.785712242126465,4.836684226989746,,,F10_Schwefel,50,APSO
True,15,57,39221.53691596139,function_evaluations,500000,,500000,9803,500000,0,max_function_evaluations,0.0004815989996131975,71.92686811400017,2.7483768463134766,4.793367385864258,,,F10_Schwefel,50,APSO
True,16,58,33542.8800669499,function_evaluations,500000,,500000,9803,500000,0,max_function_evaluations,0.00028450399986468256,80.21450067600017,2.7643003463745117,4.806757926940918,,,F10_Schwefel,50,APSO
True,17,59,3245.3274139489176,function_evaluations,500000,,500000,9803,500000,0,max_function_evaluations,0.0002583759996923618,75.80087593099961,2.720158576965332,4.771115303039551,,,F10_Schwefel,50,APSO
True,18,60,826.2227915777762,function_evaluations,500000,,500000,9803,500000,0,max_function_evaluations,0.00028775399914593436,74.22178208200057,2.8336076736450195,4.875988960266113,,,F10_Schwefel,50,APSO
True,19,61,14361.679250007226,function_evaluations,500000,,500000,9803,500000,0,max_function_evaluations,0.00025963300140574574,74.90987801200026,2.8541812896728516,4.905611038208008,,,F10_Schwefel,50,APSO
True,20,62,2831.522364940349,function_evaluations,500000,,500000,9803,500000,0,max_function_evaluations,0.0002760259994829539,74.85863967800105,2.779022216796875,4.831520080566406,,,F10_Schwefel,50,APSO
True,21,63,3256.724700610701,function_evaluations,500000,,500000,9803,500000,0,max_function_evaluations,0.00026202199842373375,66.98242841499996,2.799886703491211,4.848081588745117,,,F10_Schwefel,50,APSO
True,22,64,9509.08558883927,function_evaluations,500000,,500000,9803,500000,0,max_function_evaluations,0.00025422299950150773,38.30987524500051,2.7376327514648438,4.7849578857421875,,,F10_Schwefel,50,APSO
True,23,65,14360.140430156996,function_evaluations,500000,,500000,9803,500000,0,max_function_evaluations,0.0002570550004747929,37.688880134999636,2.7318954467773438,4.780487060546875,,,F10_Schwefel,50,APSO
True,24,66,3641.0996149442853,function_evaluations,500000,,500000,9803,500000,0,max_function_evaluations,0.00024193099852709565,34.26682394999989,2.825791358947754,4.869866371154785,,,F10_Schwefel,50,APSO
True,0,42,2697639.966199055,function_evaluations,500000,,500000,9999,500000,0,max_function_evaluations,0.00042725300045276526,65.45239037300053,2.051316261291504,2.2072582244873047,,,F10_Schwefel,50,UAPSO
True,1,43,27072455.913703434,function_evaluations,500000,,500000,9999,500000,0,max_function_evaluations,0.0006026820010447409,70.89712426900041,2.009537696838379,2.168940544128418,,,F10_Schwefel,50,UAPSO
True,2,44,160245.81027463014,function_evaluations,500000,,500000,9999,500000,0,max_function_evaluations,0.0005140190005477052,61.30991913499929,1.9760570526123047,2.1338729858398438,,,F10_Schwefel,50,UAPSO
True,3,45,236389.94607943745,function_evaluations,500000,,500000,9999,500000,0,max_function_evaluations,0.0006102200004534097,58.32953507400089,2.0732908248901367,2.230404853820801,,,F10_Schwefel,50,UAPSO
True,4,46,7828147.134162993,function_evaluations,500000,,500000,9999,500000,0,max_function_evaluations,0.0005163629994058283,66.1260758389999,2.035691261291504,2.1945629119873047,,,F10_Schwefel,50,UAPSO
True,5,47,216746.16299508896,function_evaluations,500000,,500000,9999,500000,0,max_function_evaluations,0.0007501590007450432,71.06591606300026,1.949753761291504,2.106440544128418,,,F10_Schwefel,50,UAPSO
True,6,48,6962347.872879337,function_evaluations,500000,,500000,9999,500000,0,max_function_evaluations,0.0006198850005603163,72.28499090600053,2.597747802734375,2.858011245727539,,,F10_Schwefel,50,UAPSO
True,7,49,152831.64338591223,function_evaluations,500000,,500000,9999,500000,0,max_function_evaluations,0.0006521920004161075,69.58559963500011,1.9379425048828125,2.0942020416259766,,,F10_Schwefel,50,UAPSO
True,8,50,5763735.291211643,function_evaluations,500000,,500000,9999,500000,0,max_function_evaluations,0.005747066001276835,67.26978800699908,2.1190872192382812,2.2800464630126953,,,F10_Schwefel,50,UAPSO
True,9,51,261867.12704920524,function_evaluations,500000,,500000,9999,500000,0,max_function_evaluations,0.0006732120000378927,65.43533128099989,1.9629278182983398,2.120072364807129,,,F10_Schwefel,50,UAPSO
True,10,52,367384.0981211024,function_evaluations,500000,,500000,9999,500000,0,max_function_evaluations,0.0009548770012770547,63.70135269399907,1.9406051635742188,2.096345901489258,,,F10_Schwefel,50,UAPSO
True,11,53,2444762.821666615,function_evaluations,500000,,500000,9999,500000,0,max_function_evaluations,0.0004372240000520833,64.91237331500088,1.9237241744995117,2.080533027648926,,,F10_Schwefel,50,UAPSO
True,12,54,40012131.76948993,function_evaluations,500000,,500000,9999,500000,0,max_function_evaluations,0.0003972270005760947,62.318061850999584,1.9555597305297852,2.114108085632324,,,F10_Schwefel,50,UAPSO
True,13,55,162039.46901136893,function_evaluations,500000,,500000,9999,500000,0,max_function_evaluations,0.00037986600000294857,72.2078055059992,1.9312305450439453,2.088912010192871,,,F10_Schwefel,50,UAPSO
True,14,56,6094173.207013908,function_evaluations,500000,,500000,9999,500000,0,max_function_evaluations,0.0004457020004338119,63.11039978500048,1.9524965286254883,2.1085119247436523,,,F10_Schwefel,50,UAPSO
True,15,57,89669.21360476711,function_evaluations,500000,,500000,9999,500000,0,max_function_evaluations,0.00039414200000464916,62.990727289999995,2.037625312805176,2.196417808532715,,,F10_Schwefel,50,UAPSO
True,16,58,700948.0620878054,function_evaluations,500000,,500000,9999,500000,0,max_function_evaluations,0.0003868969997711247,66.29556112299906,1.9741668701171875,2.1327152252197266,,,F10_Schwefel,50,UAPSO
True,17,59,16828207.095225107,function_evaluations,500000,,500000,9999,500000,0,max_function_evaluations,0.0003886900012730621,73.27396858800057,2.022531509399414,2.179309844970703,,,F10_Schwefel,50,UAPSO
True,18,60,22568318.898419574,function_evaluations,500000,,500000,9999,500000,0,max_function_evaluations,0.0004447999999683816,69.58712961600031,1.9557409286499023,2.1142892837524414,,,F10_Schwefel,50,UAPSO
True,19,61,36032057.140009716,function_evaluations,500000,,500000,9999,500000,0,max_function_evaluations,0.00042688599933171645,60.453959732998555,2.010843276977539,2.170459747314453,,,F10_Schwefel,50,UAPSO
True,20,62,2633473.0920797577,function_evaluations,500000,,500000,9999,500000,0,max_function_evaluations,0.00039465800000471063,63.56956707599966,2.067397117614746,2.226067543029785,,,F10_Schwefel,50,UAPSO
True,21,63,637091910.1832454,function_evaluations,500000,,500000,9999,500000,0,max_function_evaluations,0.00043001999983971473,62.88694031900013,2.613509178161621,2.873772621154785,,,F10_Schwefel,50,UAPSO
True,22,64,7228550.239929033,function_evaluations,500000,,500000,9999,500000,0,max_function_evaluations,0.00039080499846022576,33.265415622001456,1.9794731140136719,2.136587142944336,,,F10_Schwefel,50,UAPSO
True,23,65,297038.5100184837,function_evaluations,500000,,500000,9999,500000,0,max_function_evaluations,0.0004999689990654588,34.010733118000644,1.9793996810913086,2.1365747451782227,,,F10_Schwefel,50,UAPSO
True,24,66,110167070.55506009,function_evaluations,500000,,500000,9999,500000,0,max_function_evaluations,0.00040988700129673816,31.736554741000873,1.9811296463012695,2.1381521224975586,,,F10_Schwefel,50,UAPSO
True,0,42,525856409.18109936,function_evaluations,500000,,500000,9999,500000,0,max_function_evaluations,0.00037060999966342933,144.44351842500146,1.17828369140625,1.3339786529541016,,,F11_Hybrid1,50,PSO
True,1,43,723429149.6606557,function_evaluations,500000,,500000,9999,500000,0,max_function_evaluations,0.00023617800070496742,140.24071398500018,1.1794204711914062,1.3349323272705078,,,F11_Hybrid1,50,PSO
True,2,44,241822453.19913223,function_evaluations,500000,,500000,9999,500000,0,max_function_evaluations,0.0003101109996350715,133.6619319830006,1.1947402954101562,1.350625991821289,,,F11_Hybrid1,50,PSO
True,3,45,262058463.8950101,function_evaluations,500000,,500000,9999,500000,0,max_function_evaluations,0.0002628230013215216,137.24924860700048,1.2038116455078125,1.359476089477539,,,F11_Hybrid1,50,PSO
True,4,46,156254755.5707405,function_evaluations,500000,,500000,9999,500000,0,max_function_evaluations,0.0003819600005954271,137.00034450400017,1.1847305297851562,1.3402423858642578,,,F11_Hybrid1,50,PSO
True,5,47,252066054.6398605,function_evaluations,500000,,500000,9999,500000,0,max_function_evaluations,0.00028202199973748066,121.9651399989998,1.2105331420898438,1.3664112091064453,,,F11_Hybrid1,50,PSO
True,6,48,572337826.957117,function_evaluations,500000,,500000,9999,500000,0,max_function_evaluations,0.00024121199930959847,141.00209869699938,1.1815414428710938,1.3366870880126953,,,F11_Hybrid1,50,PSO
True,7,49,226452493.19093114,function_evaluations,500000,,500000,9999,500000,0,max_function_evaluations,0.00033559100120328367,139.09808801700092,1.1898345947265625,1.345376968383789,,,F11_Hybrid1,50,PSO
True,8,50,425934056.2088463,function_evaluations,500000,,500000,9999,500000,0,max_function_evaluations,0.0002528850000089733,148.5339388020002,1.2027969360351562,1.3586444854736328,,,F11_Hybrid1,50,PSO
True,9,51,155377340.5715127,function_evaluations,500000,,500000,9999,500000,0,max_function_evaluations,0.00021606700101983733,145.54393564100064,1.2205123901367188,1.3762073516845703,,,F11_Hybrid1,50,PSO
True,10,52,464552781.3305785,function_evaluations,500000,,500000,9999,500000,0,max_function_evaluations,0.0002400029989075847,156.80895103200055,1.1672897338867188,1.3228626251220703,,,F11_Hybrid1,50,PSO
True,11,53,184849220.0686531,function_evaluations,500000,,500000,9999,500000,0,max_function_evaluations,0.00016354000035789795,131.66196592800043,1.178955078125,1.3345584869384766,,,F11_Hybrid1,50,PSO
True,12,54,115316845.05056362,function_evaluations,500000,,500000,9999,500000,0,max_function_evaluations,0.00023266700009116903,140.42828011299935,1.191009521484375,1.3464603424072266,,,F11_Hybrid1,50,PSO
True,13,55,136754431.04827708,function_evaluations,500000,,500000,9999,500000,0,max_function_evaluations,0.00023468499966838863,134.4896094650012,1.178558349609375,1.3342227935791016,,,F11_Hybrid1,50,PSO
True,14,56,234896184.28497517,function_evaluations,500000,,500000,9999,500000,0,max_function_evaluations,0.00026662100026442204,132.87798995699995,1.1660232543945312,1.3212299346923828,,,F11_Hybrid1,50,PSO
True,15,57,144847697.97805393,function_evaluations,500000,,500000,9999,500000,0,max_function_evaluations,0.00016062999929999933,147.91234316099872,1.2117385864257812,1.3680438995361328,,,F11_Hybrid1,50,PSO
True,16,58,522079595.4384733,function_evaluations,500000,,500000,9999,500000,0,max_function_evaluations,0.00025604499933251645,142.55147749599928,1.21337890625,1.3686771392822266,,,F11_Hybrid1,50,PSO
True,17,59,267207030.99904594,function_evaluations,500000,,500000,9999,500000,0,max_function_evaluations,0.0002223999999841908,141.00628048399994,1.2076644897460938,1.3639698028564453,,,F11_Hybrid1,50,PSO
True,18,60,130930562.02363023,function_evaluations,500000,,500000,9999,500000,0,max_function_evaluations,0.00022492800053441897,129.80393463099972,1.2094039916992188,1.3654651641845703,,,F11_Hybrid1,50,PSO
True,19,61,83376606.85020438,function_evaluations,500000,,500000,9999,500000,0,max_function_evaluations,0.00023401699945679866,139.58619123500102,1.18597412109375,1.3412418365478516,,,F11_Hybrid1,50,PSO
True,20,62,763470116.2735121,function_evaluations,500000,,500000,9999,500000,0,max_function_evaluations,0.00022111100042820908,135.47882161399866,1.1991500854492188,1.3543262481689453,,,F11_Hybrid1,50,PSO
True,21,63,437690386.96739364,function_evaluations,500000,,500000,9999,500000,0,max_function_evaluations,0.00025320199893030804,135.2545397060003,1.196258544921875,1.3525943756103516,,,F11_Hybrid1,50,PSO
True,22,64,178733182.0092886,function_evaluations,500000,,500000,9999,500000,0,max_function_evaluations,0.0002511370003048796,81.60433467199982,1.195892333984375,1.3515567779541016,,,F11_Hybrid1,50,PSO
True,23,65,150871782.44257328,function_evaluations,500000,,500000,9999,500000,0,max_function_evaluations,0.00024345900055777747,68.75595663399872,1.1780471801757812,1.3338031768798828,,,F11_Hybrid1,50,PSO
True,24,66,1341878265.0394804,function_evaluations,500000,,500000,9999,500000,0,max_function_evaluations,0.00023019699983706232,65.2943467389996,1.2056198120117188,1.3609485626220703,,,F11_Hybrid1,50,PSO
True,0,42,45181.50965498771,function_evaluations,500000,,500000,9999,500000,0,max_function_evaluations,0.0002652890016179299,141.78128041200034,1.6891021728515625,1.8459720611572266,,,F11_Hybrid1,50,PSOLVIW
True,1,43,36999652.96850916,function_evaluations,500000,,500000,9999,500000,0,max_function_evaluations,0.0002323339995200513,157.89574356100093,1.694549560546875,1.8509387969970703,,,F11_Hybrid1,50,PSOLVIW
True,2,44,2183431.886666956,function_evaluations,500000,,500000,9999,500000,0,max_function_evaluations,0.00026760199943964835,133.48581889599882,1.70599365234375,1.867380142211914,,,F11_Hybrid1,50,PSOLVIW
True,3,45,9358370.794594245,function_evaluations,500000,,500000,9999,500000,0,max_function_evaluations,0.000380172999939532,131.69554053400134,1.8360977172851562,2.0232715606689453,,,F11_Hybrid1,50,PSOLVIW
True,4,46,1085574.7304262375,function_evaluations,500000,,500000,9999,500000,0,max_function_evaluations,0.000339623999025207,149.96640364800078,1.6961593627929688,1.852029800415039,,,F11_Hybrid1,50,PSOLVIW
True,5,47,360308743.4311088,function_evaluations,500000,,500000,9999,500000,0,max_function_evaluations,0.0005099560003145598,140.8846490629985,1.7246322631835938,1.8848896026611328,,,F11_Hybrid1,50,PSOLVIW
True,6,48,23467047.779735617,function_evaluations,500000,,500000,9999,500000,0,max_function_evaluations,0.00045459900138666853,141.94449247800003,1.7571258544921875,1.9253177642822266,,,F11_Hybrid1,50,PSOLVIW
True,7,49,3766983.768754415,function_evaluations,500000,,500000,9999,500000,0,max_function_evaluations,0.0006127559991000453,132.42057845199997,1.7640151977539062,1.9322071075439453,,,F11_Hybrid1,50,PSOLVIW
True,8,50,24967255.843543857,function_evaluations,500000,,500000,9999,500000,0,max_function_evaluations,0.00047815500147407874,126.35878306300037,1.69757080078125,1.853403091430664,,,F11_Hybrid1,50,PSOLVIW
True,9,51,441130335.82339764,function_evaluations,500000,,500000,9999,500000,0,max_function_evaluations,0.00042211899926769547,146.2779866609999,1.7572479248046875,1.9254398345947266,,,F11_Hybrid1,50,PSOLVIW
True,10,52,3283142.9524049684,function_evaluations,500000,,500000,9999,500000,0,max_function_evaluations,0.00032678900061000604,138.01340633799919,1.7248992919921875,1.8851566314697266,,,F11_Hybrid1,50,PSOLVIW
True,11,53,13961137.651220711,function_evaluations,500000,,500000,9999,500000,0,max_function_evaluations,0.00023540100119134877,142.61726019600064,1.6919326782226562,1.854043960571289,,,F11_Hybrid1,50,PSOLVIW
True,12,54,3309342.6855360707,function_evaluations,500000,,500000,9999,500000,0,max_function_evaluations,0.00023720500030322,151.0534401240002,1.9666213989257812,2.1777820587158203,,,F11_Hybrid1,50,PSOLVIW
True,13,55,2532756.261560851,function_evaluations,500000,,500000,9999,500000,0,max_function_evaluations,0.00023829800011299085,138.0579743319995,1.6724090576171875,1.8323841094970703,,,F11_Hybrid1,50,PSOLVIW
True,14,56,378288799.71058047,function_evaluations,500000,,500000,9999,500000,0,max_function_evaluations,0.00023256200074683875,136.9399481269993,1.6836929321289062,1.840158462524414,,,F11_Hybrid1,50,PSOLVIW
True,15,57,22351477.22909332,function_evaluations,500000,,500000,9999,500000,0,max_function_evaluations,0.0002497300010873005,146.9334912209997,1.6819686889648438,1.8403873443603516,,,F11_Hybrid1,50,PSOLVIW
True,16,58,31723985.855910312,function_evaluations,500000,,500000,9999,500000,0,max_function_evaluations,0.0002181290001317393,144.21684427199943,1.881683349609375,2.080148696899414,,,F11_Hybrid1,50,PSOLVIW
True,17,59,3211845.6279897513,function_evaluations,500000,,500000,9999,500000,0,max_function_evaluations,0.00024536699856980704,135.46360596399973,1.724761962890625,1.885019302368164,,,F11_Hybrid1,50,PSOLVIW
True,18,60,2846247.945937045,function_evaluations,500000,,500000,9999,500000,0,max_function_evaluations,0.00023795000015525147,123.63153874099953,1.68048095703125,1.838327407836914,,,F11_Hybrid1,50,PSOLVIW
True,19,61,832185.2188080223,function_evaluations,500000,,500000,9999,500000,0,max_function_evaluations,0.000269785001364653,141.97396684200066,1.7007598876953125,1.8560123443603516,,,F11_Hybrid1,50,PSOLVIW
True,20,62,4512737.151193151,function_evaluations,500000,,500000,9999,500000,0,max_function_evaluations,0.000249044000156573,138.05377938200036,1.7619247436523438,1.9301166534423828,,,F11_Hybrid1,50,PSOLVIW
True,21,63,343992519.7275746,function_evaluations,500000,,500000,9999,500000,0,max_function_evaluations,0.0002584270005172584,125.54759073400055,1.69769287109375,1.8530826568603516,,,F11_Hybrid1,50,PSOLVIW
True,22,64,14937011.44688235,function_evaluations,500000,,500000,9999,500000,0,max_function_evaluations,0.000234346000070218,70.22696248200009,1.7915115356445312,1.9686145782470703,,,F11_Hybrid1,50,PSOLVIW
True,23,65,346353386.70013726,function_evaluations,500000,,500000,9999,500000,0,max_function_evaluations,0.0002305189991602674,67.3618815509999,1.6871261596679688,1.8447818756103516,,,F11_Hybrid1,50,PSOLVIW
True,24,66,343094781.851711,function_evaluations,500000,,500000,9999,500000,0,max_function_evaluations,0.00024560599922551773,69.43272121599875,1.7558364868164062,1.9240283966064453,,,F11_Hybrid1,50,PSOLVIW
True,0,42,3183590.0691387136,function_evaluations,500000,,500000,9999,500000,0,max_function_evaluations,0.00015193599938356783,149.4588522920003,2.9747543334960938,3.303590774536133,,,F11_Hybrid1,50,PSOTVAC
True,1,43,1451028.5432172702,function_evaluations,500000,,500000,9999,500000,0,max_function_evaluations,0.0001399730008415645,145.13373866700022,2.8409652709960938,3.143983840942383,,,F11_Hybrid1,50,PSOTVAC
True,2,44,129301.88291200472,function_evaluations,500000,,500000,9999,500000,0,max_function_evaluations,0.00028685399956884794,141.7319693540012,2.9323501586914062,3.2611865997314453,,,F11_Hybrid1,50,PSOTVAC
True,3,45,1695867.4871012925,function_evaluations,500000,,500000,9999,500000,0,max_function_evaluations,0.00028970699895580765,138.91328189199885,3.021331787109375,3.350168228149414,,,F11_Hybrid1,50,PSOTVAC
True,4,46,99298.27980143392,function_evaluations,500000,,500000,9999,500000,0,max_function_evaluations,0.000279092999335262,145.3238291639991,3.2382659912109375,3.6287479400634766,,,F11_Hybrid1,50,PSOTVAC
True,5,47,2014760.4649122185,function_evaluations,500000,,500000,9999,500000,0,max_function_evaluations,0.00018355999964114744,141.98813932099984,3.1504592895507812,3.5082874298095703,,,F11_Hybrid1,50,PSOTVAC
True,6,48,2267649.170483639,function_evaluations,500000,,500000,9999,500000,0,max_function_evaluations,0.00028259099963179324,137.55496477499946,3.008056640625,3.336893081665039,,,F11_Hybrid1,50,PSOTVAC
True,7,49,77956.49726387864,function_evaluations,500000,,500000,9999,500000,0,max_function_evaluations,0.00023004300055617932,136.44657509100034,2.929901123046875,3.258737564086914,,,F11_Hybrid1,50,PSOTVAC
True,8,50,1609836.527309102,function_evaluations,500000,,500000,9999,500000,0,max_function_evaluations,0.0002684400005819043,130.3359262590002,3.1284942626953125,3.4863224029541016,,,F11_Hybrid1,50,PSOTVAC
True,9,51,2418160.029321146,function_evaluations,500000,,500000,9999,500000,0,max_function_evaluations,0.0002398490014456911,140.63910228799978,3.3544387817382812,3.7816638946533203,,,F11_Hybrid1,50,PSOTVAC
True,10,52,339543043.66751957,function_evaluations,500000,,500000,9999,500000,0,max_function_evaluations,0.00022786500085203443,147.03307393999967,3.3906402587890625,3.8178653717041016,,,F11_Hybrid1,50,PSOTVAC
True,11,53,61907.12275966993,function_evaluations,500000,,500000,9999,500000,0,max_function_evaluations,0.00018677099978958722,141.0636110780015,3.0981369018554688,3.455965042114258,,,F11_Hybrid1,50,PSOTVAC
True,12,54,13920.17913246611,function_evaluations,500000,,500000,9999,500000,0,max_function_evaluations,0.00026763200003188103,147.38063201500154,3.2016448974609375,3.5921268463134766,,,F11_Hybrid1,50,PSOTVAC
True,13,55,10839317.961949764,function_evaluations,500000,,500000,9999,500000,0,max_function_evaluations,0.00023983599930943456,128.9229799019995,3.1178741455078125,3.4757022857666016,,,F11_Hybrid1,50,PSOTVAC
True,14,56,810860.3974784912,function_evaluations,500000,,500000,9999,500000,0,max_function_evaluations,0.00026532499941822607,140.02313528300147,2.8018264770507812,3.0818958282470703,,,F11_Hybrid1,50,PSOTVAC
True,15,57,351500.8273381669,function_evaluations,500000,,500000,9999,500000,0,max_function_evaluations,0.00025031299992406275,137.9928114079994,3.158599853515625,3.549081802368164,,,F11_Hybrid1,50,PSOTVAC
True,16,58,517266.5314245021,function_evaluations,500000,,500000,9999,500000,0,max_function_evaluations,0.00026647100094123743,140.2841644630007,3.0866775512695312,3.4445056915283203,,,F11_Hybrid1,50,PSOTVAC
True,17,59,2936920.5573860905,function_evaluations,500000,,500000,9999,500000,0,max_function_evaluations,0.00025106900102400687,146.94387218500015,2.892608642578125,3.221445083618164,,,F11_Hybrid1,50,PSOTVAC
True,18,60,9431.753114979525,function_evaluations,500000,,500000,9999,500000,0,max_function_evaluations,0.0002456179990986129,137.85173243499958,3.1763763427734375,3.5668582916259766,,,F11_Hybrid1,50,PSOTVAC
True,19,61,22951834.404397953,function_evaluations,500000,,500000,9999,500000,0,max_function_evaluations,0.00023570700068376027,135.73050565700032,3.1880340576171875,3.5785160064697266,,,F11_Hybrid1,50,PSOTVAC
True,20,62,1679113.982374734,function_evaluations,500000,,500000,9999,500000,0,max_function_evaluations,0.0002661059988895431,139.0153471120011,2.9683303833007812,3.2971668243408203,,,F11_Hybrid1,50,PSOTVAC
True,21,63,1089515882.3412166,function_evaluations,500000,,500000,9999,500000,0,max_function_evaluations,0.0002441590004309546,140.03700852099973,3.037994384765625,3.395822525024414,,,F11_Hybrid1,50,PSOTVAC
True,22,64,22130785.950447787,function_evaluations,500000,,500000,9999,500000,0,max_function_evaluations,0.00023755300026095938,68.74004460699871,2.9576263427734375,3.2864627838134766,,,F11_Hybrid1,50,PSOTVAC
True,23,65,8204453.6863804255,function_evaluations,500000,,500000,9999,500000,0,max_function_evaluations,0.0002496010001777904,68.23244489799981,2.9139556884765625,3.2427921295166016,,,F11_Hybrid1,50,PSOTVAC
True,24,66,55727.30065446704,function_evaluations,500000,,500000,9999,500000,0,max_function_evaluations,0.0002687169999262551,66.59465104800074,3.1579055786132812,3.5157337188720703,,,F11_Hybrid1,50,PSOTVAC
True,0,42,8666045.641996289,function_evaluations,500000,,500000,9999,500000,0,max_function_evaluations,0.00023882499954197556,139.02985863400136,1.6493606567382812,1.8077106475830078,,,F11_Hybrid1,50,APSOVI
True,1,43,45247.838177465936,function_evaluations,500000,,500000,9999,500000,0,max_function_evaluations,0.00014378900050360244,137.84500969300097,1.6206741333007812,1.7784442901611328,,,F11_Hybrid1,50,APSOVI
True,2,44,1249212742.2705193,function_evaluations,500000,,500000,9999,500000,0,max_function_evaluations,0.0002459499992255587,137.10774869099987,1.6332550048828125,1.7883243560791016,,,F11_Hybrid1,50,APSOVI
True,3,45,470372778.0104007,function_evaluations,500000,,500000,9999,500000,0,max_function_evaluations,0.00018063800052914303,142.37590707699928,1.7511215209960938,1.9282474517822266,,,F11_Hybrid1,50,APSOVI
True,4,46,39533048.605273634,function_evaluations,500000,,500000,9999,500000,0,max_function_evaluations,0.00026299000091967173,133.13668379299997,1.5869369506835938,1.7446155548095703,,,F11_Hybrid1,50,APSOVI
True,5,47,2631514.7661069594,function_evaluations,500000,,500000,9999,500000,0,max_function_evaluations,0.00024948000100266654,144.80529191099959,1.5663375854492188,1.7252368927001953,,,F11_Hybrid1,50,APSOVI
True,6,48,1975620.6986418816,function_evaluations,500000,,500000,9999,500000,0,max_function_evaluations,0.00022946200078877155,145.36183316499955,1.5341644287109375,1.691080093383789,,,F11_Hybrid1,50,APSOVI
True,7,49,384978889.0385911,function_evaluations,500000,,500000,9999,500000,0,max_function_evaluations,0.00024646900055813603,139.47553784499905,1.6789627075195312,1.839242935180664,,,F11_Hybrid1,50,APSOVI
True,8,50,500728722.5596403,function_evaluations,500000,,500000,9999,500000,0,max_function_evaluations,0.0002120890003425302,149.60208104699996,1.6520233154296875,1.809549331665039,,,F11_Hybrid1,50,APSOVI
True,9,51,642138078.4797475,function_evaluations,500000,,500000,9999,500000,0,max_function_evaluations,0.0001941819991770899,139.05902971399883,1.690521240234375,1.8508014678955078,,,F11_Hybrid1,50,APSOVI
True,10,52,16763937.55486684,function_evaluations,500000,,500000,9999,500000,0,max_function_evaluations,0.00019488799989630934,135.80707502900077,1.738433837890625,1.9066486358642578,,,F11_Hybrid1,50,APSOVI
True,11,53,857285.4927629975,function_evaluations,500000,,500000,9999,500000,0,max_function_evaluations,0.00025357899903610814,145.64615539899933,1.638885498046875,1.7992572784423828,,,F11_Hybrid1,50,APSOVI
True,12,54,13978995.306247354,function_evaluations,500000,,500000,9999,500000,0,max_function_evaluations,0.00023913099903438706,134.5810915790007,1.6713714599609375,1.8316516876220703,,,F11_Hybrid1,50,APSOVI
True,13,55,57548433.565656886,function_evaluations,500000,,500000,9999,500000,0,max_function_evaluations,0.00023739500102237798,147.74011815800077,1.8142013549804688,2.0013980865478516,,,F11_Hybrid1,50,APSOVI
True,14,56,10522547.111779235,function_evaluations,500000,,500000,9999,500000,0,max_function_evaluations,0.00024983500043163076,135.7665831080012,1.728302001953125,1.8965167999267578,,,F11_Hybrid1,50,APSOVI
True,15,57,22030488.570220787,function_evaluations,500000,,500000,9999,500000,0,max_function_evaluations,0.00024151899924618192,137.80506532500112,1.6416702270507812,1.8016376495361328,,,F11_Hybrid1,50,APSOVI
True,16,58,343539258.6119827,function_evaluations,500000,,500000,9999,500000,0,max_function_evaluations,0.0002639619997353293,138.6611798899994,1.522430419921875,1.6786746978759766,,,F11_Hybrid1,50,APSOVI
True,17,59,43255997.69640197,function_evaluations,500000,,500000,9999,500000,0,max_function_evaluations,0.0013191250000090804,144.13940415099933,1.8376235961914062,2.036111831665039,,,F11_Hybrid1,50,APSOVI
True,18,60,26302326.123755436,function_evaluations,500000,,500000,9999,500000,0,max_function_evaluations,0.00026437599990458693,137.2154998290007,1.7972946166992188,1.9844913482666016,,,F11_Hybrid1,50,APSOVI
True,19,61,4312749.802388554,function_evaluations,500000,,500000,9999,500000,0,max_function_evaluations,0.0002313269997102907,140.70494018300087,1.4877777099609375,1.643808364868164,,,F11_Hybrid1,50,APSOVI
True,20,62,404716083.0091074,function_evaluations,500000,,500000,9999,500000,0,max_function_evaluations,0.00026488100047572516,139.90323285299928,1.6867446899414062,1.847024917602539,,,F11_Hybrid1,50,APSOVI
True,21,63,645051899.9185642,function_evaluations,500000,,500000,9999,500000,0,max_function_evaluations,0.0002609710008982802,143.9910941850012,1.5521392822265625,1.707925796508789,,,F11_Hybrid1,50,APSOVI
True,22,64,409499109.8191294,function_evaluations,500000,,500000,9999,500000,0,max_function_evaluations,0.00023518000125477556,67.18532296800004,1.6728973388671875,1.8331775665283203,,,F11_Hybrid1,50,APSOVI
True,23,65,1759398662.1892543,function_evaluations,500000,,500000,9999,500000,0,max_function_evaluations,0.00024471299911965616,66.61118218000047,1.5294876098632812,1.6864948272705078,,,F11_Hybrid1,50,APSOVI
True,24,66,1264899456.4026372,function_evaluations,500000,,500000,9999,500000,0,max_function_evaluations,0.00025279299916292075,63.64867332600079,1.7588729858398438,1.9359989166259766,,,F11_Hybrid1,50,APSOVI
True,0,42,34343.37280773187,function_evaluations,500000,,500000,9803,500000,0,max_function_evaluations,0.0002184429995395476,158.9984202430005,2.8445863723754883,4.8984575271606445,,,F11_Hybrid1,50,APSO
True,1,43,6302.004967884599,function_evaluations,500000,,500000,9803,500000,0,max_function_evaluations,0.00014760399972146843,150.29288895199898,2.8209524154663086,4.865958213806152,,,F11_Hybrid1,50,APSO
True,2,44,16114.30151242009,function_evaluations,500000,,500000,9803,500000,0,max_function_evaluations,0.00014968100003898144,149.75408873599918,2.8180131912231445,4.863659858703613,,,F11_Hybrid1,50,APSO
True,3,45,84634.29465377014,function_evaluations,500000,,500000,9803,500000,0,max_function_evaluations,0.00023886599956313148,154.5995113079989,2.8461713790893555,4.900942802429199,,,F11_Hybrid1,50,APSO
True,4,46,56999.44233908563,function_evaluations,500000,,500000,9803,500000,0,max_function_evaluations,0.00027456799944047816,143.3744466219996,2.8026552200317383,4.8506669998168945,,,F11_Hybrid1,50,APSO
True,5,47,32190.41098716091,function_evaluations,500000,,500000,9803,500000,0,max_function_evaluations,0.00025027199990290683,154.1167839660011,3.0000810623168945,5.053982734680176,,,F11_Hybrid1,50,APSO
True,6,48,37576.143137985084,function_evaluations,500000,,500000,9803,500000,0,max_function_evaluations,0.00022841600002720952,158.79482298599942,2.8137454986572266,4.85997200012207,,,F11_Hybrid1,50,APSO
True,7,49,45122.78680117706,function_evaluations,500000,,500000,9803,500000,0,max_function_evaluations,0.0002153289988200413,163.37365592099923,2.835786819458008,4.891168594360352,,,F11_Hybrid1,50,APSO
True,8,50,20474.71104120741,function_evaluations,500000,,500000,9803,500000,0,max_function_evaluations,0.00015359000099124387,149.9911754449986,2.78409481048584,4.836256980895996,,,F11_Hybrid1,50,APSO
True,9,51,75833.35694031659,function_evaluations,500000,,500000,9803,500000,0,max_function_evaluations,0.0002354080006625736,148.19391740399988,3.0371360778808594,5.085086822509766,,,F11_Hybrid1,50,APSO
True,10,52,88969.25662319717,function_evaluations,500000,,500000,9804,500000,0,max_function_evaluations,0.00019198400150344241,160.07879636899997,2.9477949142456055,4.99777889251709,,,F11_Hybrid1,50,APSO
True,11,53,34298.89492906722,function_evaluations,500000,,500000,9803,500000,0,max_function_evaluations,0.0002555110004323069,158.2195391619989,2.8284645080566406,4.872005462646484,,,F11_Hybrid1,50,APSO
True,12,54,37303.57555936238,function_evaluations,500000,,500000,9803,500000,0,max_function_evaluations,0.0002546949999668868,151.55803904200002,2.791797637939453,4.841991424560547,,,F11_Hybrid1,50,APSO
True,13,55,61694.34263077249,function_evaluations,500000,,500000,9803,500000,0,max_function_evaluations,0.00024492500051565,150.61759338999946,2.847409248352051,4.900792121887207,,,F11_Hybrid1,50,APSO
True,14,56,61852.91929789476,function_evaluations,500000,,500000,9803,500000,0,max_function_evaluations,0.00024961800045275595,149.84003215200028,2.8206348419189453,4.864725112915039,,,F11_Hybrid1,50,APSO
True,15,57,61556.554536225536,function_evaluations,500000,,500000,9803,500000,0,max_function_evaluations,0.00027379600032872986,153.08496219300105,2.8629207611083984,4.914106369018555,,,F11_Hybrid1,50,APSO
True,16,58,13041.041841056045,function_evaluations,500000,,500000,9803,500000,0,max_function_evaluations,0.0002383090013609035,153.98888620899925,2.814988136291504,4.8599443435668945,,,F11_Hybrid1,50,APSO
True,17,59,63754.214741416654,function_evaluations,500000,,500000,9803,500000,0,max_function_evaluations,0.0033646899992163526,149.333164271,2.8809566497802734,4.928983688354492,,,F11_Hybrid1,50,APSO
True,18,60,16246.726125993588,function_evaluations,500000,,500000,9803,500000,0,max_function_evaluations,0.00027082300039182883,151.91849262899996,2.7914276123046875,4.841377258300781,,,F11_Hybrid1,50,APSO
True,19,61,12079.241618987691,function_evaluations,500000,,500000,9803,500000,0,max_function_evaluations,0.00027076100013800897,151.46617222900022,2.819643974304199,4.864130973815918,,,F11_Hybrid1,50,APSO
True,20,62,13392.928301513166,function_evaluations,500000,,500000,9803,500000,0,max_function_evaluations,0.0002723679990594974,150.17487547400015,2.7967453002929688,4.8462677001953125,,,F11_Hybrid1,50,APSO
True,21,63,76858.91575778509,function_evaluations,500000,,500000,9803,500000,0,max_function_evaluations,0.00024939899958553724,146.69853738799975,2.884016990661621,4.92935848236084,,,F11_Hybrid1,50,APSO
True,22,64,71130.53010749235,function_evaluations,500000,,500000,9803,500000,0,max_function_evaluations,0.0002714490001380909,67.30501336899943,2.812589645385742,4.858373641967773,,,F11_Hybrid1,50,APSO
True,23,65,94443.28473868006,function_evaluations,500000,,500000,9803,500000,0,max_function_evaluations,0.0002597349994175602,70.4515463759999,2.866464614868164,4.916765213012695,,,F11_Hybrid1,50,APSO
True,24,66,26230.836612439685,function_evaluations,500000,,500000,9803,500000,0,max_function_evaluations,0.00028574000134540256,71.34436381700107,2.922673225402832,4.976178169250488,,,F11_Hybrid1,50,APSO
True,0,42,767987383.1585312,function_evaluations,500000,,500000,9999,500000,0,max_function_evaluations,0.00025406500026292633,152.1522273770006,2.010258674621582,2.169600486755371,,,F11_Hybrid1,50,UAPSO
True,1,43,642450100.7262956,function_evaluations,500000,,500000,9999,500000,0,max_function_evaluations,0.0002574699992692331,137.72051178500078,1.947347640991211,2.104400634765625,,,F11_Hybrid1,50,UAPSO
True,2,44,56094243.553801686,function_evaluations,500000,,500000,9999,500000,0,max_function_evaluations,0.0003040020001208177,133.10025131600014,2.078425407409668,2.234349250793457,,,F11_Hybrid1,50,UAPSO
True,3,45,284260511.9705229,function_evaluations,500000,,500000,9999,500000,0,max_function_evaluations,0.00046209399988583755,152.3846503700006,2.01153564453125,2.170389175415039,,,F11_Hybrid1,50,UAPSO
True,4,46,266414976.62955576,function_evaluations,500000,,500000,9999,500000,0,max_function_evaluations,0.0003286949995526811,145.47648057199876,1.9864234924316406,2.1458873748779297,,,F11_Hybrid1,50,UAPSO
True,5,47,78766003.67215109,function_evaluations,500000,,500000,9999,500000,0,max_function_evaluations,0.00040725300095800776,148.65802964999966,1.9988822937011719,2.155874252319336,,,F11_Hybrid1,50,UAPSO
True,6,48,1041790603.097758,function_evaluations,500000,,500000,9999,500000,0,max_function_evaluations,0.0003903290016751271,140.6150172510006,1.9562749862670898,2.114884376525879,,,F11_Hybrid1,50,UAPSO
True,7,49,23089781.26556912,function_evaluations,500000,,500000,9999,500000,0,max_function_evaluations,0.0003819739995378768,143.72816753799998,2.0592308044433594,2.2189388275146484,,,F11_Hybrid1,50,UAPSO
True,8,50,467953869.87476194,function_evaluations,500000,,500000,9999,500000,0,max_function_evaluations,0.0002982770001835888,143.39401928499865,2.133596420288086,2.29443359375,,,F11_Hybrid1,50,UAPSO
True,9,51,491597987.8482592,function_evaluations,500000,,500000,9999,500000,0,max_function_evaluations,0.00022584500038647093,135.1103124170004,1.931269645690918,2.0888595581054688,,,F11_Hybrid1,50,UAPSO
True,10,52,263023869.34626758,function_evaluations,500000,,500000,9999,500000,0,max_function_evaluations,0.00035782099985226523,153.70838356899912,1.951899528503418,2.108128547668457,,,F11_Hybrid1,50,UAPSO
True,11,53,180054611.180824,function_evaluations,500000,,500000,9999,500000,0,max_function_evaluations,0.0003904959994542878,157.66827313300018,1.9704208374023438,2.129396438598633,,,F11_Hybrid1,50,UAPSO
True,12,54,945569483.9558496,function_evaluations,500000,,500000,9999,500000,0,max_function_evaluations,0.0003817109991359757,144.422396973001,2.2475996017456055,2.4353532791137695,,,F11_Hybrid1,50,UAPSO
True,13,55,8193995.306569726,function_evaluations,500000,,500000,9999,500000,0,max_function_evaluations,0.00038501800008816645,137.81618875700042,2.012279510498047,2.171133041381836,,,F11_Hybrid1,50,UAPSO
True,14,56,1152200475.561088,function_evaluations,500000,,500000,9999,500000,0,max_function_evaluations,0.000397198000428034,148.91422207899996,1.971510887145996,2.13033390045166,,,F11_Hybrid1,50,UAPSO
True,15,57,37905091.06069574,function_evaluations,500000,,500000,9999,500000,0,max_function_evaluations,0.00043275799907860346,152.099889694,1.9878034591674805,2.1472978591918945,,,F11_Hybrid1,50,UAPSO
True,16,58,35754049.12347789,function_evaluations,500000,,500000,9999,500000,0,max_function_evaluations,0.00041187199894920923,134.62707046200012,1.9779081344604492,2.1354799270629883,,,F11_Hybrid1,50,UAPSO
True,17,59,1870581710.063268,function_evaluations,500000,,500000,9999,500000,0,max_function_evaluations,0.0004403299990372034,147.98209473499992,1.983109474182129,2.139307975769043,,,F11_Hybrid1,50,UAPSO
True,18,60,1639850680.2474897,function_evaluations,500000,,500000,9999,500000,0,max_function_evaluations,0.00039171200114651583,139.8923497169999,1.953634262084961,2.1096067428588867,,,F11_Hybrid1,50,UAPSO
True,19,61,1079014650.0068567,function_evaluations,500000,,500000,9999,500000,0,max_function_evaluations,0.00042224999924656004,140.4935741950012,1.9357614517211914,2.0927534103393555,,,F11_Hybrid1,50,UAPSO
True,20,62,304472579.84813166,function_evaluations,500000,,500000,9999,500000,0,max_function_evaluations,0.00038596400008827914,140.39963302599972,2.085747718811035,2.246859550476074,,,F11_Hybrid1,50,UAPSO
True,21,63,3022619826.2744994,function_evaluations,500000,,500000,9999,500000,0,max_function_evaluations,0.0003750489995582029,138.6007604410006,1.9956769943237305,2.1536760330200195,,,F11_Hybrid1,50,UAPSO
True,22,64,549995056.3657451,function_evaluations,500000,,500000,9999,500000,0,max_function_evaluations,0.00037599400093313307,72.26527322000038,2.5975141525268555,2.8577775955200195,,,F11_Hybrid1,50,UAPSO
True,23,65,741998202.4434857,function_evaluations,500000,,500000,9999,500000,0,max_function_evaluations,0.0003853999987768475,72.35865148599987,2.018130302429199,2.1756715774536133,,,F11_Hybrid1,50,UAPSO
True,24,66,1593117999.9622936,function_evaluations,500000,,500000,9999,500000,0,max_function_evaluations,0.00038658400080748834,70.2114232010008,1.9421424865722656,2.1003551483154297,,,F11_Hybrid1,50,UAPSO
True,0,42,566.850890782629,function_evaluations,500000,,500000,9999,500000,0,max_function_evaluations,0.00029513499976019375,238.10005715600164,1.1648406982421875,1.320138931274414,,,F21_Composition1,50,PSO
True,1,43,477.12121753432893,function_evaluations,500000,,500000,9999,500000,0,max_function_evaluations,0.00017976100025407504,220.37708482200105,1.1853713989257812,1.3414020538330078,,,F21_Composition1,50,PSO
True,2,44,472.0973931963081,function_evaluations,500000,,500000,9999,500000,0,max_function_evaluations,0.0003099040004599374,245.04954745599935,1.1980819702148438,1.3533191680908203,,,F21_Composition1,50,PSO
True,3,45,844.4703015996565,function_evaluations,500000,,500000,9999,500000,0,max_function_evaluations,0.00034026699904643465,239.16995042000053,1.17584228515625,1.3312015533447266,,,F21_Composition1,50,PSO
True,4,46,705.654229507657,function_evaluations,500000,,500000,9999,500000,0,max_function_evaluations,0.0002926970009866636,247.35991597499924,1.1795730590820312,1.3349933624267578,,,F21_Composition1,50,PSO
True,5,47,565.2398552019117,function_evaluations,500000,,500000,9999,500000,0,max_function_evaluations,0.00017561200002091937,220.79420849100097,1.1970748901367188,1.3525257110595703,,,F21_Composition1,50,PSO
True,6,48,537.8169800513788,function_evaluations,500000,,500000,9999,500000,0,max_function_evaluations,0.00016234800023084972,234.37785340200026,1.1840286254882812,1.3395709991455078,,,F21_Composition1,50,PSO
True,7,49,482.11684201192656,function_evaluations,500000,,500000,9999,500000,0,max_function_evaluations,0.00019864500063704327,215.6683922129996,1.1915206909179688,1.3467578887939453,,,F21_Composition1,50,PSO
True,8,50,447.85318424632806,function_evaluations,500000,,500000,9999,500000,0,max_function_evaluations,0.00020807699911529198,235.08665492300133,1.1910934448242188,1.3464527130126953,,,F21_Composition1,50,PSO
True,9,51,471.03577950910267,function_evaluations,500000,,500000,9999,500000,0,max_function_evaluations,0.0002105229996232083,231.8400962070009,1.1995391845703125,1.355783462524414,,,F21_Composition1,50,PSO
True,10,52,453.33310915017955,function_evaluations,500000,,500000,9999,500000,0,max_function_evaluations,0.00024594900060037617,219.28281510799934,1.195343017578125,1.3511295318603516,,,F21_Composition1,50,PSO
True,11,53,959.1928558812747,function_evaluations,500000,,500000,9999,500000,0,max_function_evaluations,0.00023430999863194302,217.89238688899968,1.1932907104492188,1.3494129180908203,,,F21_Composition1,50,PSO
True,12,54,399.89958992275115,function_evaluations,500000,,500000,9999,500000,0,max_function_evaluations,0.0002405640007054899,233.411986866,1.1669540405273438,1.3224964141845703,,,F21_Composition1,50,PSO
True,13,55,669.5207868867101,function_evaluations,500000,,500000,9999,500000,0,max_function_evaluations,0.00024609899992356077,223.32706211000004,1.1792831420898438,1.3348255157470703,,,F21_Composition1,50,PSO
True,14,56,411.1246429141438,function_evaluations,500000,,500000,9999,500000,0,max_function_evaluations,0.0002383820010436466,242.6156819179996,1.1783447265625,1.3340396881103516,,,F21_Composition1,50,PSO
True,15,57,660.5451702069045,function_evaluations,500000,,500000,9999,500000,0,max_function_evaluations,0.00023017999956209678,230.05658911200044,1.1937103271484375,1.349710464477539,,,F21_Composition1,50,PSO
True,16,58,869.1509414740476,function_evaluations,500000,,500000,9999,500000,0,max_function_evaluations,0.0002615869998408016,232.12235279499873,1.1758346557617188,1.3311939239501953,,,F21_Composition1,50,PSO
True,17,59,498.07122571700256,function_evaluations,500000,,500000,9999,500000,0,max_function_evaluations,0.0002470979998179246,227.54693410100117,1.1949539184570312,1.3507404327392578,,,F21_Composition1,50,PSO
True,18,60,497.7012839199965,function_evaluations,500000,,500000,9999,500000,0,max_function_evaluations,0.0002596379999886267,218.84146673599935,1.1799468994140625,1.335245132446289,,,F21_Composition1,50,PSO
True,19,61,656.6453107556517,function_evaluations,500000,,500000,9999,500000,0,max_function_evaluations,0.00022831499882158823,230.3026090910007,1.1632156372070312,1.3184528350830078,,,F21_Composition1,50,PSO
True,20,62,654.8777864074709,function_evaluations,500000,,500000,9999,500000,0,max_function_evaluations,0.00022945000091567636,232.30247810699984,1.1900253295898438,1.3455982208251953,,,F21_Composition1,50,PSO
True,21,63,634.8439308218785,function_evaluations,500000,,500000,9999,500000,0,max_function_evaluations,0.0002658689991221763,224.87045559499893,1.178466796875,1.3340396881103516,,,F21_Composition1,50,PSO
True,22,64,566.8390538737913,function_evaluations,500000,,500000,9999,500000,0,max_function_evaluations,0.00022630600142292678,116.00031390100048,1.2034454345703125,1.359079360961914,,,F21_Composition1,50,PSO
True,23,65,473.78848547135385,function_evaluations,500000,,500000,9999,500000,0,max_function_evaluations,0.00023877600142441224,116.70022387999961,1.1666259765625,1.3221988677978516,,,F21_Composition1,50,PSO
True,24,66,640.0493933217658,function_evaluations,500000,,500000,9999,500000,0,max_function_evaluations,0.00027351000062481035,109.0723631009987,1.1896743774414062,1.3453083038330078,,,F21_Composition1,50,PSO
True,0,42,665.2462632243014,function_evaluations,500000,,500000,9999,500000,0,max_function_evaluations,0.0001713900001050206,234.9474387549999,1.4772872924804688,1.6337833404541016,,,F21_Composition1,50,PSOLVIW
True,1,43,575.7717637863338,function_evaluations,500000,,500000,9999,500000,0,max_function_evaluations,0.00014425299923459534,231.24814989700099,1.5131301879882812,1.668893814086914,,,F21_Composition1,50,PSOLVIW
True,2,44,565.235371026667,function_evaluations,500000,,500000,9999,500000,0,max_function_evaluations,0.00024346400095964782,226.2681244180003,1.4912872314453125,1.6480274200439453,,,F21_Composition1,50,PSOLVIW
True,3,45,2765.5524397463605,function_evaluations,500000,,500000,9999,500000,0,max_function_evaluations,0.00022860500030219555,233.8644907580001,1.5666961669921875,1.7240772247314453,,,F21_Composition1,50,PSOLVIW
True,4,46,609.4567298540551,function_evaluations,500000,,500000,9999,500000,0,max_function_evaluations,0.0003539870012900792,227.48711469000045,1.4791107177734375,1.6354846954345703,,,F21_Composition1,50,PSOLVIW
True,5,47,538.7461043628991,function_evaluations,500000,,500000,9999,500000,0,max_function_evaluations,0.00025807099882513285,235.0421401599997,1.4758148193359375,1.6325244903564453,,,F21_Composition1,50,PSOLVIW
True,6,48,910.1192417249958,function_evaluations,500000,,500000,9999,500000,0,max_function_evaluations,0.00020429100004548673,223.14932039799896,1.4795455932617188,1.6358585357666016,,,F21_Composition1,50,PSOLVIW
True,7,49,615.8486800149344,function_evaluations,500000,,500000,9999,500000,0,max_function_evaluations,0.0001954180006578099,233.22155623399885,1.50775146484375,1.6643390655517578,,,F21_Composition1,50,PSOLVIW
True,8,50,511.0158882030619,function_evaluations,500000,,500000,9999,500000,0,max_function_evaluations,0.00020436300110304728,233.43734354400112,1.5200424194335938,1.6777591705322266,,,F21_Composition1,50,PSOLVIW
True,9,51,851.7366819451195,function_evaluations,500000,,500000,9999,500000,0,max_function_evaluations,0.00024396299886575434,231.56588683100017,1.5079498291015625,1.6645069122314453,,,F21_Composition1,50,PSOLVIW
True,10,52,775.2928661653868,function_evaluations,500000,,500000,9999,500000,0,max_function_evaluations,0.0002326560006622458,237.67880987699937,1.4770965576171875,1.6338977813720703,,,F21_Composition1,50,PSOLVIW
True,11,53,565.2451389008365,function_evaluations,500000,,500000,9999,500000,0,max_function_evaluations,0.00023834900093788747,236.1999452609998,1.5270919799804688,1.6837100982666016,,,F21_Composition1,50,PSOLVIW
True,12,54,397.2818415180536,function_evaluations,500000,,500000,9999,500000,0,max_function_evaluations,0.00024017800024012104,228.0472670020008,1.5248184204101562,1.681772232055664,,,F21_Composition1,50,PSOLVIW
True,13,55,735.8715737445482,function_evaluations,500000,,500000,9999,500000,0,max_function_evaluations,0.0002603209995868383,228.2614110020004,1.4879989624023438,1.6453189849853516,,,F21_Composition1,50,PSOLVIW
True,14,56,577.2503103666477,function_evaluations,500000,,500000,9999,500000,0,max_function_evaluations,0.0002430160002404591,229.60630581999976,1.5061187744140625,1.6631641387939453,,,F21_Composition1,50,PSOLVIW
True,15,57,556.2476821694418,function_evaluations,500000,,500000,9999,500000,0,max_function_evaluations,0.000233106000450789,231.7374019480012,1.5028228759765625,1.6604785919189453,,,F21_Composition1,50,PSOLVIW
True,16,58,648.015889235674,function_evaluations,500000,,500000,9999,500000,0,max_function_evaluations,0.00024188899988075718,233.52236058800008,1.4998931884765625,1.6552600860595703,,,F21_Composition1,50,PSOLVIW
True,17,59,677.3552557957682,function_evaluations,500000,,500000,9999,500000,0,max_function_evaluations,0.00023695299933024216,236.6658702120003,1.5062942504882812,1.663309097290039,,,F21_Composition1,50,PSOLVIW
True,18,60,429.3796488964658,function_evaluations,500000,,500000,9999,500000,0,max_function_evaluations,0.00024219800070568454,231.40569471400158,1.5107955932617188,1.6664371490478516,,,F21_Composition1,50,PSOLVIW
True,19,61,580.3383691362278,function_evaluations,500000,,500000,9999,500000,0,max_function_evaluations,0.0003157279988954542,229.20815918300104,1.5144119262695312,1.669992446899414,,,F21_Composition1,50,PSOLVIW
True,20,62,716.3595161895992,function_evaluations,500000,,500000,9999,500000,0,max_function_evaluations,0.0002729780007939553,231.08189715499975,1.4711685180664062,1.626779556274414,,,F21_Composition1,50,PSOLVIW
True,21,63,634.9533475952276,function_evaluations,500000,,500000,9999,500000,0,max_function_evaluations,0.00023313500059884973,230.4036055509987,1.49456787109375,1.6503925323486328,,,F21_Composition1,50,PSOLVIW
True,22,64,464.2200862410223,function_evaluations,500000,,500000,9999,500000,0,max_function_evaluations,0.0001791200011211913,104.5362150029996,1.4859085083007812,1.641122817993164,,,F21_Composition1,50,PSOLVIW
True,23,65,405.53346145872047,function_evaluations,500000,,500000,9999,500000,0,max_function_evaluations,0.00024508599926775787,104.65797957199902,1.5098724365234375,1.6663379669189453,,,F21_Composition1,50,PSOLVIW
True,24,66,484.24361600884276,function_evaluations,500000,,500000,9999,500000,0,max_function_evaluations,0.00023460600095859263,103.41176165099932,1.5200881958007812,1.677927017211914,,,F21_Composition1,50,PSOLVIW
True,0,42,480.85803031403157,function_evaluations,500000,,500000,9999,500000,0,max_function_evaluations,0.0002659759993548505,233.43512788999942,1.9112167358398438,2.0672550201416016,,,F21_Composition1,50,PSOTVAC
True,1,43,399.7456208380704,function_evaluations,500000,,500000,9999,500000,0,max_function_evaluations,0.0002586509999673581,231.2107974619994,1.94482421875,2.101289749145508,,,F21_Composition1,50,PSOTVAC
True,2,44,479.0777575318252,function_evaluations,500000,,500000,9999,500000,0,max_function_evaluations,0.00025133399867627304,229.87390255900027,1.9207229614257812,2.077005386352539,,,F21_Composition1,50,PSOTVAC
True,3,45,366.3990220167393,function_evaluations,500000,,500000,9999,500000,0,max_function_evaluations,0.0001632229996175738,235.64090856999974,1.9345703125,2.090669631958008,,,F21_Composition1,50,PSOTVAC
True,4,46,364.3944679569927,function_evaluations,500000,,500000,9999,500000,0,max_function_evaluations,0.00016712699834897649,235.65676984399943,1.9946670532226562,2.151376724243164,,,F21_Composition1,50,PSOTVAC
True,5,47,356.9181274232633,function_evaluations,500000,,500000,9999,500000,0,max_function_evaluations,0.00020777400095539633,226.47031867400074,1.9218215942382812,2.078042984008789,,,F21_Composition1,50,PSOTVAC
True,6,48,316.9767754485342,function_evaluations,500000,,500000,9999,500000,0,max_function_evaluations,0.00022586200066143647,230.2455772689991,2.330474853515625,2.528940200805664,,,F21_Composition1,50,PSOTVAC
True,7,49,413.5569954976422,function_evaluations,500000,,500000,9999,500000,0,max_function_evaluations,0.00020311700063757598,230.69908200899954,1.9378128051757812,2.093362808227539,,,F21_Composition1,50,PSOTVAC
True,8,50,333.1936239003094,function_evaluations,500000,,500000,9999,500000,0,max_function_evaluations,0.00020692900034191553,228.57383116299934,1.94390869140625,2.100374221801758,,,F21_Composition1,50,PSOTVAC
True,9,51,539.9518299675556,function_evaluations,500000,,500000,9999,500000,0,max_function_evaluations,0.00024511599985999055,233.5539384069998,1.9234695434570312,2.079416275024414,,,F21_Composition1,50,PSOTVAC
True,10,52,414.4963728120447,function_evaluations,500000,,500000,9999,500000,0,max_function_evaluations,0.00020375599888211582,233.2621431910011,1.9230117797851562,2.078744888305664,,,F21_Composition1,50,PSOTVAC
True,11,53,437.49700862028294,function_evaluations,500000,,500000,9999,500000,0,max_function_evaluations,0.0002455689991620602,237.19313913599944,1.914947509765625,2.070161819458008,,,F21_Composition1,50,PSOTVAC
True,12,54,375.96920185635236,function_evaluations,500000,,500000,9999,500000,0,max_function_evaluations,0.00023392599905491807,227.1127051910007,1.9153671264648438,2.0707645416259766,,,F21_Composition1,50,PSOTVAC
True,13,55,446.89480741739953,function_evaluations,500000,,500000,9999,500000,0,max_function_evaluations,0.00024012700123421382,230.19152670699987,1.908782958984375,2.065370559692383,,,F21_Composition1,50,PSOTVAC
True,14,56,402.3745354100615,function_evaluations,500000,,500000,9999,500000,0,max_function_evaluations,0.00028214099984325003,229.8558608659987,1.972564697265625,2.129732131958008,,,F21_Composition1,50,PSOTVAC
True,15,57,393.1802815773717,function_evaluations,500000,,500000,9999,500000,0,max_function_evaluations,0.0002810359983413946,230.7517863410012,2.1307754516601562,2.2910327911376953,,,F21_Composition1,50,PSOTVAC
True,16,58,331.4192180433156,function_evaluations,500000,,500000,9999,500000,0,max_function_evaluations,0.0002396749987383373,223.6256887569998,1.9173965454101562,2.074289321899414,,,F21_Composition1,50,PSOTVAC
True,17,59,433.758228525885,function_evaluations,500000,,500000,9999,500000,0,max_function_evaluations,0.00023422199956257828,227.50728007600082,1.89312744140625,2.049165725708008,,,F21_Composition1,50,PSOTVAC
True,18,60,466.9869340680475,function_evaluations,500000,,500000,9999,500000,0,max_function_evaluations,0.0002668369997991249,230.73564096600057,1.9376907348632812,2.093149185180664,,,F21_Composition1,50,PSOTVAC
True,19,61,410.21357209675125,function_evaluations,500000,,500000,9999,500000,0,max_function_evaluations,0.00026405400058138184,230.5298588629994,1.9686737060546875,2.1263904571533203,,,F21_Composition1,50,PSOTVAC
True,20,62,279.5801082424141,function_evaluations,500000,,500000,9999,500000,0,max_function_evaluations,0.00026276800053892657,234.2884985389992,1.952423095703125,2.107545852661133,,,F21_Composition1,50,PSOTVAC
True,21,63,350.78354864963694,function_evaluations,500000,,500000,9999,500000,0,max_function_evaluations,0.0002613340002426412,232.47487309500139,1.9390487670898438,2.0943546295166016,,,F21_Composition1,50,PSOTVAC
True,22,64,289.61841511601733,function_evaluations,500000,,500000,9999,500000,0,max_function_evaluations,0.00024038700030359905,104.38638300399907,1.9770431518554688,2.1334476470947266,,,F21_Composition1,50,PSOTVAC
True,23,65,366.25478969563756,function_evaluations,500000,,500000,9999,500000,0,max_function_evaluations,0.00023910200070531573,105.80017612200027,1.9760894775390625,2.1325855255126953,,,F21_Composition1,50,PSOTVAC
True,24,66,329.9245141493984,function_evaluations,500000,,500000,9999,500000,0,max_function_evaluations,0.0002705329989112215,101.81052386999909,1.9459915161132812,2.102426528930664,,,F21_Composition1,50,PSOTVAC
True,0,42,533.7493963684051,function_evaluations,500000,,500000,9999,500000,0,max_function_evaluations,0.00020951100123056676,236.27077386699966,1.580810546875,1.7397327423095703,,,F21_Composition1,50,APSOVI
True,1,43,407.46366927447707,function_evaluations,500000,,500000,9999,500000,0,max_function_evaluations,0.0002504269996279618,227.63695392500085,1.5780487060546875,1.734811782836914,,,F21_Composition1,50,APSOVI
True,2,44,865.0554201090345,function_evaluations,500000,,500000,9999,500000,0,max_function_evaluations,0.00024944600045273546,224.88585708900064,1.5887603759765625,1.745889663696289,,,F21_Composition1,50,APSOVI
True,3,45,873.3015303912143,function_evaluations,500000,,500000,9999,500000,0,max_function_evaluations,0.0003063590011151973,235.99162794400036,1.4688034057617188,1.6256275177001953,,,F21_Composition1,50,APSOVI
True,4,46,828.9551305059067,function_evaluations,500000,,500000,9999,500000,0,max_function_evaluations,0.00016754300122556742,236.4470721559992,1.4452972412109375,1.600961685180664,,,F21_Composition1,50,APSOVI
True,5,47,4187.095790992633,function_evaluations,500000,,500000,9999,500000,0,max_function_evaluations,0.0002978789998451248,234.89802069699908,1.4867782592773438,1.6431751251220703,,,F21_Composition1,50,APSOVI
True,6,48,690.122498656071,function_evaluations,500000,,500000,9999,500000,0,max_function_evaluations,0.00016785100160632282,228.8756558059995,1.4712982177734375,1.627756118774414,,,F21_Composition1,50,APSOVI
True,7,49,1045.7714185918903,function_evaluations,500000,,500000,9999,500000,0,max_function_evaluations,0.00022368300051311962,238.67332520400123,1.4635696411132812,1.6193866729736328,,,F21_Composition1,50,APSOVI
True,8,50,1121.470225505259,function_evaluations,500000,,500000,9999,500000,0,max_function_evaluations,0.0002134099995600991,238.16378207900016,1.4956512451171875,1.652505874633789,,,F21_Composition1,50,APSOVI
True,9,51,742.3303327776484,function_evaluations,500000,,500000,9999,500000,0,max_function_evaluations,0.00021129400010977406,237.11309782700118,1.6042404174804688,1.7595691680908203,,,F21_Composition1,50,APSOVI
True,10,52,829.4599726621227,function_evaluations,500000,,500000,9999,500000,0,max_function_evaluations,0.00025385299886693247,223.87853922699833,1.4290008544921875,1.584421157836914,,,F21_Composition1,50,APSOVI
True,11,53,446.76090757820157,function_evaluations,500000,,500000,9999,500000,0,max_function_evaluations,0.00024350100102310535,236.6962875170011,1.4827957153320312,1.6392536163330078,,,F21_Composition1,50,APSOVI
True,12,54,456.2475381115464,function_evaluations,500000,,500000,9999,500000,0,max_function_evaluations,0.0002471879997756332,231.03038307600036,1.5114212036132812,1.6682453155517578,,,F21_Composition1,50,APSOVI
True,13,55,1131.039842493638,function_evaluations,500000,,500000,9999,500000,0,max_function_evaluations,0.00024080499861156568,217.61686173599992,1.4323806762695312,1.5890216827392578,,,F21_Composition1,50,APSOVI
True,14,56,995.2899404170112,function_evaluations,500000,,500000,9999,500000,0,max_function_evaluations,0.0002432549990771804,234.09911726599967,1.4919662475585938,1.6477222442626953,,,F21_Composition1,50,APSOVI
True,15,57,845.0128263974775,function_evaluations,500000,,500000,9999,500000,0,max_function_evaluations,0.0002335030003450811,231.87747731499985,1.4361495971679688,1.5926380157470703,,,F21_Composition1,50,APSOVI
True,16,58,742.9666465476994,function_evaluations,500000,,500000,9999,500000,0,max_function_evaluations,0.0002374199993937509,234.7736964930009,1.5712966918945312,1.7272968292236328,,,F21_Composition1,50,APSOVI
True,17,59,549.2850254305149,function_evaluations,500000,,500000,9999,500000,0,max_function_evaluations,0.00024472099903505296,228.35604927299937,1.4746856689453125,1.630807876586914,,,F21_Composition1,50,APSOVI
True,18,60,554.8504679165139,function_evaluations,500000,,500000,9999,500000,0,max_function_evaluations,0.00026406400138512254,235.03826917300103,1.5847091674804688,1.7423877716064453,,,F21_Composition1,50,APSOVI
True,19,61,851.2035112538197,function_evaluations,500000,,500000,9999,500000,0,max_function_evaluations,0.0002674370007298421,238.68478180499915,1.44122314453125,1.5976505279541016,,,F21_Composition1,50,APSOVI
True,20,62,688.2441629644445,function_evaluations,500000,,500000,9999,500000,0,max_function_evaluations,0.00026274900119460654,232.1754554449999,1.5857086181640625,1.743539810180664,,,F21_Composition1,50,APSOVI
True,21,63,772.1576650134784,function_evaluations,500000,,500000,9999,500000,0,max_function_evaluations,0.00024090499937301502,233.08926915099983,1.5197830200195312,1.6780109405517578,,,F21_Composition1,50,APSOVI
True,22,64,985.9260174467254,function_evaluations,500000,,500000,9999,500000,0,max_function_evaluations,0.00023993700051505584,112.45921340999848,1.5760650634765625,1.735422134399414,,,F21_Composition1,50,APSOVI
True,23,65,568.4660864357402,function_evaluations,500000,,500000,9999,500000,0,max_function_evaluations,0.00028687200028798543,107.46651904499959,1.5989532470703125,1.7543888092041016,,,F21_Composition1,50,APSOVI
True,24,66,517.1825170600223,function_evaluations,500000,,500000,9999,500000,0,max_function_evaluations,0.00024869800108717754,106.47120194299896,1.4773025512695312,1.6345844268798828,,,F21_Composition1,50,APSOVI
True,0,42,191.33368333336784,function_evaluations,500000,,500000,9804,500000,0,max_function_evaluations,0.000167559001056361,250.1257078769995,3.0128793716430664,5.062386512756348,,,F21_Composition1,50,APSO
True,1,43,189.12190358914586,function_evaluations,500000,,500000,9803,500000,0,max_function_evaluations,0.0001525290008430602,245.46109237900055,2.8573989868164062,4.9059906005859375,,,F21_Composition1,50,APSO
True,2,44,191.02906933002942,function_evaluations,500000,,500000,9804,500000,0,max_function_evaluations,0.00022149299911689013,247.79578282799957,2.8943052291870117,4.9482526779174805,,,F21_Composition1,50,APSO
True,3,45,337.5432225982604,function_evaluations,500000,,500000,9868,500000,0,max_function_evaluations,0.00015862500004004687,245.773750250999,2.571989059448242,4.618307113647461,,,F21_Composition1,50,APSO
True,4,46,192.4810001060623,function_evaluations,500000,,500000,9803,500000,0,max_function_evaluations,0.0002658710000105202,244.9793017639986,3.387383460998535,5.429688453674316,,,F21_Composition1,50,APSO
True,5,47,192.1354412108094,function_evaluations,500000,,500000,9803,500000,0,max_function_evaluations,0.00025030100005096756,238.64369269999952,2.819016456604004,4.87069034576416,,,F21_Composition1,50,APSO
True,6,48,188.62752745277112,function_evaluations,500000,,500000,9803,500000,0,max_function_evaluations,0.0002780840004561469,241.61589801799892,3.0277795791625977,5.075089454650879,,,F21_Composition1,50,APSO
True,7,49,188.44933860262017,function_evaluations,500000,,500000,9804,500000,0,max_function_evaluations,0.00022214099953998812,239.34292044799986,3.089437484741211,5.14576530456543,,,F21_Composition1,50,APSO
True,8,50,191.32841049461103,function_evaluations,500000,,500000,9803,500000,0,max_function_evaluations,0.00022334499954013154,246.14275019200068,2.7636613845825195,4.814969062805176,,,F21_Composition1,50,APSO
True,9,51,190.97477154429453,function_evaluations,500000,,500000,9803,500000,0,max_function_evaluations,0.0002515889991627773,241.64888238800086,2.92606258392334,4.975340843200684,,,F21_Composition1,50,APSO
True,10,52,188.76884460626707,function_evaluations,500000,,500000,9803,500000,0,max_function_evaluations,0.00022188000002643093,234.64709374099948,3.4263219833374023,5.487845420837402,,,F21_Composition1,50,APSO
True,11,53,188.42536768702303,function_evaluations,500000,,500000,9803,500000,0,max_function_evaluations,0.00025161800112982746,242.60576800499985,2.7547664642333984,4.80769157409668,,,F21_Composition1,50,APSO
True,12,54,188.6108371763048,function_evaluations,500000,,500000,9803,500000,0,max_function_evaluations,0.00025010399986058474,242.988874957,3.3043336868286133,5.357968330383301,,,F21_Composition1,50,APSO
True,13,55,192.13485752798533,function_evaluations,500000,,500000,9803,500000,0,max_function_evaluations,0.0002741799999057548,251.28806149699994,2.6087560653686523,4.654631614685059,,,F21_Composition1,50,APSO
True,14,56,188.4172011717701,function_evaluations,500000,,500000,9804,500000,0,max_function_evaluations,0.00024685200150997844,240.3244218130003,3.1741714477539062,5.234477996826172,,,F21_Composition1,50,APSO
True,15,57,190.7722783035956,function_evaluations,500000,,500000,9804,500000,0,max_function_evaluations,0.000275049000265426,240.702623055,2.975714683532715,5.033827781677246,,,F21_Composition1,50,APSO
True,16,58,188.6797966186714,function_evaluations,500000,,500000,9803,500000,0,max_function_evaluations,0.00025008800002979115,244.31224703299995,2.9453210830688477,4.993027687072754,,,F21_Composition1,50,APSO
True,17,59,187.72567616159176,function_evaluations,500000,,500000,9803,500000,0,max_function_evaluations,0.00025314100093964953,244.86096524300046,2.977701187133789,5.035585403442383,,,F21_Composition1,50,APSO
True,18,60,187.95990855010996,function_evaluations,500000,,500000,9803,500000,0,max_function_evaluations,0.00027609300013864413,232.05345155800023,3.101912498474121,5.155951499938965,,,F21_Composition1,50,APSO
True,19,61,191.39517437064842,function_evaluations,500000,,500000,9803,500000,0,max_function_evaluations,0.00025493899920547847,242.03134558799866,3.2290220260620117,5.279078483581543,,,F21_Composition1,50,APSO
True,20,62,192.4751357447094,function_evaluations,500000,,500000,9804,500000,0,max_function_evaluations,0.0002562749996286584,238.605618091,2.939878463745117,4.987264633178711,,,F21_Composition1,50,APSO
True,21,63,191.84514758367823,function_evaluations,500000,,500000,9803,500000,0,max_function_evaluations,0.0002724410005612299,242.41059907699855,3.1170654296875,5.165184020996094,,,F21_Composition1,50,APSO
True,22,64,190.96994185291987,function_evaluations,500000,,500000,9803,500000,0,max_function_evaluations,0.00024835799922584556,111.32696792500064,2.856241226196289,4.904741287231445,,,F21_Composition1,50,APSO
True,23,65,187.65500670750453,function_evaluations,500000,,500000,9803,500000,0,max_function_evaluations,0.00025361199914186727,110.1207182900016,3.1982479095458984,5.253095626831055,,,F21_Composition1,50,APSO
True,24,66,190.77227276009216,function_evaluations,500000,,500000,9803,500000,0,max_function_evaluations,0.0002513190011086408,106.31936175800001,3.194918632507324,5.2491254806518555,,,F21_Composition1,50,APSO
True,0,42,894.0900347150518,function_evaluations,500000,,500000,9999,500000,0,max_function_evaluations,0.00026414499916427303,241.83177021200027,1.9709053039550781,2.126585006713867,,,F21_Composition1,50,UAPSO
True,1,43,1463.1991016882812,function_evaluations,500000,,500000,9999,500000,0,max_function_evaluations,0.00024543799918319564,236.24380901699988,1.9103775024414062,2.0675525665283203,,,F21_Composition1,50,UAPSO
True,2,44,648.3242865605725,function_evaluations,500000,,500000,9999,500000,0,max_function_evaluations,0.00025114799973380286,229.78042996800104,1.9745502471923828,2.132793426513672,,,F21_Composition1,50,UAPSO
True,3,45,3440.7632398896803,function_evaluations,500000,,500000,9999,500000,0,max_function_evaluations,0.00031578900052409153,238.8855704230009,1.9364948272705078,2.093029022216797,,,F21_Composition1,50,UAPSO
True,4,46,1132.0477105738037,function_evaluations,500000,,500000,9999,500000,0,max_function_evaluations,0.00039362300049106125,229.17962620300023,1.957345962524414,2.115406036376953,,,F21_Composition1,50,UAPSO
True,5,47,1044.8494047178333,function_evaluations,500000,,500000,9999,500000,0,max_function_evaluations,0.0004218930007482413,235.56574097300108,1.9808902740478516,2.1377296447753906,,,F21_Composition1,50,UAPSO
True,6,48,1453.929519371428,function_evaluations,500000,,500000,9999,500000,0,max_function_evaluations,0.0004245950003678445,228.92635029899975,1.9311351776123047,2.0889511108398438,,,F21_Composition1,50,UAPSO
True,7,49,654.4343009260151,function_evaluations,500000,,500000,9999,500000,0,max_function_evaluations,0.00033044600058929063,234.74828449199958,1.928553581237793,2.084355354309082,,,F21_Composition1,50,UAPSO
True,8,50,1914.014899865133,function_evaluations,500000,,500000,9999,500000,0,max_function_evaluations,0.00030936899929656647,234.72047216200008,2.052302360534668,2.207982063293457,,,F21_Composition1,50,UAPSO
True,9,51,4668.95861741857,function_evaluations,500000,,500000,9999,500000,0,max_function_evaluations,0.0003167060003761435,228.5893831760004,1.9505653381347656,2.1070995330810547,,,F21_Composition1,50,UAPSO
True,10,52,592.1894318991185,function_evaluations,500000,,500000,9999,500000,0,max_function_evaluations,0.0003688810011226451,231.40374156600046,1.9508028030395508,2.1072635650634766,,,F21_Composition1,50,UAPSO
True,11,53,851.9802475239803,function_evaluations,500000,,500000,9999,500000,0,max_function_evaluations,0.00029241000083857216,239.31193179599904,1.954599380493164,2.110309600830078,,,F21_Composition1,50,UAPSO
True,12,54,1514.2574489128,function_evaluations,500000,,500000,9999,500000,0,max_function_evaluations,0.00043183200068597216,238.07226095199985,2.1217832565307617,2.282773017883301,,,F21_Composition1,50,UAPSO
True,13,55,5794.587446179426,function_evaluations,500000,,500000,9999,500000,0,max_function_evaluations,0.0004460099989955779,234.28294364800058,1.912710189819336,2.069580078125,,,F21_Composition1,50,UAPSO
True,14,56,2472.567942363218,function_evaluations,500000,,500000,9999,500000,0,max_function_evaluations,0.00043595500028459355,227.23948321300122,1.9344921112060547,2.0914840698242188,,,F21_Composition1,50,UAPSO
True,15,57,758.7098530921339,function_evaluations,500000,,500000,9999,500000,0,max_function_evaluations,0.00040237199937109835,235.42144438300056,1.9920759201049805,2.1507158279418945,,,F21_Composition1,50,UAPSO
True,16,58,710.066619854214,function_evaluations,500000,,500000,9999,500000,0,max_function_evaluations,0.0002889770003093872,225.9381728870012,1.9375724792480469,2.093954086303711,,,F21_Composition1,50,UAPSO
True,17,59,3082.6604634785117,function_evaluations,500000,,500000,9999,500000,0,max_function_evaluations,0.00037636200067936443,231.16332499999953,1.9634218215942383,2.1203222274780273,,,F21_Composition1,50,UAPSO
True,18,60,3471.316879626889,function_evaluations,500000,,500000,9999,500000,0,max_function_evaluations,0.00026792199969349895,232.40487004200077,2.019754409790039,2.177112579345703,,,F21_Composition1,50,UAPSO
True,19,61,1338.3130260396501,function_evaluations,500000,,500000,9999,500000,0,max_function_evaluations,0.0003870489999826532,236.82672993699998,1.961125373840332,2.118697166442871,,,F21_Composition1,50,UAPSO
True,20,62,2044.2098824378227,function_evaluations,500000,,500000,9999,500000,0,max_function_evaluations,0.0004347060003055958,231.42474543799835,2.0127716064453125,2.1718082427978516,,,F21_Composition1,50,UAPSO
True,21,63,6652.796153153733,function_evaluations,500000,,500000,9999,500000,0,max_function_evaluations,0.00038561600013053976,227.04485896299957,2.442183494567871,2.668206214904785,,,F21_Composition1,50,UAPSO
True,22,64,2854.8085693551675,function_evaluations,500000,,500000,9999,500000,0,max_function_evaluations,0.00039073799962352496,107.61670768899967,2.01302433013916,2.171908378601074,,,F21_Composition1,50,UAPSO
True,23,65,1391.3421541688804,function_evaluations,500000,,500000,9999,500000,0,max_function_evaluations,0.00044887800140713807,104.06687908300046,1.9618988037109375,2.1192569732666016,,,F21_Composition1,50,UAPSO
True,24,66,2483.4852904250656,function_evaluations,500000,,500000,9999,500000,0,max_function_evaluations,0.000408313999287202,103.04747413299992,1.9532737731933594,2.1091976165771484,,,F21_Composition1,50,UAPSO
